gene_id	transcript_id	window_start	window_end	window_rank	region_type	is_CDS	is_5UTR	is_3UTR	is_ncRNA	is_unknown
LOC_Os01g01010	LOC_Os01g01010.1	1101	1300	1	CDS	1.0	0.0	0.0	0.0	0.0
LOC_Os01g01010	LOC_Os01g01010.2	1001	1200	2	CDS	1.0	0.0	0.0	0.0	0.0
LOC_Os01g01010	LOC_Os01g01010.2	1151	1350	3	CDS	1.0	0.0	0.0	0.0	0.0
LOC_Os01g01019	LOC_Os01g01019.1	928	1127	1	CDS	1.0	0.0	0.0	0.0	0.0
LOC_Os01g01019	LOC_Os01g01019.1	101	300	2	unknown	0.0	0.0	0.0	0.0	1.0
LOC_Os01g01019	LOC_Os01g01019.1	151	350	3	unknown	0.0	0.0	0.0	0.0	1.0
LOC_Os01g01030	LOC_Os01g01030.1	2151	2350	1	unknown	0.0	0.0	0.0	0.0	1.0
LOC_Os01g01030	LOC_Os01g01030.1	2201	2400	2	unknown	0.0	0.0	0.0	0.0	1.0
LOC_Os01g01030	LOC_Os01g01030.1	2251	2450	3	unknown	0.0	0.0	0.0	0.0	1.0
LOC_Os01g01040	LOC_Os01g01040.1	1251	1450	1	CDS	1.0	0.0	0.0	0.0	0.0
LOC_Os01g01040	LOC_Os01g01040.4	1251	1450	2	CDS	1.0	0.0	0.0	0.0	0.0
LOC_Os01g01040	LOC_Os01g01040.2	1251	1450	3	CDS	1.0	0.0	0.0	0.0	0.0
LOC_Os01g01050	LOC_Os01g01050.2	1701	1900	1	unknown	0.0	0.0	0.0	0.0	1.0
LOC_Os01g01050	LOC_Os01g01050.1	1651	1850	2	unknown	0.0	0.0	0.0	0.0	1.0
LOC_Os01g01050	LOC_Os01g01050.2	1651	1850	3	unknown	0.0	0.0	0.0	0.0	1.0
LOC_Os01g01060	LOC_Os01g01060.1	701	900	1	unknown	0.0	0.0	0.0	0.0	1.0
LOC_Os01g01060	LOC_Os01g01060.1	721	920	2	unknown	0.0	0.0	0.0	0.0	1.0
LOC_Os01g01060	LOC_Os01g01060.1	651	850	3	CDS	1.0	0.0	0.0	0.0	0.0
LOC_Os01g01070	LOC_Os01g01070.1	1251	1450	1	unknown	0.0	0.0	0.0	0.0	1.0
LOC_Os01g01070	LOC_Os01g01070.1	1201	1400	2	unknown	0.0	0.0	0.0	0.0	1.0
LOC_Os01g01070	LOC_Os01g01070.1	1301	1500	3	unknown	0.0	0.0	0.0	0.0	1.0
LOC_Os01g01080	LOC_Os01g01080.1	1756	1955	1	CDS	1.0	0.0	0.0	0.0	0.0
LOC_Os01g01080	LOC_Os01g01080.2	1777	1976	2	CDS	1.0	0.0	0.0	0.0	0.0
LOC_Os01g01080	LOC_Os01g01080.3	1843	2042	3	CDS	1.0	0.0	0.0	0.0	0.0
LOC_Os01g01090	LOC_Os01g01090.1	201	400	1	CDS	1.0	0.0	0.0	0.0	0.0
LOC_Os01g01090	LOC_Os01g01090.1	151	350	2	CDS	1.0	0.0	0.0	0.0	0.0
LOC_Os01g01090	LOC_Os01g01090.1	301	500	3	CDS	1.0	0.0	0.0	0.0	0.0
LOC_Os01g01100	LOC_Os01g01100.1	2851	3050	1	CDS	1.0	0.0	0.0	0.0	0.0
LOC_Os01g01100	LOC_Os01g01100.1	3251	3450	2	CDS	1.0	0.0	0.0	0.0	0.0
LOC_Os01g01100	LOC_Os01g01100.1	3301	3500	3	CDS	1.0	0.0	0.0	0.0	0.0
LOC_Os01g01110	LOC_Os01g01110.1	651	850	1	CDS	1.0	0.0	0.0	0.0	0.0
LOC_Os01g01110	LOC_Os01g01110.1	51	250	2	CDS	1.0	0.0	0.0	0.0	0.0
LOC_Os01g01110	LOC_Os01g01110.1	692	891	3	CDS	1.0	0.0	0.0	0.0	0.0
LOC_Os01g01115	LOC_Os01g01115.1	1651	1850	1	CDS	1.0	0.0	0.0	0.0	0.0
LOC_Os01g01115	LOC_Os01g01115.1	1601	1800	2	CDS	1.0	0.0	0.0	0.0	0.0
LOC_Os01g01115	LOC_Os01g01115.1	1701	1900	3	CDS	1.0	0.0	0.0	0.0	0.0
LOC_Os01g01120	LOC_Os01g01120.1	1007	1206	1	unknown	0.0	0.0	0.0	0.0	1.0
LOC_Os01g01120	LOC_Os01g01120.1	1001	1200	2	unknown	0.0	0.0	0.0	0.0	1.0
LOC_Os01g01120	LOC_Os01g01120.1	951	1150	3	CDS	1.0	0.0	0.0	0.0	0.0
LOC_Os01g01130	LOC_Os01g01130.1	951	1150	1	CDS	1.0	0.0	0.0	0.0	0.0
LOC_Os01g01130	LOC_Os01g01130.1	1601	1800	2	unknown	0.0	0.0	0.0	0.0	1.0
LOC_Os01g01130	LOC_Os01g01130.1	801	1000	3	CDS	1.0	0.0	0.0	0.0	0.0
LOC_Os01g01140	LOC_Os01g01140.1	1	200	1	CDS	1.0	0.0	0.0	0.0	0.0
LOC_Os01g01140	LOC_Os01g01140.1	151	350	2	CDS	1.0	0.0	0.0	0.0	0.0
LOC_Os01g01140	LOC_Os01g01140.1	51	250	3	CDS	1.0	0.0	0.0	0.0	0.0
LOC_Os01g01150	LOC_Os01g01150.2	3651	3850	1	unknown	0.0	0.0	0.0	0.0	1.0
LOC_Os01g01150	LOC_Os01g01150.3	3651	3850	2	unknown	0.0	0.0	0.0	0.0	1.0
LOC_Os01g01150	LOC_Os01g01150.2	3301	3500	3	unknown	0.0	0.0	0.0	0.0	1.0
LOC_Os01g01160	LOC_Os01g01160.1	891	1090	1	unknown	0.0	0.0	0.0	0.0	1.0
LOC_Os01g01160	LOC_Os01g01160.1	651	850	2	CDS	1.0	0.0	0.0	0.0	0.0
LOC_Os01g01160	LOC_Os01g01160.1	701	900	3	unknown	0.0	0.0	0.0	0.0	1.0
LOC_Os01g01170	LOC_Os01g01170.1	2135	2334	1	unknown	0.0	0.0	0.0	0.0	1.0
LOC_Os01g01170	LOC_Os01g01170.1	1251	1450	2	CDS	1.0	0.0	0.0	0.0	0.0
LOC_Os01g01170	LOC_Os01g01170.1	1301	1500	3	CDS	1.0	0.0	0.0	0.0	0.0
LOC_Os01g01180	LOC_Os01g01180.1	1	200	1	CDS	1.0	0.0	0.0	0.0	0.0
LOC_Os01g01180	LOC_Os01g01180.1	20	219	2	CDS	1.0	0.0	0.0	0.0	0.0
LOC_Os01g01190	LOC_Os01g01190.1	1651	1850	1	CDS	1.0	0.0	0.0	0.0	0.0
LOC_Os01g01190	LOC_Os01g01190.1	1670	1869	2	CDS	1.0	0.0	0.0	0.0	0.0
LOC_Os01g01190	LOC_Os01g01190.1	1601	1800	3	CDS	1.0	0.0	0.0	0.0	0.0
LOC_Os01g01200	LOC_Os01g01200.1	151	350	1	CDS	1.0	0.0	0.0	0.0	0.0
LOC_Os01g01200	LOC_Os01g01200.1	101	300	2	CDS	1.0	0.0	0.0	0.0	0.0
LOC_Os01g01200	LOC_Os01g01200.1	51	250	3	CDS	1.0	0.0	0.0	0.0	0.0
LOC_Os01g01210	LOC_Os01g01210.1	101	300	1	CDS	1.0	0.0	0.0	0.0	0.0
LOC_Os01g01210	LOC_Os01g01210.1	51	250	2	CDS	1.0	0.0	0.0	0.0	0.0
LOC_Os01g01210	LOC_Os01g01210.1	440	639	3	CDS	1.0	0.0	0.0	0.0	0.0
LOC_Os01g01230	LOC_Os01g01230.1	1	200	1	CDS	1.0	0.0	0.0	0.0	0.0
LOC_Os01g01230	LOC_Os01g01230.1	201	400	2	CDS	1.0	0.0	0.0	0.0	0.0
LOC_Os01g01230	LOC_Os01g01230.1	51	250	3	CDS	1.0	0.0	0.0	0.0	0.0
LOC_Os01g01240	LOC_Os01g01240.1	1351	1550	1	CDS	1.0	0.0	0.0	0.0	0.0
LOC_Os01g01240	LOC_Os01g01240.1	1401	1600	2	CDS	1.0	0.0	0.0	0.0	0.0
LOC_Os01g01240	LOC_Os01g01240.1	1451	1650	3	CDS	1.0	0.0	0.0	0.0	0.0
LOC_Os01g01250	LOC_Os01g01250.1	951	1150	1	CDS	1.0	0.0	0.0	0.0	0.0
LOC_Os01g01250	LOC_Os01g01250.1	901	1100	2	CDS	1.0	0.0	0.0	0.0	0.0
LOC_Os01g01250	LOC_Os01g01250.1	851	1050	3	CDS	1.0	0.0	0.0	0.0	0.0
LOC_Os01g01260	LOC_Os01g01260.1	2751	2950	1	CDS	1.0	0.0	0.0	0.0	0.0
LOC_Os01g01260	LOC_Os01g01260.1	2801	3000	2	CDS	1.0	0.0	0.0	0.0	0.0
LOC_Os01g01260	LOC_Os01g01260.1	4051	4250	3	CDS	1.0	0.0	0.0	0.0	0.0
LOC_Os01g01270	LOC_Os01g01270.1	451	650	1	CDS	1.0	0.0	0.0	0.0	0.0
LOC_Os01g01270	LOC_Os01g01270.1	501	700	2	CDS	1.0	0.0	0.0	0.0	0.0
LOC_Os01g01270	LOC_Os01g01270.1	551	750	3	CDS	1.0	0.0	0.0	0.0	0.0
LOC_Os01g01280	LOC_Os01g01280.1	1027	1226	1	unknown	0.0	0.0	0.0	0.0	1.0
LOC_Os01g01280	LOC_Os01g01280.1	951	1150	2	unknown	0.0	0.0	0.0	0.0	1.0
LOC_Os01g01280	LOC_Os01g01280.1	851	1050	3	unknown	0.0	0.0	0.0	0.0	1.0
LOC_Os01g01290	LOC_Os01g01290.1	1351	1550	1	CDS	1.0	0.0	0.0	0.0	0.0
LOC_Os01g01290	LOC_Os01g01290.1	1357	1556	2	CDS	1.0	0.0	0.0	0.0	0.0
LOC_Os01g01290	LOC_Os01g01290.1	301	500	3	CDS	1.0	0.0	0.0	0.0	0.0
LOC_Os01g01295	LOC_Os01g01295.1	1301	1500	1	unknown	0.0	0.0	0.0	0.0	1.0
LOC_Os01g01295	LOC_Os01g01295.1	1594	1793	2	unknown	0.0	0.0	0.0	0.0	1.0
LOC_Os01g01295	LOC_Os01g01295.1	1451	1650	3	unknown	0.0	0.0	0.0	0.0	1.0
LOC_Os01g01302	LOC_Os01g01302.1	956	1155	1	unknown	0.0	0.0	0.0	0.0	1.0
LOC_Os01g01302	LOC_Os01g01302.1	951	1150	2	unknown	0.0	0.0	0.0	0.0	1.0
LOC_Os01g01302	LOC_Os01g01302.1	901	1100	3	unknown	0.0	0.0	0.0	0.0	1.0
LOC_Os01g01307	LOC_Os01g01307.1	780	979	1	unknown	0.0	0.0	0.0	0.0	1.0
LOC_Os01g01307	LOC_Os01g01307.2	636	835	2	unknown	0.0	0.0	0.0	0.0	1.0
LOC_Os01g01307	LOC_Os01g01307.1	651	850	3	CDS	1.0	0.0	0.0	0.0	0.0
LOC_Os01g01312	LOC_Os01g01312.1	3966	4165	1	unknown	0.0	0.0	0.0	0.0	1.0
LOC_Os01g01312	LOC_Os01g01312.1	3951	4150	2	unknown	0.0	0.0	0.0	0.0	1.0
LOC_Os01g01312	LOC_Os01g01312.1	2201	2400	3	CDS	1.0	0.0	0.0	0.0	0.0
LOC_Os01g01320	LOC_Os01g01320.1	1	200	1	CDS	1.0	0.0	0.0	0.0	0.0
LOC_Os01g01320	LOC_Os01g01320.1	601	800	2	CDS	1.0	0.0	0.0	0.0	0.0
LOC_Os01g01320	LOC_Os01g01320.1	51	250	3	CDS	1.0	0.0	0.0	0.0	0.0
LOC_Os01g01330	LOC_Os01g01330.1	851	1050	1	CDS	1.0	0.0	0.0	0.0	0.0
LOC_Os01g01330	LOC_Os01g01330.1	1024	1223	2	CDS	1.0	0.0	0.0	0.0	0.0
LOC_Os01g01330	LOC_Os01g01330.1	251	450	3	unknown	0.0	0.0	0.0	0.0	1.0
LOC_Os01g01340	LOC_Os01g01340.2	651	850	1	unknown	0.0	0.0	0.0	0.0	1.0
LOC_Os01g01340	LOC_Os01g01340.1	551	750	2	unknown	0.0	0.0	0.0	0.0	1.0
LOC_Os01g01340	LOC_Os01g01340.1	601	800	3	unknown	0.0	0.0	0.0	0.0	1.0
LOC_Os01g01350	LOC_Os01g01350.2	1	200	1	unknown	0.0	0.0	0.0	0.0	1.0
LOC_Os01g01350	LOC_Os01g01350.2	51	250	2	unknown	0.0	0.0	0.0	0.0	1.0
LOC_Os01g01350	LOC_Os01g01350.2	1301	1500	3	unknown	0.0	0.0	0.0	0.0	1.0
LOC_Os01g01360	LOC_Os01g01360.1	51	250	1	unknown	0.0	0.0	0.0	0.0	1.0
LOC_Os01g01360	LOC_Os01g01360.1	1	200	2	unknown	0.0	0.0	0.0	0.0	1.0
LOC_Os01g01360	LOC_Os01g01360.1	2101	2300	3	CDS	1.0	0.0	0.0	0.0	0.0
LOC_Os01g01369	LOC_Os01g01369.1	1301	1500	1	unknown	0.0	0.0	0.0	0.0	1.0
LOC_Os01g01369	LOC_Os01g01369.1	401	600	2	unknown	0.0	0.0	0.0	0.0	1.0
LOC_Os01g01369	LOC_Os01g01369.1	1251	1450	3	CDS	1.0	0.0	0.0	0.0	0.0
LOC_Os01g01380	LOC_Os01g01380.1	2551	2750	1	CDS	1.0	0.0	0.0	0.0	0.0
LOC_Os01g01380	LOC_Os01g01380.1	2501	2700	2	CDS	1.0	0.0	0.0	0.0	0.0
LOC_Os01g01380	LOC_Os01g01380.1	2601	2800	3	CDS	1.0	0.0	0.0	0.0	0.0
LOC_Os01g01390	LOC_Os01g01390.4	1201	1400	1	CDS	1.0	0.0	0.0	0.0	0.0
LOC_Os01g01390	LOC_Os01g01390.3	1151	1350	2	CDS	1.0	0.0	0.0	0.0	0.0
LOC_Os01g01390	LOC_Os01g01390.2	1151	1350	3	CDS	1.0	0.0	0.0	0.0	0.0
LOC_Os01g01400	LOC_Os01g01400.1	2051	2250	1	unknown	0.0	0.0	0.0	0.0	1.0
LOC_Os01g01400	LOC_Os01g01400.1	2251	2450	2	unknown	0.0	0.0	0.0	0.0	1.0
LOC_Os01g01400	LOC_Os01g01400.1	2101	2300	3	unknown	0.0	0.0	0.0	0.0	1.0
LOC_Os01g01410	LOC_Os01g01410.2	1901	2100	1	unknown	0.0	0.0	0.0	0.0	1.0
LOC_Os01g01410	LOC_Os01g01410.1	1901	2100	2	unknown	0.0	0.0	0.0	0.0	1.0
LOC_Os01g01410	LOC_Os01g01410.1	1851	2050	3	unknown	0.0	0.0	0.0	0.0	1.0
LOC_Os01g01420	LOC_Os01g01420.2	101	300	1	unknown	0.0	0.0	0.0	0.0	1.0
LOC_Os01g01420	LOC_Os01g01420.2	51	250	2	unknown	0.0	0.0	0.0	0.0	1.0
LOC_Os01g01420	LOC_Os01g01420.2	1	200	3	unknown	0.0	0.0	0.0	0.0	1.0
LOC_Os01g01430	LOC_Os01g01430.1	1226	1425	1	unknown	0.0	0.0	0.0	0.0	1.0
LOC_Os01g01430	LOC_Os01g01430.1	1201	1400	2	unknown	0.0	0.0	0.0	0.0	1.0
LOC_Os01g01430	LOC_Os01g01430.1	1101	1300	3	CDS	1.0	0.0	0.0	0.0	0.0
LOC_Os01g01440	LOC_Os01g01440.1	182	381	1	CDS	1.0	0.0	0.0	0.0	0.0
LOC_Os01g01440	LOC_Os01g01440.1	151	350	2	CDS	1.0	0.0	0.0	0.0	0.0
LOC_Os01g01440	LOC_Os01g01440.1	101	300	3	CDS	1.0	0.0	0.0	0.0	0.0
LOC_Os01g01450	LOC_Os01g01450.1	1101	1300	1	CDS	1.0	0.0	0.0	0.0	0.0
LOC_Os01g01450	LOC_Os01g01450.1	1051	1250	2	CDS	1.0	0.0	0.0	0.0	0.0
LOC_Os01g01450	LOC_Os01g01450.1	101	300	3	CDS	1.0	0.0	0.0	0.0	0.0
LOC_Os01g01460	LOC_Os01g01460.1	1	200	1	CDS	1.0	0.0	0.0	0.0	0.0
LOC_Os01g01460	LOC_Os01g01460.1	113	312	2	CDS	1.0	0.0	0.0	0.0	0.0
LOC_Os01g01460	LOC_Os01g01460.1	51	250	3	CDS	1.0	0.0	0.0	0.0	0.0
LOC_Os01g01470	LOC_Os01g01470.1	1359	1558	1	unknown	0.0	0.0	0.0	0.0	1.0
LOC_Os01g01470	LOC_Os01g01470.1	1351	1550	2	unknown	0.0	0.0	0.0	0.0	1.0
LOC_Os01g01470	LOC_Os01g01470.1	1251	1450	3	unknown	0.0	0.0	0.0	0.0	1.0
LOC_Os01g01484	LOC_Os01g01484.4	101	300	1	unknown	0.0	0.0	0.0	0.0	1.0
LOC_Os01g01484	LOC_Os01g01484.4	51	250	2	unknown	0.0	0.0	0.0	0.0	1.0
LOC_Os01g01484	LOC_Os01g01484.4	351	550	3	CDS	1.0	0.0	0.0	0.0	0.0
LOC_Os01g01500	LOC_Os01g01500.1	1	200	1	CDS	1.0	0.0	0.0	0.0	0.0
LOC_Os01g01500	LOC_Os01g01500.1	51	250	2	CDS	1.0	0.0	0.0	0.0	0.0
LOC_Os01g01500	LOC_Os01g01500.1	104	303	3	CDS	1.0	0.0	0.0	0.0	0.0
LOC_Os01g01510	LOC_Os01g01510.2	951	1150	1	CDS	1.0	0.0	0.0	0.0	0.0
LOC_Os01g01510	LOC_Os01g01510.2	901	1100	2	CDS	1.0	0.0	0.0	0.0	0.0
LOC_Os01g01510	LOC_Os01g01510.1	1001	1200	3	CDS	1.0	0.0	0.0	0.0	0.0
LOC_Os01g01520	LOC_Os01g01520.1	1546	1745	1	unknown	0.0	0.0	0.0	0.0	1.0
LOC_Os01g01520	LOC_Os01g01520.1	1501	1700	2	CDS	1.0	0.0	0.0	0.0	0.0
LOC_Os01g01520	LOC_Os01g01520.1	851	1050	3	CDS	1.0	0.0	0.0	0.0	0.0
LOC_Os01g01530	LOC_Os01g01530.1	501	700	1	CDS	1.0	0.0	0.0	0.0	0.0
LOC_Os01g01530	LOC_Os01g01530.1	1101	1300	2	CDS	1.0	0.0	0.0	0.0	0.0
LOC_Os01g01530	LOC_Os01g01530.1	601	800	3	CDS	1.0	0.0	0.0	0.0	0.0
LOC_Os01g01540	LOC_Os01g01540.1	1	200	1	CDS	1.0	0.0	0.0	0.0	0.0
LOC_Os01g01540	LOC_Os01g01540.1	51	250	2	CDS	1.0	0.0	0.0	0.0	0.0
LOC_Os01g01540	LOC_Os01g01540.1	301	500	3	CDS	1.0	0.0	0.0	0.0	0.0
LOC_Os01g01550	LOC_Os01g01550.1	501	700	1	CDS	1.0	0.0	0.0	0.0	0.0
LOC_Os01g01550	LOC_Os01g01550.1	251	450	2	CDS	1.0	0.0	0.0	0.0	0.0
LOC_Os01g01550	LOC_Os01g01550.1	801	1000	3	CDS	1.0	0.0	0.0	0.0	0.0
LOC_Os01g01560	LOC_Os01g01560.1	1501	1700	1	CDS	1.0	0.0	0.0	0.0	0.0
LOC_Os01g01560	LOC_Os01g01560.1	1551	1750	2	CDS	1.0	0.0	0.0	0.0	0.0
LOC_Os01g01560	LOC_Os01g01560.1	851	1050	3	CDS	1.0	0.0	0.0	0.0	0.0
LOC_Os01g01570	LOC_Os01g01570.1	1351	1550	1	unknown	0.0	0.0	0.0	0.0	1.0
LOC_Os01g01570	LOC_Os01g01570.1	1051	1250	2	CDS	1.0	0.0	0.0	0.0	0.0
LOC_Os01g01570	LOC_Os01g01570.1	1251	1450	3	CDS	1.0	0.0	0.0	0.0	0.0
LOC_Os01g01580	LOC_Os01g01580.1	101	300	1	CDS	1.0	0.0	0.0	0.0	0.0
LOC_Os01g01580	LOC_Os01g01580.1	151	350	2	CDS	1.0	0.0	0.0	0.0	0.0
LOC_Os01g01580	LOC_Os01g01580.1	251	450	3	CDS	1.0	0.0	0.0	0.0	0.0
LOC_Os01g01590	LOC_Os01g01590.1	51	250	1	CDS	1.0	0.0	0.0	0.0	0.0
LOC_Os01g01590	LOC_Os01g01590.1	140	339	2	CDS	1.0	0.0	0.0	0.0	0.0
LOC_Os01g01590	LOC_Os01g01590.1	101	300	3	CDS	1.0	0.0	0.0	0.0	0.0
LOC_Os01g01600	LOC_Os01g01600.1	101	300	1	CDS	1.0	0.0	0.0	0.0	0.0
LOC_Os01g01600	LOC_Os01g01600.1	151	350	2	CDS	1.0	0.0	0.0	0.0	0.0
LOC_Os01g01600	LOC_Os01g01600.1	1501	1700	3	unknown	0.0	0.0	0.0	0.0	1.0
LOC_Os01g01610	LOC_Os01g01610.1	551	750	1	CDS	1.0	0.0	0.0	0.0	0.0
LOC_Os01g01610	LOC_Os01g01610.1	638	837	2	unknown	0.0	0.0	0.0	0.0	1.0
LOC_Os01g01610	LOC_Os01g01610.1	601	800	3	unknown	0.0	0.0	0.0	0.0	1.0
LOC_Os01g01620	LOC_Os01g01620.1	1301	1500	1	unknown	0.0	0.0	0.0	0.0	1.0
LOC_Os01g01620	LOC_Os01g01620.1	1351	1550	2	unknown	0.0	0.0	0.0	0.0	1.0
LOC_Os01g01620	LOC_Os01g01620.1	1251	1450	3	unknown	0.0	0.0	0.0	0.0	1.0
LOC_Os01g01640	LOC_Os01g01640.1	801	1000	1	unknown	0.0	0.0	0.0	0.0	1.0
LOC_Os01g01640	LOC_Os01g01640.1	827	1026	2	unknown	0.0	0.0	0.0	0.0	1.0
LOC_Os01g01640	LOC_Os01g01640.1	751	950	3	CDS	1.0	0.0	0.0	0.0	0.0
LOC_Os01g01650	LOC_Os01g01650.1	1001	1200	1	CDS	1.0	0.0	0.0	0.0	0.0
LOC_Os01g01650	LOC_Os01g01650.1	951	1150	2	CDS	1.0	0.0	0.0	0.0	0.0
LOC_Os01g01650	LOC_Os01g01650.1	1114	1313	3	unknown	0.0	0.0	0.0	0.0	1.0
LOC_Os01g01660	LOC_Os01g01660.1	1001	1200	1	unknown	0.0	0.0	0.0	0.0	1.0
LOC_Os01g01660	LOC_Os01g01660.1	1008	1207	2	unknown	0.0	0.0	0.0	0.0	1.0
LOC_Os01g01660	LOC_Os01g01660.1	951	1150	3	CDS	1.0	0.0	0.0	0.0	0.0
LOC_Os01g01670	LOC_Os01g01670.1	701	900	1	CDS	1.0	0.0	0.0	0.0	0.0
LOC_Os01g01670	LOC_Os01g01670.1	751	950	2	unknown	0.0	0.0	0.0	0.0	1.0
LOC_Os01g01670	LOC_Os01g01670.2	701	900	3	CDS	1.0	0.0	0.0	0.0	0.0
LOC_Os01g01680	LOC_Os01g01680.1	101	300	1	CDS	1.0	0.0	0.0	0.0	0.0
LOC_Os01g01680	LOC_Os01g01680.1	651	850	2	CDS	1.0	0.0	0.0	0.0	0.0
LOC_Os01g01680	LOC_Os01g01680.1	601	800	3	CDS	1.0	0.0	0.0	0.0	0.0
LOC_Os01g01689	LOC_Os01g01689.1	4401	4600	1	CDS	1.0	0.0	0.0	0.0	0.0
LOC_Os01g01689	LOC_Os01g01689.3	4401	4600	2	CDS	1.0	0.0	0.0	0.0	0.0
LOC_Os01g01689	LOC_Os01g01689.1	4451	4650	3	CDS	1.0	0.0	0.0	0.0	0.0
LOC_Os01g01700	LOC_Os01g01700.1	580	779	1	unknown	0.0	0.0	0.0	0.0	1.0
LOC_Os01g01700	LOC_Os01g01700.1	551	750	2	unknown	0.0	0.0	0.0	0.0	1.0
LOC_Os01g01700	LOC_Os01g01700.1	501	700	3	unknown	0.0	0.0	0.0	0.0	1.0
LOC_Os01g01710	LOC_Os01g01710.2	1301	1500	1	unknown	0.0	0.0	0.0	0.0	1.0
LOC_Os01g01710	LOC_Os01g01710.2	1201	1400	2	CDS	1.0	0.0	0.0	0.0	0.0
LOC_Os01g01710	LOC_Os01g01710.2	1251	1450	3	CDS	1.0	0.0	0.0	0.0	0.0
LOC_Os01g01720	LOC_Os01g01720.2	1501	1700	1	CDS	1.0	0.0	0.0	0.0	0.0
LOC_Os01g01720	LOC_Os01g01720.2	1601	1800	2	unknown	0.0	0.0	0.0	0.0	1.0
LOC_Os01g01720	LOC_Os01g01720.2	1551	1750	3	unknown	0.0	0.0	0.0	0.0	1.0
LOC_Os01g01730	LOC_Os01g01730.1	151	350	1	CDS	1.0	0.0	0.0	0.0	0.0
LOC_Os01g01730	LOC_Os01g01730.1	1	200	2	CDS	1.0	0.0	0.0	0.0	0.0
LOC_Os01g01730	LOC_Os01g01730.1	101	300	3	CDS	1.0	0.0	0.0	0.0	0.0
LOC_Os01g01740	LOC_Os01g01740.1	1801	2000	1	unknown	0.0	0.0	0.0	0.0	1.0
LOC_Os01g01740	LOC_Os01g01740.1	251	450	2	unknown	0.0	0.0	0.0	0.0	1.0
LOC_Os01g01740	LOC_Os01g01740.1	1851	2050	3	unknown	0.0	0.0	0.0	0.0	1.0
LOC_Os01g01760	LOC_Os01g01760.1	101	300	1	CDS	1.0	0.0	0.0	0.0	0.0
LOC_Os01g01760	LOC_Os01g01760.1	512	711	2	CDS	1.0	0.0	0.0	0.0	0.0
LOC_Os01g01760	LOC_Os01g01760.1	501	700	3	CDS	1.0	0.0	0.0	0.0	0.0
LOC_Os01g01770	LOC_Os01g01770.1	806	1005	1	CDS	1.0	0.0	0.0	0.0	0.0
LOC_Os01g01770	LOC_Os01g01770.1	101	300	2	CDS	1.0	0.0	0.0	0.0	0.0
LOC_Os01g01770	LOC_Os01g01770.1	801	1000	3	CDS	1.0	0.0	0.0	0.0	0.0
LOC_Os01g01780	LOC_Os01g01780.1	851	1050	1	CDS	1.0	0.0	0.0	0.0	0.0
LOC_Os01g01780	LOC_Os01g01780.1	1001	1200	2	CDS	1.0	0.0	0.0	0.0	0.0
LOC_Os01g01780	LOC_Os01g01780.1	951	1150	3	CDS	1.0	0.0	0.0	0.0	0.0
LOC_Os01g01790	LOC_Os01g01790.2	1851	2050	1	CDS	1.0	0.0	0.0	0.0	0.0
LOC_Os01g01790	LOC_Os01g01790.2	1862	2061	2	CDS	1.0	0.0	0.0	0.0	0.0
LOC_Os01g01790	LOC_Os01g01790.2	1801	2000	3	CDS	1.0	0.0	0.0	0.0	0.0
LOC_Os01g01800	LOC_Os01g01800.1	2451	2650	1	unknown	0.0	0.0	0.0	0.0	1.0
LOC_Os01g01800	LOC_Os01g01800.2	2501	2700	2	unknown	0.0	0.0	0.0	0.0	1.0
LOC_Os01g01800	LOC_Os01g01800.2	2401	2600	3	CDS	1.0	0.0	0.0	0.0	0.0
LOC_Os01g01810	LOC_Os01g01810.1	119	318	1	CDS	1.0	0.0	0.0	0.0	0.0
LOC_Os01g01810	LOC_Os01g01810.1	101	300	2	CDS	1.0	0.0	0.0	0.0	0.0
LOC_Os01g01810	LOC_Os01g01810.1	51	250	3	CDS	1.0	0.0	0.0	0.0	0.0
LOC_Os01g01830	LOC_Os01g01830.1	1651	1850	1	CDS	1.0	0.0	0.0	0.0	0.0
LOC_Os01g01830	LOC_Os01g01830.1	1601	1800	2	CDS	1.0	0.0	0.0	0.0	0.0
LOC_Os01g01830	LOC_Os01g01830.1	1701	1900	3	CDS	1.0	0.0	0.0	0.0	0.0
LOC_Os01g01840	LOC_Os01g01840.1	1	200	1	CDS	1.0	0.0	0.0	0.0	0.0
LOC_Os01g01840	LOC_Os01g01840.1	801	1000	2	CDS	1.0	0.0	0.0	0.0	0.0
LOC_Os01g01840	LOC_Os01g01840.1	51	250	3	CDS	1.0	0.0	0.0	0.0	0.0
LOC_Os01g01850	LOC_Os01g01850.1	3451	3650	1	CDS	1.0	0.0	0.0	0.0	0.0
LOC_Os01g01850	LOC_Os01g01850.1	2751	2950	2	CDS	1.0	0.0	0.0	0.0	0.0
LOC_Os01g01850	LOC_Os01g01850.1	3201	3400	3	CDS	1.0	0.0	0.0	0.0	0.0
LOC_Os01g01860	LOC_Os01g01860.1	1651	1850	1	CDS	1.0	0.0	0.0	0.0	0.0
LOC_Os01g01860	LOC_Os01g01860.1	1601	1800	2	CDS	1.0	0.0	0.0	0.0	0.0
LOC_Os01g01860	LOC_Os01g01860.1	1701	1900	3	CDS	1.0	0.0	0.0	0.0	0.0
LOC_Os01g01870	LOC_Os01g01870.1	1148	1347	1	unknown	0.0	0.0	0.0	0.0	1.0
LOC_Os01g01870	LOC_Os01g01870.1	1101	1300	2	unknown	0.0	0.0	0.0	0.0	1.0
LOC_Os01g01870	LOC_Os01g01870.1	1001	1200	3	unknown	0.0	0.0	0.0	0.0	1.0
LOC_Os01g01880	LOC_Os01g01880.1	351	550	1	CDS	1.0	0.0	0.0	0.0	0.0
LOC_Os01g01880	LOC_Os01g01880.1	426	625	2	CDS	1.0	0.0	0.0	0.0	0.0
LOC_Os01g01880	LOC_Os01g01880.1	401	600	3	CDS	1.0	0.0	0.0	0.0	0.0
LOC_Os01g01890	LOC_Os01g01890.1	2101	2300	1	unknown	0.0	0.0	0.0	0.0	1.0
LOC_Os01g01890	LOC_Os01g01890.1	2051	2250	2	unknown	0.0	0.0	0.0	0.0	1.0
LOC_Os01g01890	LOC_Os01g01890.1	2151	2350	3	unknown	0.0	0.0	0.0	0.0	1.0
LOC_Os01g01900	LOC_Os01g01900.1	401	600	1	CDS	1.0	0.0	0.0	0.0	0.0
LOC_Os01g01900	LOC_Os01g01900.1	351	550	2	CDS	1.0	0.0	0.0	0.0	0.0
LOC_Os01g01900	LOC_Os01g01900.1	451	650	3	CDS	1.0	0.0	0.0	0.0	0.0
LOC_Os01g01910	LOC_Os01g01910.1	251	450	1	CDS	1.0	0.0	0.0	0.0	0.0
LOC_Os01g01910	LOC_Os01g01910.1	301	500	2	CDS	1.0	0.0	0.0	0.0	0.0
LOC_Os01g01910	LOC_Os01g01910.1	201	400	3	CDS	1.0	0.0	0.0	0.0	0.0
LOC_Os01g01920	LOC_Os01g01920.1	2125	2324	1	unknown	0.0	0.0	0.0	0.0	1.0
LOC_Os01g01920	LOC_Os01g01920.2	2021	2220	2	unknown	0.0	0.0	0.0	0.0	1.0
LOC_Os01g01920	LOC_Os01g01920.1	1	200	3	CDS	1.0	0.0	0.0	0.0	0.0
LOC_Os01g01925	LOC_Os01g01925.1	251	450	1	CDS	1.0	0.0	0.0	0.0	0.0
LOC_Os01g01925	LOC_Os01g01925.1	301	500	2	CDS	1.0	0.0	0.0	0.0	0.0
LOC_Os01g01925	LOC_Os01g01925.1	380	579	3	unknown	0.0	0.0	0.0	0.0	1.0
LOC_Os01g01930	LOC_Os01g01930.1	351	550	1	CDS	1.0	0.0	0.0	0.0	0.0
LOC_Os01g01930	LOC_Os01g01930.1	401	600	2	CDS	1.0	0.0	0.0	0.0	0.0
LOC_Os01g01930	LOC_Os01g01930.1	301	500	3	CDS	1.0	0.0	0.0	0.0	0.0
LOC_Os01g01940	LOC_Os01g01940.1	901	1100	1	unknown	0.0	0.0	0.0	0.0	1.0
LOC_Os01g01940	LOC_Os01g01940.1	851	1050	2	unknown	0.0	0.0	0.0	0.0	1.0
LOC_Os01g01940	LOC_Os01g01940.1	801	1000	3	CDS	1.0	0.0	0.0	0.0	0.0
LOC_Os01g01950	LOC_Os01g01950.1	251	450	1	CDS	1.0	0.0	0.0	0.0	0.0
LOC_Os01g01950	LOC_Os01g01950.1	351	550	2	CDS	1.0	0.0	0.0	0.0	0.0
LOC_Os01g01950	LOC_Os01g01950.1	151	350	3	CDS	1.0	0.0	0.0	0.0	0.0
LOC_Os01g01960	LOC_Os01g01960.1	4351	4550	1	unknown	0.0	0.0	0.0	0.0	1.0
LOC_Os01g01960	LOC_Os01g01960.1	1801	2000	2	CDS	1.0	0.0	0.0	0.0	0.0
LOC_Os01g01960	LOC_Os01g01960.1	4151	4350	3	unknown	0.0	0.0	0.0	0.0	1.0
LOC_Os01g01970	LOC_Os01g01970.2	851	1050	1	unknown	0.0	0.0	0.0	0.0	1.0
LOC_Os01g01970	LOC_Os01g01970.1	901	1100	2	unknown	0.0	0.0	0.0	0.0	1.0
LOC_Os01g01970	LOC_Os01g01970.2	801	1000	3	unknown	0.0	0.0	0.0	0.0	1.0
LOC_Os01g01980	LOC_Os01g01980.1	351	550	1	CDS	1.0	0.0	0.0	0.0	0.0
LOC_Os01g01980	LOC_Os01g01980.1	443	642	2	CDS	1.0	0.0	0.0	0.0	0.0
LOC_Os01g01980	LOC_Os01g01980.1	251	450	3	CDS	1.0	0.0	0.0	0.0	0.0
LOC_Os01g01990	LOC_Os01g01990.1	151	350	1	CDS	1.0	0.0	0.0	0.0	0.0
LOC_Os01g01990	LOC_Os01g01990.1	155	354	2	CDS	1.0	0.0	0.0	0.0	0.0
LOC_Os01g01990	LOC_Os01g01990.1	101	300	3	CDS	1.0	0.0	0.0	0.0	0.0
LOC_Os01g02000	LOC_Os01g02000.1	2501	2700	1	unknown	0.0	0.0	0.0	0.0	1.0
LOC_Os01g02000	LOC_Os01g02000.1	2451	2650	2	CDS	1.0	0.0	0.0	0.0	0.0
LOC_Os01g02000	LOC_Os01g02000.1	2401	2600	3	CDS	1.0	0.0	0.0	0.0	0.0
LOC_Os01g02010	LOC_Os01g02010.1	751	950	1	CDS	1.0	0.0	0.0	0.0	0.0
LOC_Os01g02010	LOC_Os01g02010.1	801	1000	2	CDS	1.0	0.0	0.0	0.0	0.0
LOC_Os01g02010	LOC_Os01g02010.1	951	1150	3	unknown	0.0	0.0	0.0	0.0	1.0
LOC_Os01g02020	LOC_Os01g02020.1	1651	1850	1	unknown	0.0	0.0	0.0	0.0	1.0
LOC_Os01g02020	LOC_Os01g02020.1	1601	1800	2	unknown	0.0	0.0	0.0	0.0	1.0
LOC_Os01g02020	LOC_Os01g02020.3	1451	1650	3	unknown	0.0	0.0	0.0	0.0	1.0
LOC_Os01g02040	LOC_Os01g02040.2	2409	2608	1	CDS	1.0	0.0	0.0	0.0	0.0
LOC_Os01g02040	LOC_Os01g02040.2	2401	2600	2	CDS	1.0	0.0	0.0	0.0	0.0
LOC_Os01g02040	LOC_Os01g02040.1	151	350	3	unknown	0.0	0.0	0.0	0.0	1.0
LOC_Os01g02050	LOC_Os01g02050.1	3251	3450	1	unknown	0.0	0.0	0.0	0.0	1.0
LOC_Os01g02050	LOC_Os01g02050.1	3293	3492	2	unknown	0.0	0.0	0.0	0.0	1.0
LOC_Os01g02050	LOC_Os01g02050.1	3201	3400	3	CDS	1.0	0.0	0.0	0.0	0.0
LOC_Os01g02060	LOC_Os01g02060.2	1701	1900	1	unknown	0.0	0.0	0.0	0.0	1.0
LOC_Os01g02060	LOC_Os01g02060.1	1801	2000	2	unknown	0.0	0.0	0.0	0.0	1.0
LOC_Os01g02060	LOC_Os01g02060.1	1889	2088	3	unknown	0.0	0.0	0.0	0.0	1.0
LOC_Os01g02070	LOC_Os01g02070.1	101	300	1	CDS	1.0	0.0	0.0	0.0	0.0
LOC_Os01g02070	LOC_Os01g02070.1	201	400	2	CDS	1.0	0.0	0.0	0.0	0.0
LOC_Os01g02070	LOC_Os01g02070.1	51	250	3	CDS	1.0	0.0	0.0	0.0	0.0
LOC_Os01g02080	LOC_Os01g02080.1	1035	1234	1	unknown	0.0	0.0	0.0	0.0	1.0
LOC_Os01g02080	LOC_Os01g02080.1	1001	1200	2	unknown	0.0	0.0	0.0	0.0	1.0
LOC_Os01g02080	LOC_Os01g02080.1	951	1150	3	CDS	1.0	0.0	0.0	0.0	0.0
LOC_Os01g02090	LOC_Os01g02090.2	2151	2350	1	unknown	0.0	0.0	0.0	0.0	1.0
LOC_Os01g02090	LOC_Os01g02090.1	2151	2350	2	unknown	0.0	0.0	0.0	0.0	1.0
LOC_Os01g02090	LOC_Os01g02090.1	2251	2450	3	unknown	0.0	0.0	0.0	0.0	1.0
LOC_Os01g02100	LOC_Os01g02100.2	2101	2300	1	CDS	1.0	0.0	0.0	0.0	0.0
LOC_Os01g02100	LOC_Os01g02100.3	2101	2300	2	CDS	1.0	0.0	0.0	0.0	0.0
LOC_Os01g02100	LOC_Os01g02100.2	2151	2350	3	unknown	0.0	0.0	0.0	0.0	1.0
LOC_Os01g02110	LOC_Os01g02110.1	1101	1300	1	unknown	0.0	0.0	0.0	0.0	1.0
LOC_Os01g02110	LOC_Os01g02110.1	1151	1350	2	unknown	0.0	0.0	0.0	0.0	1.0
LOC_Os01g02110	LOC_Os01g02110.1	1201	1400	3	unknown	0.0	0.0	0.0	0.0	1.0
LOC_Os01g02120	LOC_Os01g02120.1	701	900	1	unknown	0.0	0.0	0.0	0.0	1.0
LOC_Os01g02120	LOC_Os01g02120.1	751	950	2	unknown	0.0	0.0	0.0	0.0	1.0
LOC_Os01g02120	LOC_Os01g02120.1	851	1050	3	unknown	0.0	0.0	0.0	0.0	1.0
LOC_Os01g02130	LOC_Os01g02130.1	746	945	1	unknown	0.0	0.0	0.0	0.0	1.0
LOC_Os01g02130	LOC_Os01g02130.1	551	750	2	CDS	1.0	0.0	0.0	0.0	0.0
LOC_Os01g02130	LOC_Os01g02130.1	701	900	3	unknown	0.0	0.0	0.0	0.0	1.0
LOC_Os01g02139	LOC_Os01g02139.1	328	527	1	CDS	1.0	0.0	0.0	0.0	0.0
LOC_Os01g02139	LOC_Os01g02139.1	201	400	2	CDS	1.0	0.0	0.0	0.0	0.0
LOC_Os01g02139	LOC_Os01g02139.1	251	450	3	CDS	1.0	0.0	0.0	0.0	0.0
LOC_Os01g02150	LOC_Os01g02150.1	751	950	1	unknown	0.0	0.0	0.0	0.0	1.0
LOC_Os01g02150	LOC_Os01g02150.1	801	1000	2	unknown	0.0	0.0	0.0	0.0	1.0
LOC_Os01g02150	LOC_Os01g02150.1	701	900	3	CDS	1.0	0.0	0.0	0.0	0.0
LOC_Os01g02160	LOC_Os01g02160.1	551	750	1	CDS	1.0	0.0	0.0	0.0	0.0
LOC_Os01g02160	LOC_Os01g02160.1	601	800	2	unknown	0.0	0.0	0.0	0.0	1.0
LOC_Os01g02160	LOC_Os01g02160.1	622	821	3	unknown	0.0	0.0	0.0	0.0	1.0
LOC_Os01g02170	LOC_Os01g02170.1	3751	3950	1	unknown	0.0	0.0	0.0	0.0	1.0
LOC_Os01g02170	LOC_Os01g02170.1	3651	3850	2	unknown	0.0	0.0	0.0	0.0	1.0
LOC_Os01g02170	LOC_Os01g02170.1	3701	3900	3	unknown	0.0	0.0	0.0	0.0	1.0
LOC_Os01g02180	LOC_Os01g02180.1	701	900	1	CDS	1.0	0.0	0.0	0.0	0.0
LOC_Os01g02180	LOC_Os01g02180.1	551	750	2	CDS	1.0	0.0	0.0	0.0	0.0
LOC_Os01g02180	LOC_Os01g02180.1	751	950	3	CDS	1.0	0.0	0.0	0.0	0.0
LOC_Os01g02190	LOC_Os01g02190.1	846	1045	1	CDS	1.0	0.0	0.0	0.0	0.0
LOC_Os01g02190	LOC_Os01g02190.1	801	1000	2	CDS	1.0	0.0	0.0	0.0	0.0
LOC_Os01g02190	LOC_Os01g02190.1	751	950	3	CDS	1.0	0.0	0.0	0.0	0.0
LOC_Os01g02200	LOC_Os01g02200.1	1351	1550	1	unknown	0.0	0.0	0.0	0.0	1.0
LOC_Os01g02200	LOC_Os01g02200.1	1301	1500	2	unknown	0.0	0.0	0.0	0.0	1.0
LOC_Os01g02200	LOC_Os01g02200.1	1251	1450	3	unknown	0.0	0.0	0.0	0.0	1.0
LOC_Os01g02210	LOC_Os01g02210.1	351	550	1	CDS	1.0	0.0	0.0	0.0	0.0
LOC_Os01g02210	LOC_Os01g02210.1	151	350	2	CDS	1.0	0.0	0.0	0.0	0.0
LOC_Os01g02210	LOC_Os01g02210.1	251	450	3	CDS	1.0	0.0	0.0	0.0	0.0
LOC_Os01g02220	LOC_Os01g02220.1	1501	1700	1	CDS	1.0	0.0	0.0	0.0	0.0
LOC_Os01g02220	LOC_Os01g02220.1	1601	1800	2	CDS	1.0	0.0	0.0	0.0	0.0
LOC_Os01g02220	LOC_Os01g02220.1	2051	2250	3	CDS	1.0	0.0	0.0	0.0	0.0
LOC_Os01g02230	LOC_Os01g02230.1	901	1100	1	CDS	1.0	0.0	0.0	0.0	0.0
LOC_Os01g02230	LOC_Os01g02230.1	2351	2550	2	CDS	1.0	0.0	0.0	0.0	0.0
LOC_Os01g02230	LOC_Os01g02230.1	951	1150	3	CDS	1.0	0.0	0.0	0.0	0.0
LOC_Os01g02240	LOC_Os01g02240.1	3751	3950	1	CDS	1.0	0.0	0.0	0.0	0.0
LOC_Os01g02240	LOC_Os01g02240.1	1101	1300	2	CDS	1.0	0.0	0.0	0.0	0.0
LOC_Os01g02240	LOC_Os01g02240.1	1001	1200	3	CDS	1.0	0.0	0.0	0.0	0.0
LOC_Os01g02250	LOC_Os01g02250.1	1401	1600	1	CDS	1.0	0.0	0.0	0.0	0.0
LOC_Os01g02250	LOC_Os01g02250.1	2101	2300	2	CDS	1.0	0.0	0.0	0.0	0.0
LOC_Os01g02250	LOC_Os01g02250.1	1451	1650	3	CDS	1.0	0.0	0.0	0.0	0.0
LOC_Os01g02260	LOC_Os01g02260.1	751	950	1	CDS	1.0	0.0	0.0	0.0	0.0
LOC_Os01g02260	LOC_Os01g02260.1	51	250	2	CDS	1.0	0.0	0.0	0.0	0.0
LOC_Os01g02260	LOC_Os01g02260.1	701	900	3	CDS	1.0	0.0	0.0	0.0	0.0
LOC_Os01g02270	LOC_Os01g02270.1	3201	3400	1	CDS	1.0	0.0	0.0	0.0	0.0
LOC_Os01g02270	LOC_Os01g02270.1	701	900	2	CDS	1.0	0.0	0.0	0.0	0.0
LOC_Os01g02270	LOC_Os01g02270.1	1601	1800	3	CDS	1.0	0.0	0.0	0.0	0.0
LOC_Os01g02280	LOC_Os01g02280.1	2801	3000	1	CDS	1.0	0.0	0.0	0.0	0.0
LOC_Os01g02280	LOC_Os01g02280.1	3401	3600	2	CDS	1.0	0.0	0.0	0.0	0.0
LOC_Os01g02280	LOC_Os01g02280.1	2751	2950	3	CDS	1.0	0.0	0.0	0.0	0.0
LOC_Os01g02290	LOC_Os01g02290.1	1201	1400	1	CDS	1.0	0.0	0.0	0.0	0.0
LOC_Os01g02290	LOC_Os01g02290.1	1851	2050	2	CDS	1.0	0.0	0.0	0.0	0.0
LOC_Os01g02290	LOC_Os01g02290.1	351	550	3	CDS	1.0	0.0	0.0	0.0	0.0
LOC_Os01g02300	LOC_Os01g02300.1	2101	2300	1	unknown	0.0	0.0	0.0	0.0	1.0
LOC_Os01g02300	LOC_Os01g02300.1	2001	2200	2	CDS	1.0	0.0	0.0	0.0	0.0
LOC_Os01g02300	LOC_Os01g02300.1	2051	2250	3	unknown	0.0	0.0	0.0	0.0	1.0
LOC_Os01g02310	LOC_Os01g02310.1	1251	1450	1	CDS	1.0	0.0	0.0	0.0	0.0
LOC_Os01g02310	LOC_Os01g02310.1	1201	1400	2	CDS	1.0	0.0	0.0	0.0	0.0
LOC_Os01g02310	LOC_Os01g02310.1	1151	1350	3	CDS	1.0	0.0	0.0	0.0	0.0
LOC_Os01g02320	LOC_Os01g02320.1	2601	2800	1	unknown	0.0	0.0	0.0	0.0	1.0
LOC_Os01g02320	LOC_Os01g02320.1	2617	2816	2	unknown	0.0	0.0	0.0	0.0	1.0
LOC_Os01g02320	LOC_Os01g02320.1	2451	2650	3	CDS	1.0	0.0	0.0	0.0	0.0
LOC_Os01g02334	LOC_Os01g02334.1	433	632	1	unknown	0.0	0.0	0.0	0.0	1.0
LOC_Os01g02334	LOC_Os01g02334.1	251	450	2	CDS	1.0	0.0	0.0	0.0	0.0
LOC_Os01g02334	LOC_Os01g02334.1	201	400	3	CDS	1.0	0.0	0.0	0.0	0.0
LOC_Os01g02350	LOC_Os01g02350.1	2101	2300	1	unknown	0.0	0.0	0.0	0.0	1.0
LOC_Os01g02350	LOC_Os01g02350.1	2151	2350	2	unknown	0.0	0.0	0.0	0.0	1.0
LOC_Os01g02350	LOC_Os01g02350.1	1351	1550	3	CDS	1.0	0.0	0.0	0.0	0.0
LOC_Os01g02360	LOC_Os01g02360.1	1251	1450	1	CDS	1.0	0.0	0.0	0.0	0.0
LOC_Os01g02360	LOC_Os01g02360.1	2001	2200	2	CDS	1.0	0.0	0.0	0.0	0.0
LOC_Os01g02360	LOC_Os01g02360.1	2200	2399	3	unknown	0.0	0.0	0.0	0.0	1.0
LOC_Os01g02370	LOC_Os01g02370.1	1993	2192	1	unknown	0.0	0.0	0.0	0.0	1.0
LOC_Os01g02370	LOC_Os01g02370.1	1451	1650	2	unknown	0.0	0.0	0.0	0.0	1.0
LOC_Os01g02370	LOC_Os01g02370.1	1401	1600	3	unknown	0.0	0.0	0.0	0.0	1.0
LOC_Os01g02380	LOC_Os01g02380.1	151	350	1	CDS	1.0	0.0	0.0	0.0	0.0
LOC_Os01g02380	LOC_Os01g02380.1	1701	1900	2	CDS	1.0	0.0	0.0	0.0	0.0
LOC_Os01g02380	LOC_Os01g02380.1	1601	1800	3	CDS	1.0	0.0	0.0	0.0	0.0
LOC_Os01g02390	LOC_Os01g02390.2	1101	1300	1	CDS	1.0	0.0	0.0	0.0	0.0
LOC_Os01g02390	LOC_Os01g02390.1	2001	2200	2	CDS	1.0	0.0	0.0	0.0	0.0
LOC_Os01g02390	LOC_Os01g02390.2	1001	1200	3	CDS	1.0	0.0	0.0	0.0	0.0
LOC_Os01g02400	LOC_Os01g02400.3	1001	1200	1	unknown	0.0	0.0	0.0	0.0	1.0
LOC_Os01g02400	LOC_Os01g02400.3	1051	1250	2	unknown	0.0	0.0	0.0	0.0	1.0
LOC_Os01g02400	LOC_Os01g02400.3	1101	1300	3	unknown	0.0	0.0	0.0	0.0	1.0
LOC_Os01g02410	LOC_Os01g02410.1	651	850	1	CDS	1.0	0.0	0.0	0.0	0.0
LOC_Os01g02410	LOC_Os01g02410.1	551	750	2	CDS	1.0	0.0	0.0	0.0	0.0
LOC_Os01g02410	LOC_Os01g02410.1	501	700	3	CDS	1.0	0.0	0.0	0.0	0.0
LOC_Os01g02420	LOC_Os01g02420.1	751	950	1	CDS	1.0	0.0	0.0	0.0	0.0
LOC_Os01g02420	LOC_Os01g02420.1	701	900	2	CDS	1.0	0.0	0.0	0.0	0.0
LOC_Os01g02420	LOC_Os01g02420.1	1251	1450	3	CDS	1.0	0.0	0.0	0.0	0.0
LOC_Os01g02430	LOC_Os01g02430.1	651	850	1	CDS	1.0	0.0	0.0	0.0	0.0
LOC_Os01g02430	LOC_Os01g02430.1	551	750	2	CDS	1.0	0.0	0.0	0.0	0.0
LOC_Os01g02430	LOC_Os01g02430.1	1	200	3	CDS	1.0	0.0	0.0	0.0	0.0
LOC_Os01g02440	LOC_Os01g02440.1	451	650	1	CDS	1.0	0.0	0.0	0.0	0.0
LOC_Os01g02440	LOC_Os01g02440.1	301	500	2	CDS	1.0	0.0	0.0	0.0	0.0
LOC_Os01g02440	LOC_Os01g02440.1	501	700	3	CDS	1.0	0.0	0.0	0.0	0.0
LOC_Os01g02450	LOC_Os01g02450.1	181	380	1	CDS	1.0	0.0	0.0	0.0	0.0
LOC_Os01g02450	LOC_Os01g02450.1	151	350	2	CDS	1.0	0.0	0.0	0.0	0.0
LOC_Os01g02450	LOC_Os01g02450.1	51	250	3	CDS	1.0	0.0	0.0	0.0	0.0
LOC_Os01g02460	LOC_Os01g02460.1	251	450	1	CDS	1.0	0.0	0.0	0.0	0.0
LOC_Os01g02460	LOC_Os01g02460.1	201	400	2	CDS	1.0	0.0	0.0	0.0	0.0
LOC_Os01g02460	LOC_Os01g02460.1	101	300	3	CDS	1.0	0.0	0.0	0.0	0.0
LOC_Os01g02470	LOC_Os01g02470.1	1	200	1	CDS	1.0	0.0	0.0	0.0	0.0
LOC_Os01g02470	LOC_Os01g02470.1	101	300	2	CDS	1.0	0.0	0.0	0.0	0.0
LOC_Os01g02470	LOC_Os01g02470.1	51	250	3	CDS	1.0	0.0	0.0	0.0	0.0
LOC_Os01g02480	LOC_Os01g02480.1	101	300	1	CDS	1.0	0.0	0.0	0.0	0.0
LOC_Os01g02480	LOC_Os01g02480.1	151	350	2	CDS	1.0	0.0	0.0	0.0	0.0
LOC_Os01g02480	LOC_Os01g02480.1	51	250	3	CDS	1.0	0.0	0.0	0.0	0.0
LOC_Os01g02490	LOC_Os01g02490.1	1216	1415	1	unknown	0.0	0.0	0.0	0.0	1.0
LOC_Os01g02490	LOC_Os01g02490.2	573	772	2	unknown	0.0	0.0	0.0	0.0	1.0
LOC_Os01g02490	LOC_Os01g02490.1	1201	1400	3	unknown	0.0	0.0	0.0	0.0	1.0
LOC_Os01g02500	LOC_Os01g02500.1	1	200	1	CDS	1.0	0.0	0.0	0.0	0.0
LOC_Os01g02500	LOC_Os01g02500.1	351	550	2	CDS	1.0	0.0	0.0	0.0	0.0
LOC_Os01g02500	LOC_Os01g02500.1	401	600	3	CDS	1.0	0.0	0.0	0.0	0.0
LOC_Os01g02510	LOC_Os01g02510.1	595	794	1	CDS	1.0	0.0	0.0	0.0	0.0
LOC_Os01g02510	LOC_Os01g02510.1	551	750	2	CDS	1.0	0.0	0.0	0.0	0.0
LOC_Os01g02510	LOC_Os01g02510.1	201	400	3	CDS	1.0	0.0	0.0	0.0	0.0
LOC_Os01g02520	LOC_Os01g02520.1	301	500	1	CDS	1.0	0.0	0.0	0.0	0.0
LOC_Os01g02520	LOC_Os01g02520.1	951	1150	2	CDS	1.0	0.0	0.0	0.0	0.0
LOC_Os01g02520	LOC_Os01g02520.1	2051	2250	3	CDS	1.0	0.0	0.0	0.0	0.0
LOC_Os01g02530	LOC_Os01g02530.1	801	1000	1	CDS	1.0	0.0	0.0	0.0	0.0
LOC_Os01g02530	LOC_Os01g02530.1	901	1100	2	CDS	1.0	0.0	0.0	0.0	0.0
LOC_Os01g02530	LOC_Os01g02530.1	751	950	3	CDS	1.0	0.0	0.0	0.0	0.0
LOC_Os01g02540	LOC_Os01g02540.1	301	500	1	CDS	1.0	0.0	0.0	0.0	0.0
LOC_Os01g02540	LOC_Os01g02540.1	351	550	2	CDS	1.0	0.0	0.0	0.0	0.0
LOC_Os01g02540	LOC_Os01g02540.1	401	600	3	CDS	1.0	0.0	0.0	0.0	0.0
LOC_Os01g02550	LOC_Os01g02550.1	1651	1850	1	CDS	1.0	0.0	0.0	0.0	0.0
LOC_Os01g02550	LOC_Os01g02550.1	1551	1750	2	CDS	1.0	0.0	0.0	0.0	0.0
LOC_Os01g02550	LOC_Os01g02550.1	1601	1800	3	CDS	1.0	0.0	0.0	0.0	0.0
LOC_Os01g02560	LOC_Os01g02560.1	801	1000	1	CDS	1.0	0.0	0.0	0.0	0.0
LOC_Os01g02560	LOC_Os01g02560.1	451	650	2	CDS	1.0	0.0	0.0	0.0	0.0
LOC_Os01g02560	LOC_Os01g02560.1	851	1050	3	CDS	1.0	0.0	0.0	0.0	0.0
LOC_Os01g02570	LOC_Os01g02570.1	1351	1550	1	CDS	1.0	0.0	0.0	0.0	0.0
LOC_Os01g02570	LOC_Os01g02570.1	351	550	2	CDS	1.0	0.0	0.0	0.0	0.0
LOC_Os01g02570	LOC_Os01g02570.1	401	600	3	CDS	1.0	0.0	0.0	0.0	0.0
LOC_Os01g02580	LOC_Os01g02580.1	1251	1450	1	CDS	1.0	0.0	0.0	0.0	0.0
LOC_Os01g02580	LOC_Os01g02580.1	701	900	2	CDS	1.0	0.0	0.0	0.0	0.0
LOC_Os01g02580	LOC_Os01g02580.1	1201	1400	3	CDS	1.0	0.0	0.0	0.0	0.0
LOC_Os01g02590	LOC_Os01g02590.1	2288	2487	1	unknown	0.0	0.0	0.0	0.0	1.0
LOC_Os01g02590	LOC_Os01g02590.1	1301	1500	2	unknown	0.0	0.0	0.0	0.0	1.0
LOC_Os01g02590	LOC_Os01g02590.1	2251	2450	3	unknown	0.0	0.0	0.0	0.0	1.0
LOC_Os01g02600	LOC_Os01g02600.1	1051	1250	1	CDS	1.0	0.0	0.0	0.0	0.0
LOC_Os01g02600	LOC_Os01g02600.1	1151	1350	2	CDS	1.0	0.0	0.0	0.0	0.0
LOC_Os01g02600	LOC_Os01g02600.1	1001	1200	3	CDS	1.0	0.0	0.0	0.0	0.0
LOC_Os01g02610	LOC_Os01g02610.1	701	900	1	CDS	1.0	0.0	0.0	0.0	0.0
LOC_Os01g02610	LOC_Os01g02610.1	651	850	2	CDS	1.0	0.0	0.0	0.0	0.0
LOC_Os01g02610	LOC_Os01g02610.1	1301	1500	3	CDS	1.0	0.0	0.0	0.0	0.0
LOC_Os01g02629	LOC_Os01g02629.1	1001	1200	1	CDS	1.0	0.0	0.0	0.0	0.0
LOC_Os01g02629	LOC_Os01g02629.1	201	400	2	CDS	1.0	0.0	0.0	0.0	0.0
LOC_Os01g02629	LOC_Os01g02629.1	151	350	3	CDS	1.0	0.0	0.0	0.0	0.0
LOC_Os01g02650	LOC_Os01g02650.1	751	950	1	CDS	1.0	0.0	0.0	0.0	0.0
LOC_Os01g02650	LOC_Os01g02650.1	2751	2950	2	CDS	1.0	0.0	0.0	0.0	0.0
LOC_Os01g02650	LOC_Os01g02650.1	4101	4300	3	CDS	1.0	0.0	0.0	0.0	0.0
LOC_Os01g02660	LOC_Os01g02660.1	2551	2750	1	CDS	1.0	0.0	0.0	0.0	0.0
LOC_Os01g02660	LOC_Os01g02660.1	951	1150	2	CDS	1.0	0.0	0.0	0.0	0.0
LOC_Os01g02660	LOC_Os01g02660.1	1601	1800	3	CDS	1.0	0.0	0.0	0.0	0.0
LOC_Os01g02670	LOC_Os01g02670.1	2551	2750	1	CDS	1.0	0.0	0.0	0.0	0.0
LOC_Os01g02670	LOC_Os01g02670.1	2901	3100	2	CDS	1.0	0.0	0.0	0.0	0.0
LOC_Os01g02670	LOC_Os01g02670.1	2601	2800	3	CDS	1.0	0.0	0.0	0.0	0.0
LOC_Os01g02680	LOC_Os01g02680.1	801	1000	1	CDS	1.0	0.0	0.0	0.0	0.0
LOC_Os01g02680	LOC_Os01g02680.1	2051	2250	2	CDS	1.0	0.0	0.0	0.0	0.0
LOC_Os01g02680	LOC_Os01g02680.1	701	900	3	CDS	1.0	0.0	0.0	0.0	0.0
LOC_Os01g02690	LOC_Os01g02690.1	1201	1400	1	CDS	1.0	0.0	0.0	0.0	0.0
LOC_Os01g02690	LOC_Os01g02690.1	1251	1450	2	CDS	1.0	0.0	0.0	0.0	0.0
LOC_Os01g02690	LOC_Os01g02690.1	1151	1350	3	CDS	1.0	0.0	0.0	0.0	0.0
LOC_Os01g02700	LOC_Os01g02700.1	2162	2361	1	unknown	0.0	0.0	0.0	0.0	1.0
LOC_Os01g02700	LOC_Os01g02700.1	101	300	2	CDS	1.0	0.0	0.0	0.0	0.0
LOC_Os01g02700	LOC_Os01g02700.1	1351	1550	3	CDS	1.0	0.0	0.0	0.0	0.0
LOC_Os01g02710	LOC_Os01g02710.1	251	450	1	CDS	1.0	0.0	0.0	0.0	0.0
LOC_Os01g02710	LOC_Os01g02710.1	101	300	2	CDS	1.0	0.0	0.0	0.0	0.0
LOC_Os01g02710	LOC_Os01g02710.1	151	350	3	CDS	1.0	0.0	0.0	0.0	0.0
LOC_Os01g02720	LOC_Os01g02720.1	1201	1400	1	CDS	1.0	0.0	0.0	0.0	0.0
LOC_Os01g02720	LOC_Os01g02720.1	1251	1450	2	CDS	1.0	0.0	0.0	0.0	0.0
LOC_Os01g02720	LOC_Os01g02720.2	901	1100	3	CDS	1.0	0.0	0.0	0.0	0.0
