gene_id	window_rank	longest_high_paired_run	high_paired_run_count	paired_run_density	paired_unpaired_boundary_count	max_local_paired_mean_31nt	max_local_paired_mean_41nt	max_local_paired_mean_81nt	stem_like_score	structure_peakiness_score	MFE	MFE_per_nt	normalized_MFE	predicted_stem_count	predicted_longest_stem_length	predicted_hairpin_loop_size	predicted_stem_loop_score
LOC_Os01g01010	1	15.0	22.0	0.525	44.0	0.8110070997668851	0.7503563485494473	0.6516291241586943	0.5501187828498159	0.22199258806244027							
LOC_Os01g01010	2	8.0	24.0	0.36	47.0	0.6806704613470264	0.6966705322265626	0.6092943733121142	0.4188901774088542	0.15598369598388684							
LOC_Os01g01010	3	11.0	26.0	0.46	52.0	0.7326561712449597	0.7367501607755337	0.6638373857663001	0.4905833869251779	0.17323926600014306							
LOC_Os01g01019	1	10.0	19.0	0.445	38.0	0.7367091025075604	0.7034547387099848	0.6228956175439151	0.4661515795699949	0.17981967818352473							
LOC_Os01g01019	2	6.0	21.0	0.275	42.0	0.6906502016129031	0.6464278058307926	0.5692153742283951	0.35714260194359754	0.22762716847081327							
LOC_Os01g01019	3	8.0	23.0	0.395	45.0	0.7691001892089844	0.7042161895007623	0.5882366321705006	0.43307206316692076	0.28993907749652864							
LOC_Os01g01030	1	10.0	19.0	0.44	38.0	0.7342923072076613	0.7155523532774392	0.6794329984688464	0.4685174510924797	0.17762926966913284							
LOC_Os01g01030	2	9.0	17.0	0.445	34.0	0.7644909274193549	0.6986113757621951	0.6741044786241319	0.45620379192073174	0.17457645293205015							
LOC_Os01g01030	3	11.0	16.0	0.47	32.0	0.7481401505008821	0.6766781690644054	0.6680266768844039	0.47389272302146845	0.19086933751260082							
LOC_Os01g01040	1	14.0	17.0	0.365	34.0	0.8341713720752346	0.8022970920655786	0.6770545170630937	0.5057656973551928	0.3347777730418789							
LOC_Os01g01040	2	14.0	17.0	0.365	34.0	0.8341713720752346	0.8022970920655786	0.6770545170630937	0.5057656973551928	0.3347777730418789							
LOC_Os01g01040	3	14.0	22.0	0.455	44.0	0.8344756537868131	0.8029277833496651	0.6977044263003784	0.5359759277832218	0.3191631755425084							
LOC_Os01g01050	1	10.0	22.0	0.46	42.0	0.7039538967993952	0.6641175805068598	0.606724868586034	0.45803919350228656	0.1262306225684382							
LOC_Os01g01050	2	10.0	25.0	0.535	50.0	0.813814224735383	0.7370497017371946	0.6930980417463515	0.5073499005790648	0.21257372929203888							
LOC_Os01g01050	3	10.0	22.0	0.49	44.0	0.7440970636183216	0.6977879594012005	0.6629596772017302	0.47926265313373345	0.15895628161968733							
LOC_Os01g01060	1	11.0	23.0	0.49	45.0	0.6820422757056451	0.6700186380525913	0.6479034894778405	0.4783395460175304	0.10426096085579162							
LOC_Os01g01060	2	6.0	23.0	0.46	46.0	0.6936497842111896	0.6957762183212651	0.6468095661681376	0.4352587394404217	0.12898207082981006							
LOC_Os01g01060	3	13.0	21.0	0.56	42.0	0.7529235347624749	0.7421651700647867	0.6839452908362872	0.5423883900215956	0.12736062849721608							
LOC_Os01g01070	1	11.0	22.0	0.49	44.0	0.7730951616840978	0.729720883253144	0.6502346212481274	0.49824029441771467	0.24379243261391115							
LOC_Os01g01070	2	16.0	21.0	0.51	42.0	0.7598871415661226	0.7794084781553688	0.6512817335717471	0.563136159385123	0.22574363173508072							
LOC_Os01g01070	3	11.0	25.0	0.41	49.0	0.7033185651225426	0.6433080347572885	0.5834525308491271	0.44276934491909614	0.16966234945481806							
LOC_Os01g01080	1	10.0	20.0	0.535	39.0	0.8043468844506045	0.7138905408905772	0.6187677177382104	0.49963018029685907	0.22568881776063643							
LOC_Os01g01080	2	10.0	20.0	0.535	39.0	0.8043468844506045	0.7138905408905772	0.6187677177382104	0.49963018029685907	0.22568881776063643							
LOC_Os01g01080	3	10.0	20.0	0.535	39.0	0.8043468844506045	0.7138905408905772	0.6187677177382104	0.49963018029685907	0.22568881776063643							
LOC_Os01g01090	1	9.0	21.0	0.33	42.0	0.7341466103830645	0.6267001454423115	0.5634494828589167	0.3939000484807705	0.26228546727088187							
LOC_Os01g01090	2	10.0	24.0	0.395	48.0	0.7273805679813509	0.6278581386659204	0.5101582091531636	0.42428604622197347	0.2355296577945833							
LOC_Os01g01090	3	10.0	20.0	0.45	40.0	0.7235695623582408	0.632871488245522	0.538635348096306	0.4442904960818406	0.23078108541427106							
LOC_Os01g01100	1	11.0	26.0	0.52	52.0	0.7743353074596774	0.7262230849847561	0.705299824844172	0.5070743616615854	0.18530167041286338							
LOC_Os01g01100	2	21.0	21.0	0.495	42.0	0.8524711362777219	0.7649430065620237	0.6854574179943697	0.5949810021873413	0.2554604570327268							
LOC_Os01g01100	3	8.0	30.0	0.455	60.0	0.7186948714717744	0.7090796493902439	0.6199517897617669	0.4546932164634147	0.12827051918352816							
LOC_Os01g01110	1	12.0	26.0	0.585	51.0	0.8107964300340221	0.8041844251679212	0.7323412012170862	0.5630614750559737	0.1778412889665173							
LOC_Os01g01110	2	11.0	25.0	0.52	49.0	0.7352114877393169	0.728743175180947	0.6833796118512565	0.5079143917269824	0.16222765418791008							
LOC_Os01g01110	3	12.0	25.0	0.57	50.0	0.8108225176411289	0.8043418512111759	0.7323717187952112	0.5581139504037252	0.19885828710371434							
LOC_Os01g01115	1	10.0	20.0	0.34	40.0	0.6363367880544355	0.6046112804878049	0.5785697654441551	0.3982037601626016	0.12369388949486515							
LOC_Os01g01115	2	11.0	29.0	0.58	57.0	0.7822777532762096	0.7507383765243903	0.6554959144121334	0.5352461255081301	0.195339124125819							
LOC_Os01g01115	3	10.0	23.0	0.52	45.0	0.7685718844013831	0.7254707842338376	0.6767180804853086	0.49849026141127917	0.18175738371187655							
LOC_Os01g01120	1	6.0	19.0	0.325	38.0	0.6623504277198545	0.6606362418430609	0.5888181571607235	0.378545413947687	0.17634943387200752							
LOC_Os01g01120	2	16.0	19.0	0.385	38.0	0.7335876957062752	0.7127350844988009	0.6094371779465381	0.499245028166267	0.23917707567253427							
LOC_Os01g01120	3	16.0	19.0	0.48	38.0	0.8834894241825225	0.8591240673530393	0.7137370712963151	0.579708022451013	0.32686705429707785							
LOC_Os01g01130	1	7.0	29.0	0.395	58.0	0.6930039313531692	0.6883864519072743	0.6210259096122082	0.4194621506357581	0.15178701431520536							
LOC_Os01g01130	2	14.0	26.0	0.595	51.0	0.8108259631741431	0.7763154564834224	0.7102730833453897	0.5737718188278075	0.18584973827485118							
LOC_Os01g01130	3	12.0	18.0	0.395	36.0	0.7969498172883065	0.7226475738897554	0.6425677052250615	0.4725491912965851	0.24406764184274987							
LOC_Os01g01140	1	7.0	20.0	0.345	40.0	0.6277849751134071	0.6447560380144817	0.4874786153251742	0.3882520126714939	0.23777497274119674							
LOC_Os01g01140	2	11.0	24.0	0.58	48.0	0.8029732242707284	0.7894395967809167	0.6555912229749892	0.5481465322603056	0.20337592576780628							
LOC_Os01g01140	3	11.0	20.0	0.44	40.0	0.7349217937838648	0.7692665937470229	0.5534497249273606	0.4947555312490077	0.26961624263990236							
LOC_Os01g01150	1	12.0	16.0	0.415	32.0	0.7113681916267641	0.662011867616235	0.580616138599537	0.4590039558720784	0.207837052729822							
LOC_Os01g01150	2	12.0	16.0	0.415	32.0	0.7113681916267641	0.662011867616235	0.580616138599537	0.4590039558720784	0.207837052729822							
LOC_Os01g01150	3	12.0	22.0	0.5	44.0	0.8008560672883064	0.7824879157833937	0.7069102981944143	0.527495971927798	0.1965535322312385							
LOC_Os01g01160	1	9.0	26.0	0.57	52.0	0.7634080456149195	0.7264091677782013	0.6937431052879051	0.5071363892594004	0.16167716487761474							
LOC_Os01g01160	2	15.0	24.0	0.515	48.0	0.7868224113218246	0.763550176853087	0.6686763292477454	0.5511833922843623	0.1904812543622909							
LOC_Os01g01160	3	10.0	25.0	0.505	50.0	0.7368036085559475	0.7428179485041921	0.6685207037278162	0.4992726495013973	0.15382087056229765							
LOC_Os01g01170	1	18.0	19.0	0.615	38.0	0.877326965332031	0.8353558051876907	0.76079997309932	0.6334519350625636	0.23940666437149027							
LOC_Os01g01170	2	11.0	24.0	0.555	48.0	0.8134667181199595	0.7767393530868905	0.7063762994460118	0.5355797843622968	0.1919854282563731							
LOC_Os01g01170	3	8.0	28.0	0.465	56.0	0.7472386513986894	0.7292026426733995	0.6612251187548225	0.46473421422446654	0.12911952603247845							
LOC_Os01g01180	1	10.0	27.0	0.605	54.0	0.8732280115927422	0.8041396722560976	0.7387500810034481	0.5530465574186992	0.23840500013482213							
LOC_Os01g01180	2	10.0	21.0	0.465	42.0	0.8456953725507179	0.7391416037954934	0.7083413865831163	0.4847138679318312	0.3090783369829575							
LOC_Os01g01190	1	7.0	11.0	0.27	22.0	0.5833439980783768	0.5804536400771723	0.4332446816526813	0.3418178800257241	0.1884867756405182							
LOC_Os01g01190	2	8.0	15.0	0.31	30.0	0.562190394247732	0.5666623231841299	0.5188183372403368	0.35888744106137666	0.12226421923172204							
LOC_Os01g01190	3	7.0	18.0	0.32	35.0	0.5848929189866588	0.5557272608687238	0.5081799354082271	0.35024242028957464	0.13556840650496937							
LOC_Os01g01200	1	10.0	18.0	0.38	36.0	0.7925774666570848	0.7217471192522749	0.5879729353351357	0.4505823730840916	0.33716965346567096							
LOC_Os01g01200	2	8.0	19.0	0.225	38.0	0.6913865612399194	0.6208726836413873	0.5046696604034047	0.3486242278804625	0.21573592647429435							
LOC_Os01g01200	3	13.0	20.0	0.5	39.0	0.8931997822177026	0.7665388409684345	0.6801559483563459	0.5305129469894782	0.33676619424935317							
LOC_Os01g01210	1	11.0	21.0	0.5	42.0	0.7753442698909391	0.6994679526584905	0.65694491583624	0.49148931755283015	0.18822291942373404							
LOC_Os01g01210	2	13.0	24.0	0.555	48.0	0.7852966016338715	0.7656703169752913	0.6653265467396489	0.5485567723250971	0.18423406301006173							
LOC_Os01g01210	3	7.0	26.0	0.48	52.0	0.7060336066830541	0.676771053453771	0.5986959581021909	0.44392368448459035	0.16638629183653852							
LOC_Os01g01230	1	9.0	26.0	0.54	52.0	0.7557599467615926	0.717360752384837	0.6664754844006197	0.49412025079494565	0.12369994824932462							
LOC_Os01g01230	2	11.0	22.0	0.575	44.0	0.798034825632649	0.7542685793667306	0.7272855161148826	0.5347561931222435	0.16720004350908335							
LOC_Os01g01230	3	10.0	27.0	0.495	54.0	0.7566774429813505	0.7232807438548018	0.6705958048502604	0.48942691461826726	0.1481808390155912							
LOC_Os01g01240	1	8.0	20.0	0.335	40.0	0.6279257497479838	0.6159801948361281	0.592007107204861	0.383660064945376	0.12497622582220247							
LOC_Os01g01240	2	9.0	21.0	0.31	42.0	0.6218163274949597	0.6029718910775533	0.5682940071011766	0.3793239636925178	0.0844912599748181							
LOC_Os01g01240	3	9.0	28.0	0.415	56.0	0.6807349420362903	0.688720703125	0.660358664430218	0.44290690104166663	0.10906480491161341							
LOC_Os01g01250	1	10.0	27.0	0.595	54.0	0.8243493456994334	0.7680861106732998	0.6726975543999378	0.5376953702244333	0.2152687261854449							
LOC_Os01g01250	2	13.0	22.0	0.53	44.0	0.7737033213338542	0.6967484267746531	0.6738499969611932	0.517249475591551	0.20311760556313274							
LOC_Os01g01250	3	13.0	28.0	0.635	56.0	0.8701843138664	0.8261134915235565	0.7365344343362031	0.5953711638411855	0.20608088812520442							
LOC_Os01g01260	1	16.0	22.0	0.6	44.0	0.8666268625567036	0.8374317448313643	0.7546097555278259	0.6124772482771214	0.2363033666918355							
LOC_Os01g01260	2	16.0	19.0	0.56	38.0	0.8169070982163954	0.7528749791587273	0.7144706690752947	0.5709583263862424	0.22212826989350798							
LOC_Os01g01260	3	14.0	25.0	0.64	50.0	0.8599338531494141	0.7966734258140006	0.7565625736742844	0.5955578086046668	0.18117215007543563							
LOC_Os01g01270	1	15.0	17.0	0.475	34.0	0.83756588351342	0.7815556409882338	0.6241793676658912	0.5438518803294112	0.30547444533917223							
LOC_Os01g01270	2	9.0	24.0	0.56	48.0	0.7584163373516452	0.7599013782129056	0.6080302426844466	0.5149671260709686	0.1977760539040334							
LOC_Os01g01270	3	7.0	30.0	0.57	60.0	0.7334599648752519	0.690231036849138	0.6603723918950115	0.4784103456163793	0.12778771061089722							
LOC_Os01g01280	1	9.0	27.0	0.445	54.0	0.7933310231854838	0.7630976234994284	0.7099913034910038	0.4776992078331428	0.19218701872133426							
LOC_Os01g01280	2	7.0	20.0	0.34	40.0	0.703857421875	0.670752548589939	0.630226417824074	0.39525084952997974	0.1524567413330078							
LOC_Os01g01280	3	6.0	15.0	0.32	30.0	0.7550657949139995	0.6656888170940121	0.5325588885648751	0.37856293903133736	0.3311245426824016							
LOC_Os01g01290	1	12.0	27.0	0.565	54.0	0.8130323348506805	0.7997375116115664	0.7442399086775603	0.5549125038705222	0.20773985903109282							
LOC_Os01g01290	2	13.0	25.0	0.535	50.0	0.8181592879756805	0.8035257851205221	0.7460516573470315	0.5545085950401741	0.2247517863973495							
LOC_Os01g01290	3	14.0	33.0	0.49	65.0	0.72692015863234	0.7051985670880574	0.670686474552861	0.5150661890293524	0.1353726694660803							
LOC_Os01g01295	1	14.0	24.0	0.585	48.0	0.7985951823572959	0.8049295937142723	0.7126304720654899	0.5799765312380908	0.18190660348752674							
LOC_Os01g01295	2	11.0	16.0	0.42	32.0	0.7675233656360257	0.6762051960317103	0.6404721074634128	0.45706839867723675	0.20925615551010257							
LOC_Os01g01295	3	15.0	20.0	0.49	40.0	0.7664853988155241	0.7608521624309262	0.7128529018825955	0.5419507208103088	0.18290160517538745							
LOC_Os01g01302	1	20.0	20.0	0.55	40.0	0.8215797178206907	0.7898847300831865	0.7414925186722366	0.6132949100277288	0.22914748353342873							
LOC_Os01g01302	2	20.0	19.0	0.535	38.0	0.8215794717111897	0.7898965928612687	0.7393795295997901	0.6082988642870896	0.2283926926889729							
LOC_Os01g01302	3	20.0	24.0	0.645	48.0	0.8245688407651839	0.7879546560892244	0.7322046683158403	0.6443182186964082	0.16015713801307052							
LOC_Os01g01307	1	7.0	22.0	0.465	44.0	0.7256796744561965	0.7266810114790755	0.6790515405160409	0.45556033715969185	0.14201156930225667							
LOC_Os01g01307	2	7.0	22.0	0.465	44.0	0.7256796744561965	0.7266810114790755	0.6790515405160409	0.45556033715969185	0.14201156930225667							
LOC_Os01g01307	3	13.0	21.0	0.595	42.0	0.7846612315024101	0.7435881262872279	0.6732543780479902	0.554529375429076	0.16425446943890676							
LOC_Os01g01312	1	13.0	19.0	0.525	38.0	0.7952738115864416	0.6647434002015649	0.6498711786152404	0.504914466733855	0.2132726738529821							
LOC_Os01g01312	2	13.0	19.0	0.605	37.0	0.8809398528068296	0.837787721215225	0.7201861157829378	0.5892625737384084	0.27546174606969276							
LOC_Os01g01312	3	9.0	26.0	0.63	52.0	0.7991864604334676	0.7678773926525582	0.7145209871692422	0.540959130884186	0.15914344197319386							
LOC_Os01g01320	1	15.0	15.0	0.475	30.0	0.8409544114143617	0.8379986228012458	0.6909866686220522	0.5626662076004153	0.2856701020271546							
LOC_Os01g01320	2	12.0	23.0	0.47	46.0	0.7470616986674646	0.7563858032226565	0.6823399861653645	0.5087952677408855	0.20120234966278094							
LOC_Os01g01320	3	15.0	20.0	0.49	40.0	0.8432461830877487	0.8396938370495308	0.6938938505855606	0.5682312790165103	0.30891188829175864							
LOC_Os01g01330	1	18.0	24.0	0.56	47.0	0.8035713203491702	0.7999175597981711	0.6644096911689381	0.603305853266057	0.2040256564559474							
LOC_Os01g01330	2	10.0	21.0	0.43	42.0	0.6951333938106414	0.7216706159638197	0.6142053721863546	0.4672235386546066	0.18345288067329235							
LOC_Os01g01330	3	13.0	28.0	0.535	56.0	0.7318395799206149	0.7402027409251145	0.6741114486882716	0.5334009136417048	0.11802455832318581							
LOC_Os01g01340	1	6.0	15.0	0.235	30.0	0.6204656785534274	0.6072387695312501	0.5413047413767119	0.3307462565104167	0.21228031096919886							
LOC_Os01g01340	2	5.0	12.0	0.22	24.0	0.6403959951093121	0.6265536982838701	0.5650782173062548	0.32385123276129	0.26048967930578426							
LOC_Os01g01340	3	6.0	14.0	0.205	28.0	0.5904600081905242	0.5651166962414255	0.491477495358314	0.3067055654138085	0.2146231399043914							
LOC_Os01g01350	1	8.0	18.0	0.295	35.0	0.6629697738155241	0.6113311953660917	0.5740620648419414	0.36877706512203057	0.18672062496985153							
LOC_Os01g01350	2	5.0	29.0	0.3	58.0	0.6911148563508065	0.652726487415593	0.5339263456839103	0.3592421624718643	0.19175573502817467							
LOC_Os01g01350	3	14.0	21.0	0.465	42.0	0.8172489289314513	0.8039074409298781	0.7216073495370371	0.5396358136432927	0.19815102854082633							
LOC_Os01g01360	1	33.0	13.0	0.55	25.0	0.9645287298387096	0.8502800173875763	0.7284341506016107	0.7417600057958588	0.3762365197366283							
LOC_Os01g01360	2	34.0	11.0	0.525	22.0	0.968167212701613	0.8774131216653964	0.7315326266818577	0.7508043738884654	0.38771634647923137							
LOC_Os01g01360	3	6.0	16.0	0.31	32.0	0.640380367155998	0.598219138819997	0.48482456913700805	0.352739712939999	0.19703014981362127							
LOC_Os01g01369	1	10.0	20.0	0.47	40.0	0.680026146673387	0.6484898357856564	0.6311508225805965	0.4561632785952188	0.13447550942820874							
LOC_Os01g01369	2	10.0	23.0	0.48	46.0	0.8353399461315524	0.775995673202887	0.6576983133951823	0.5019985577342957	0.26951775072082396							
LOC_Os01g01369	3	9.0	25.0	0.505	50.0	0.8256699654363817	0.744632372042028	0.6666791939441068	0.4915441240140093	0.25004581897489486							
LOC_Os01g01380	1	7.0	21.0	0.36	42.0	0.6941820113889634	0.6664887521325087	0.6254911599335847	0.4004962507108362	0.14931306352538465							
LOC_Os01g01380	2	10.0	25.0	0.38	50.0	0.7392656880040324	0.6543876834032013	0.6064445589795523	0.4281292278010671	0.1965412693638956							
LOC_Os01g01380	3	7.0	19.0	0.43	38.0	0.7348652501260081	0.6446334094536013	0.5800782191900559	0.4165444698178671	0.19896601153958238							
LOC_Os01g01390	1	8.0	25.0	0.575	49.0	0.7304302800086238	0.6941674860512339	0.5930728441403236	0.4897224953504113	0.16101392809421788							
LOC_Os01g01390	2	12.0	23.0	0.58	46.0	0.8259664350940334	0.7220530626250476	0.6318532596399754	0.5340176875416826	0.2519436115218746							
LOC_Os01g01390	3	10.0	27.0	0.555	54.0	0.7795242801789313	0.7404338557545732	0.6361468279803242	0.5151446185848577	0.2003233066681891							
LOC_Os01g01400	1	11.0	21.0	0.43	42.0	0.7061866021925403	0.6762542724609374	0.6391543635615596	0.46041809082031243	0.19051005609573846							
LOC_Os01g01400	2	11.0	25.0	0.535	49.0	0.697359146610383	0.6886146940836092	0.6402716636657715	0.49953823136120307	0.12217342479575055							
LOC_Os01g01400	3	11.0	17.0	0.385	34.0	0.694915771484375	0.6514084978801448	0.5810680624879436	0.4371361659600483	0.21808744430541993							
LOC_Os01g01410	1	12.0	16.0	0.53	32.0	0.7840385590830158	0.8212784208902498	0.6935549665380406	0.55042614029675	0.2266999997743746							
LOC_Os01g01410	2	12.0	20.0	0.535	40.0	0.7987080235635082	0.8092856756070764	0.6893448417569383	0.5480952252023589	0.19115551146065313							
LOC_Os01g01410	3	13.0	20.0	0.53	40.0	0.7624767672631049	0.7796068889338794	0.679913838704427	0.5448689629779598	0.19236221377442508							
LOC_Os01g01420	1	9.0	13.0	0.34	26.0	0.8219506048387096	0.8030142435213417	0.5603965918223064	0.45600474784044726	0.37057837359366874							
LOC_Os01g01420	2	13.0	11.0	0.335	22.0	0.768983902469758	0.7721661823551832	0.635985470848319	0.4773887274517277	0.2809607800405203							
LOC_Os01g01420	3	9.0	17.0	0.435	34.0	0.7896348122627503	0.7628931999206543	0.6689794976034281	0.47429773330688474	0.2667450750739343							
LOC_Os01g01430	1	11.0	25.0	0.545	50.0	0.7467322811003654	0.7224743540694073	0.6857504668059172	0.5141581180231358	0.12196812475881269							
LOC_Os01g01430	2	11.0	23.0	0.56	46.0	0.7789193737891412	0.7092289110509362	0.6803005948478793	0.5147429703503121	0.1788721812155939							
LOC_Os01g01430	3	11.0	26.0	0.49	52.0	0.7569862027322093	0.7207631483310606	0.6851390850396804	0.4952543827770202	0.18486025048840438							
LOC_Os01g01440	1	10.0	25.0	0.595	50.0	0.8379770401985414	0.7861560495888316	0.6948636490621685	0.5437186831962771	0.22030669459412167							
LOC_Os01g01440	2	11.0	33.0	0.575	65.0	0.7764695690524195	0.7608553258384149	0.7190698797320142	0.5369517752794716	0.1289252762448404							
LOC_Os01g01440	3	12.0	23.0	0.48	46.0	0.8139805947580646	0.7730980849847564	0.698322265236466	0.5176993616615855	0.225014335099728							
LOC_Os01g01450	1	7.0	20.0	0.39	40.0	0.6441459040487966	0.589978822847692	0.565617584887846	0.3849929409492307	0.1533654122198781							
LOC_Os01g01450	2	9.0	19.0	0.39	38.0	0.6806325604838709	0.6342648762028393	0.5469292770197361	0.41642162540094646	0.18082791113084357							
LOC_Os01g01450	3	12.0	25.0	0.49	50.0	0.7361234849499119	0.7009313629894721	0.6437418431411555	0.49697712099649066	0.1920248532102955							
LOC_Os01g01460	1	13.0	27.0	0.62	54.0	0.7987978842950637	0.7768394714448511	0.7060403176295904	0.573946490481617	0.175929353544789							
LOC_Os01g01460	2	8.0	29.0	0.425	58.0	0.7848097278225804	0.7513844559832318	0.6518547152295524	0.4587948186610773	0.19752449527863514							
LOC_Os01g01460	3	10.0	21.0	0.42	42.0	0.7088875309113534	0.693316110750524	0.5619080625934365	0.454438703583508	0.19525878106394123							
LOC_Os01g01470	1	14.0	25.0	0.53	50.0	0.827703660534274	0.769090605945122	0.694849838445216	0.549696868648374	0.1811469874843472							
LOC_Os01g01470	2	11.0	26.0	0.505	52.0	0.7576372700352823	0.7373061761623475	0.6811666606385031	0.5057687253874491	0.1137542133946573							
LOC_Os01g01470	3	17.0	24.0	0.545	48.0	0.831600066154234	0.8161338247903964	0.7332938865379051	0.5953779415967988	0.20982054802679262							
LOC_Os01g01484	1	9.0	22.0	0.44	44.0	0.7767982482910158	0.7483772649997618	0.6505358189712336	0.4711257549999206	0.23828131675720232							
LOC_Os01g01484	2	8.0	18.0	0.35	36.0	0.7811243610997354	0.7413401254793494	0.5403435318558304	0.4304467084931165	0.33353668505145656							
LOC_Os01g01484	3	11.0	21.0	0.475	42.0	0.6942563364582678	0.6660354544476766	0.6328705740563663	0.4720118181492256	0.15314897990995846							
LOC_Os01g01500	1	13.0	23.0	0.565	46.0	0.8148306877382341	0.761682673198421	0.6827794122107235	0.5505608910661403	0.17140731284695299							
LOC_Os01g01500	2	10.0	31.0	0.595	62.0	0.8530947777532761	0.7862385075266768	0.7131866805347395	0.5437461691755588	0.20707567303411412							
LOC_Os01g01500	3	19.0	29.0	0.58	58.0	0.84674318375126	0.7687932456411967	0.7298672640765154	0.6079310818803988	0.21237854095235942							
LOC_Os01g01510	1	16.0	26.0	0.45	52.0	0.6788264859107233	0.6976641329323374	0.6030741091127749	0.5158880443107792	0.17428186259618628							
LOC_Os01g01510	2	7.0	27.0	0.475	53.0	0.734378247491775	0.6697833363602802	0.606509851084815	0.4399277787867601	0.17040601962035706							
LOC_Os01g01510	3	16.0	21.0	0.42	42.0	0.7035699659778226	0.6976987632309518	0.5893965591619044	0.5058995877436506	0.16930885257259498							
LOC_Os01g01520	1	5.0	6.0	0.105	12.0	0.61932373046875	0.5953413800495425	0.4954162409276138	0.2751137933498475	0.24488433837890627							
LOC_Os01g01520	2	13.0	11.0	0.305	21.0	0.6295067571824597	0.6433386453768102	0.5022899869047565	0.4244462151256034	0.2529896506449071							
LOC_Os01g01520	3	18.0	23.0	0.555	46.0	0.9132669837244093	0.8374819188583189	0.7505559928623246	0.6141606396194397	0.33718197474556555							
LOC_Os01g01530	1	13.0	25.0	0.53	50.0	0.7843170166015625	0.6937462643879218	0.6278458495198944	0.5162487547959739	0.21622963786125182							
LOC_Os01g01530	2	11.0	29.0	0.48	58.0	0.7840261151713711	0.71539306640625	0.6711358236677851	0.49013102213541665	0.21054713838523453							
LOC_Os01g01530	3	10.0	25.0	0.535	50.0	0.7793498539155528	0.7495240002143673	0.6626893870624494	0.5115080000714558	0.20073680929599258							
LOC_Os01g01540	1	6.0	33.0	0.435	66.0	0.7694392050466231	0.7212221099109184	0.6431367309005172	0.4354073699703061	0.21415522467705528							
LOC_Os01g01540	2	9.0	36.0	0.45	72.0	0.774581786124937	0.7282888365954888	0.670934803691911	0.46776294553182957	0.20117229434751693							
LOC_Os01g01540	3	9.0	31.0	0.4	62.0	0.5981635432089527	0.5776736561844988	0.5186735671243549	0.4008912187281663	0.13762489573609427							
LOC_Os01g01550	1	13.0	21.0	0.44	42.0	0.7538266951037991	0.6657984198593513	0.5985087465356896	0.47693280661978377	0.2511047059489834							
LOC_Os01g01550	2	9.0	25.0	0.56	50.0	0.6920244770665324	0.6735617242208342	0.6342513826158312	0.48618724140694475	0.09336237722827556							
LOC_Os01g01550	3	9.0	27.0	0.53	53.0	0.7302770306987149	0.6838471947646723	0.633262245743363	0.4796157315882241	0.14838487886613427							
LOC_Os01g01560	1	8.0	22.0	0.38	44.0	0.6882176553049395	0.680924020162443	0.6341934204101562	0.4203080067208143	0.15305426228430963							
LOC_Os01g01560	2	13.0	25.0	0.48	50.0	0.8119979366179434	0.7612155821265243	0.678259578751929	0.5220718607088414	0.22484757269582423							
LOC_Os01g01560	3	20.0	18.0	0.49	36.0	0.7879481161794353	0.693463534843631	0.6584523518880208	0.5611545116145437	0.22494164836022146							
LOC_Os01g01570	1	20.0	24.0	0.455	48.0	0.7788861797701929	0.7402781509771579	0.6125314265121649	0.565092716992386	0.21279455169554695							
LOC_Os01g01570	2	20.0	21.0	0.55	42.0	0.8976618705257294	0.7959148011556486	0.6626053400981573	0.6153049337185496	0.33518339316691137							
LOC_Os01g01570	3	9.0	19.0	0.415	38.0	0.7162266392861643	0.6900202123130241	0.6330607378924334	0.443340070771008	0.2254047055398264							
LOC_Os01g01580	1	17.0	23.0	0.5	46.0	0.749940441500756	0.7736343872256396	0.6340075893166623	0.5662114624085465	0.20811222133113128							
LOC_Os01g01580	2	17.0	24.0	0.535	48.0	0.8418047505040321	0.8015106945503048	0.7377543920352134	0.5871702315167683	0.2233811193127785							
LOC_Os01g01580	3	15.0	27.0	0.605	54.0	0.8538919264270414	0.7670263895174354	0.7050652503967284	0.5823421298391451	0.21949937583938728							
LOC_Os01g01590	1	13.0	21.0	0.62	41.0	0.7862125519783266	0.7658475550209601	0.748331234778887	0.5702825183403201	0.12546923675844746							
LOC_Os01g01590	2	9.0	21.0	0.545	42.0	0.788363056798135	0.70594936463891	0.6663071903181663	0.49198312154630336	0.1833277169062244							
LOC_Os01g01590	3	10.0	21.0	0.565	41.0	0.7851011214717741	0.7518321711842608	0.6777692724157263	0.5222773903947536	0.1593755717142935							
LOC_Os01g01600	1	7.0	22.0	0.385	44.0	0.6794291773150044	0.6789830603250644	0.5415044596165787	0.41299435344168817	0.18390361693597607							
LOC_Os01g01600	2	6.0	18.0	0.235	36.0	0.5975115376134071	0.57770854670827	0.5024485646942516	0.32090284890275667	0.1934174137730751							
LOC_Os01g01600	3	11.0	18.0	0.485	36.0	0.8090760169490692	0.7223159743518364	0.6797595612796736	0.4941053247839455	0.23597512702788082							
LOC_Os01g01610	1	12.0	24.0	0.57	48.0	0.7882227743825606	0.7545664717511432	0.6907739992494936	0.5415221572503811	0.18424593102547437							
LOC_Os01g01610	2	10.0	26.0	0.605	52.0	0.8872572375882056	0.8280289812785826	0.7523300500563633	0.5610096604261942	0.28125022903565433							
LOC_Os01g01610	3	10.0	20.0	0.455	40.0	0.8421808058215726	0.7758746801353081	0.7170049297956772	0.493624893378436	0.2556207135511983							
LOC_Os01g01620	1	9.0	29.0	0.51	58.0	0.7518025059853829	0.7171630859374999	0.6707943339406708	0.4840543619791666	0.15118409587490922							
LOC_Os01g01620	2	8.0	25.0	0.435	50.0	0.6723875230358494	0.6800840424328314	0.6240018679771894	0.43836134747761046	0.10999172675900326							
LOC_Os01g01620	3	16.0	28.0	0.585	56.0	0.832155289188508	0.7818158777748666	0.714087215470679	0.5889386259249555	0.23620983196843048							
LOC_Os01g01640	1	12.0	24.0	0.585	47.0	0.7552726499495965	0.743130195431593	0.6842085284951293	0.5427100651438643	0.1352560369430047							
LOC_Os01g01640	2	12.0	24.0	0.575	48.0	0.7580940492691534	0.748991384738829	0.6845841584382233	0.5413304615796096	0.13444541292805834							
LOC_Os01g01640	3	12.0	21.0	0.54	42.0	0.7563063098538306	0.7500535918445123	0.6925879584418402	0.5300178639481707	0.15388788715485602							
LOC_Os01g01650	1	9.0	21.0	0.435	42.0	0.6927058235291511	0.7017562621977271	0.6370985530040882	0.45391875406590904	0.21873571874164954							
LOC_Os01g01650	2	9.0	22.0	0.48	44.0	0.6772527387065272	0.6765648446431974	0.6502414632726599	0.4605216148810658	0.15457870864099077							
LOC_Os01g01650	3	12.0	23.0	0.35	46.0	0.7840812436995966	0.7520871046112806	0.5872290811420958	0.46736236820376015	0.29949181956629584							
LOC_Os01g01660	1	6.0	25.0	0.445	50.0	0.7327004709551413	0.6955410096703505	0.6485678590374228	0.4301803365567835	0.1698015394518454							
LOC_Os01g01660	2	6.0	24.0	0.375	48.0	0.7223820840158771	0.6978581823953768	0.645077210885507	0.40761939413179227	0.17146942246344787							
LOC_Os01g01660	3	8.0	19.0	0.385	38.0	0.6846608807963709	0.6541971346227134	0.5712148407359182	0.4130657115409045	0.1647895934504846							
LOC_Os01g01670	1	10.0	26.0	0.53	52.0	0.802029517389113	0.7627626744712273	0.7156922787795832	0.5142542248237424	0.17700576374607713							
LOC_Os01g01670	2	10.0	24.0	0.545	48.0	0.7386688263185561	0.7011886224514102	0.6784276903411488	0.4987295408171368	0.15833747932987818							
LOC_Os01g01670	3	8.0	23.0	0.39	46.0	0.6853315291866181	0.6641503310785061	0.6216843451982662	0.418050110359502	0.12109781603659364							
LOC_Os01g01680	1	7.0	25.0	0.325	49.0	0.5703394105357509	0.5448830796451104	0.5037343399024303	0.34829435988170343	0.15088774048512987							
LOC_Os01g01680	2	11.0	24.0	0.5	48.0	0.6954179733030258	0.699540295251986	0.6311592216844911	0.49151343175066203	0.17313770497717518							
LOC_Os01g01680	3	11.0	27.0	0.49	53.0	0.7044155982232863	0.6846255703670224	0.6259695762469445	0.48320852345567417	0.13487733514078193							
LOC_Os01g01689	1	9.0	22.0	0.45	44.0	0.7070027012978831	0.7474893709508384	0.6565674204885223	0.47416312365027946	0.17908366645254747							
LOC_Os01g01689	2	9.0	22.0	0.45	44.0	0.7070027012978831	0.7474893709508384	0.6565674204885223	0.47416312365027946	0.17908366645254747							
LOC_Os01g01689	3	11.0	23.0	0.435	46.0	0.7070495851578252	0.7174895681985997	0.6559974293649933	0.47582985606619993	0.13155393740025978							
LOC_Os01g01700	1	11.0	20.0	0.49	40.0	0.8323278580942464	0.7816293646649617	0.6765600251562801	0.5155431215549873	0.30899508583930246							
LOC_Os01g01700	2	11.0	20.0	0.435	40.0	0.819493724453834	0.7692621975410276	0.6571139229668511	0.4930873991803426	0.28431358014383634							
LOC_Os01g01700	3	9.0	29.0	0.54	58.0	0.7097935830393145	0.6962019757526677	0.6425900871371046	0.48706732525088925	0.16200266468909474							
LOC_Os01g01710	1	12.0	24.0	0.505	48.0	0.7389857384466355	0.6815368838426543	0.6177295166769146	0.4955122946142181	0.17066862313978126							
LOC_Os01g01710	2	13.0	23.0	0.48	46.0	0.7610306278351816	0.7218751674745141	0.630458054719148	0.5089583891581714	0.19791234647074074							
LOC_Os01g01710	3	7.0	25.0	0.415	50.0	0.6547933393909083	0.6598458639005335	0.601864284939236	0.4166152879668445	0.13251886995827267							
LOC_Os01g01720	1	12.0	25.0	0.465	50.0	0.7551292911652597	0.713541914777058	0.6380192321023823	0.492847304925686	0.19718554650583586							
LOC_Os01g01720	2	18.0	18.0	0.49	36.0	0.7753537085748486	0.7259004174209225	0.6438753104504243	0.5553001391403075	0.18400388748415042							
LOC_Os01g01720	3	10.0	20.0	0.495	40.0	0.7378372684601814	0.7161500512099848	0.650970458984375	0.4870500170699949	0.14276761208811106							
LOC_Os01g01730	1	13.0	27.0	0.565	54.0	0.8398873882908973	0.7317545559348129	0.6689419643378552	0.5405848519782709	0.2565132784266624							
LOC_Os01g01730	2	7.0	32.0	0.475	64.0	0.8072845705093875	0.7762020157604683	0.625629910716304	0.47540067192015617	0.24257264631409792							
LOC_Os01g01730	3	8.0	29.0	0.485	58.0	0.7630594315067413	0.6633398009509576	0.62368467119005	0.4494466003169859	0.21805351842795628							
LOC_Os01g01740	1	7.0	21.0	0.315	42.0	0.6469037455897176	0.6384857922065548	0.5885010707525559	0.37616193073551824	0.2046287650446737							
LOC_Os01g01740	2	7.0	17.0	0.265	34.0	0.7027824155745966	0.6237554782774389	0.4849710346739969	0.354585159425813	0.30240502757410836							
LOC_Os01g01740	3	8.0	19.0	0.325	38.0	0.6830149004536288	0.6653963414634148	0.5994971004533179	0.39679878048780487	0.1669777033405917							
LOC_Os01g01760	1	7.0	22.0	0.345	42.0	0.679562722482989	0.6217429928663302	0.5279338977955005	0.38058099762211	0.22672367219002026							
LOC_Os01g01760	2	13.0	22.0	0.51	44.0	0.8081950526083669	0.7353955943409989	0.6739510901180314	0.5234651981136663	0.22414569900881853							
LOC_Os01g01760	3	13.0	22.0	0.51	44.0	0.8081537062121975	0.7369834388174662	0.6740421954496406	0.5239944796058221	0.22103019507661936							
LOC_Os01g01770	1	15.0	28.0	0.65	56.0	0.8556003935875429	0.8298326614426405	0.7415934771667293	0.6182775538142135	0.1933510668816103							
LOC_Os01g01770	2	10.0	19.0	0.455	38.0	0.7187437511259507	0.6441388217414298	0.5761242685494599	0.44971294058047656	0.23946699239553915							
LOC_Os01g01770	3	15.0	28.0	0.65	56.0	0.8406978211095254	0.8352541807221203	0.7439657729349018	0.6200847269073734	0.1738708427836816							
LOC_Os01g01780	1	6.0	23.0	0.41	46.0	0.6471055553805445	0.6724421803544207	0.6061169895125024	0.41081406011814026	0.1688017861436053							
LOC_Os01g01780	2	18.0	22.0	0.58	44.0	0.8105946202431956	0.7700440941787345	0.6857454276379245	0.6000146980595781	0.21466160251248267							
LOC_Os01g01780	3	11.0	19.0	0.33	38.0	0.6849208954841861	0.6758349348859088	0.599402203971957	0.426944978295303	0.17335681238482092							
LOC_Os01g01790	1	11.0	14.0	0.37	28.0	0.768528353783392	0.6876585425400153	0.590124907316985	0.44421951418000516	0.26635865888287935							
LOC_Os01g01790	2	6.0	19.0	0.31	38.0	0.6311586441532256	0.6141089462652438	0.5864287953317902	0.3580363154217479	0.12031342168008108							
LOC_Os01g01790	3	11.0	17.0	0.44	33.0	0.8212742959299396	0.7644182065638099	0.6175464112081644	0.49313940218793667	0.2910198079386066							
LOC_Os01g01800	1	12.0	18.0	0.41	36.0	0.7499488092237901	0.7094190644054879	0.6474258987991898	0.4731396881351626	0.20270302064957135							
LOC_Os01g01800	2	12.0	22.0	0.475	44.0	0.7508859942036291	0.7215323099275913	0.6556102611400463	0.4988441033091971	0.18203524804884397							
LOC_Os01g01800	3	12.0	22.0	0.34	44.0	0.7075362666960686	0.691026641101372	0.6100249113859952	0.4436755470337907	0.18525108660421075							
LOC_Os01g01810	1	16.0	26.0	0.545	52.0	0.8207269483996975	0.7707566051948362	0.7312551067199236	0.5719188683982788	0.21692314954534642							
LOC_Os01g01810	2	19.0	24.0	0.615	47.0	0.8603081549367597	0.7709395245807927	0.6909624912120677	0.6203131748602643	0.2351212431153944							
LOC_Os01g01810	3	13.0	33.0	0.585	66.0	0.8197482324415636	0.8142825917499822	0.6965212409878955	0.5747608639166607	0.17738538213314536							
LOC_Os01g01830	1	8.0	24.0	0.46	48.0	0.7300566088768742	0.7066139360753503	0.6881515479382172	0.4555379786917834	0.1578548085304997							
LOC_Os01g01830	2	16.0	23.0	0.6	46.0	0.8537454297465662	0.8485549833716417	0.7349794882315177	0.616184994457214	0.21885745667642154							
LOC_Os01g01830	3	11.0	24.0	0.495	48.0	0.7320354830834174	0.6972057063405108	0.6217721067828896	0.4890685687801703	0.14954450484245052							
LOC_Os01g01840	1	15.0	17.0	0.45	34.0	0.7756308278729838	0.7397410695145772	0.6782989972903405	0.521580356504859	0.2073831662824076							
LOC_Os01g01840	2	20.0	27.0	0.59	54.0	0.9289836268271167	0.8151762427353277	0.727222725197121	0.6350587475784426	0.27382955716502255							
LOC_Os01g01840	3	10.0	27.0	0.55	54.0	0.7828487273185484	0.728185566460214	0.6621371610665027	0.5093951888200713	0.1860444607465498							
LOC_Os01g01850	1	11.0	32.0	0.685	62.0	0.8900673120252546	0.8348917757592551	0.7957713890958714	0.5982972585864185	0.1912724002234395							
LOC_Os01g01850	2	9.0	26.0	0.595	52.0	0.7857941658266129	0.7270759024271151	0.6937306722005208	0.515691967475705	0.18738346645908965							
LOC_Os01g01850	3	9.0	27.0	0.55	54.0	0.8117290119970998	0.7845517193398827	0.7312511087935648	0.5198505731132942	0.21543223725211236							
LOC_Os01g01860	1	8.0	26.0	0.545	51.0	0.7527630098404421	0.7205601988769157	0.6427051255732407	0.48852006629230527	0.15518805461545127							
LOC_Os01g01860	2	8.0	27.0	0.585	54.0	0.8266946269619847	0.7781758511938702	0.6737069921729005	0.5210586170646234	0.22258916602019319							
LOC_Os01g01860	3	21.0	24.0	0.58	47.0	0.8954343488139492	0.8532695305056688	0.7216936018731858	0.6527565101685563	0.27045013629621084							
LOC_Os01g01870	1	15.0	22.0	0.44	44.0	0.7910707535282256	0.7505329411204266	0.6229221673659336	0.5218443137068088	0.2472390069500091							
LOC_Os01g01870	2	9.0	24.0	0.4	47.0	0.7038057388797884	0.6778590504716083	0.6394408897117332	0.4342863501572028	0.14803465504800128							
LOC_Os01g01870	3	13.0	26.0	0.625	52.0	0.8844195950415827	0.8384142619807546	0.7279303905404643	0.5961380873269182	0.21909484956533687							
LOC_Os01g01880	1	11.0	22.0	0.47	44.0	0.7584415558845766	0.7319886742568598	0.6300331633767964	0.49232955808561996	0.19639735558340632							
LOC_Os01g01880	2	11.0	20.0	0.495	40.0	0.757332094254032	0.7338093083079267	0.6769190658757716	0.5012697694359756	0.16885122114612183							
LOC_Os01g01880	3	12.0	19.0	0.41	38.0	0.7985391924458166	0.7628088230040014	0.7171873869719328	0.4909362743346671	0.2596368602591177							
LOC_Os01g01890	1	11.0	15.0	0.42	30.0	0.7418070147114415	0.7285657743128333	0.6105822810420283	0.47452192477094446	0.1925424597340245							
LOC_Os01g01890	2	11.0	17.0	0.445	34.0	0.7652117513841197	0.7046477620194599	0.6521382155241788	0.47488258733982	0.22155496887622328							
LOC_Os01g01890	3	11.0	17.0	0.51	33.0	0.7804380847561742	0.7221767146412919	0.6251538123613521	0.5023922382137639	0.1816745807278538							
LOC_Os01g01900	1	15.0	20.0	0.595	39.0	0.8753514443674396	0.8352697011901111	0.7035983462392547	0.6017565670633703	0.27293343890097843							
LOC_Os01g01900	2	15.0	20.0	0.515	40.0	0.7963295752002347	0.7460874595293183	0.6553320715456833	0.5453624865097728	0.22473482998148087							
LOC_Os01g01900	3	11.0	21.0	0.48	42.0	0.7755605924514031	0.7592922987007514	0.6726626871544636	0.5047640995669171	0.2287468982127403							
LOC_Os01g01910	1	10.0	27.0	0.595	53.0	0.789213467028833	0.7394744841063895	0.7042773417484612	0.5281581613687965	0.15557660469124368							
LOC_Os01g01910	2	13.0	24.0	0.54	47.0	0.8052931754819806	0.7482043533790402	0.6694278275525127	0.5377347844596801	0.18886628320140209							
LOC_Os01g01910	3	11.0	27.0	0.54	53.0	0.8289981503640451	0.7663627368647877	0.726984006387216	0.5271209122882626	0.18549491597760104							
LOC_Os01g01920	1	12.0	23.0	0.55	45.0	0.7755313996345766	0.7600149759432164	0.7044063615210262	0.5366716586477388	0.1628374699623354							
LOC_Os01g01920	2	12.0	23.0	0.55	45.0	0.7755313996345766	0.7600149759432164	0.7044063615210262	0.5366716586477388	0.1628374699623354							
LOC_Os01g01920	3	5.0	14.0	0.205	28.0	0.4701641451927924	0.45889245010003815	0.372561796211902	0.26296415003334606	0.15109696503608466							
LOC_Os01g01925	1	14.0	23.0	0.435	46.0	0.822021484375	0.7351015602670065	0.6596156461739247	0.5067005200890021	0.2299445533752441							
LOC_Os01g01925	2	16.0	21.0	0.415	42.0	0.8446615895917339	0.7538407604868819	0.6675904886222179	0.5229469201622939	0.29035523745321457							
LOC_Os01g01925	3	7.0	18.0	0.355	36.0	0.6319046904963831	0.5800223001619665	0.5248107939590643	0.37000743338732217	0.16604190551465547							
LOC_Os01g01930	1	16.0	28.0	0.67	56.0	0.8691734960002282	0.8576499340010854	0.7553660854881193	0.6425499780003618	0.17634395741647269							
LOC_Os01g01930	2	9.0	28.0	0.65	54.0	0.8278199318916567	0.7764398179403167	0.733663750283512	0.5504799393134389	0.1550739265353449							
LOC_Os01g01930	3	8.0	25.0	0.525	50.0	0.8032167419310539	0.787461338973627	0.7234436589994548	0.5041537796578757	0.22712305362186125							
LOC_Os01g01940	1	14.0	19.0	0.445	38.0	0.7834344679309474	0.75400078005907	0.6914299858940972	0.5163335933530233	0.2612756973697291							
LOC_Os01g01940	2	15.0	26.0	0.525	51.0	0.8291296189831148	0.7923333703017816	0.6955804236141252	0.5641111234339272	0.22259045777782305							
LOC_Os01g01940	3	21.0	18.0	0.45	36.0	0.9180238785282255	0.8620382169397868	0.7298097374998492	0.6123460723132622	0.4047403158680083							
LOC_Os01g01950	1	9.0	33.0	0.55	66.0	0.7697552711732927	0.7499711106463179	0.6867537086392627	0.5083237035487727	0.14485767672138838							
LOC_Os01g01950	2	19.0	22.0	0.585	44.0	0.843727357925907	0.8456502774866619	0.7160295093501055	0.6352167591622205	0.1839327276261844							
LOC_Os01g01950	3	8.0	26.0	0.365	52.0	0.6320909684704195	0.6104435339206603	0.528031078385718	0.39181451130688677	0.14285731254085404							
LOC_Os01g01960	1	11.0	17.0	0.445	34.0	0.7026746811405306	0.6187763214111327	0.5646797521614734	0.44625877380371093	0.20478369612847613							
LOC_Os01g01960	2	12.0	22.0	0.545	44.0	0.8351868660219255	0.7358645927615279	0.6799023475176023	0.5269548642538426	0.23297925303059253							
LOC_Os01g01960	3	22.0	15.0	0.515	30.0	0.8825553155714465	0.8585731692430448	0.7322703231999904	0.6411910564143484	0.2963271213346912							
LOC_Os01g01970	1	15.0	18.0	0.625	36.0	0.9162588715553283	0.8953939981576874	0.7728431040858045	0.6317979993858959	0.2254644969105719							
LOC_Os01g01970	2	15.0	20.0	0.6	40.0	0.916353948654667	0.8955135229157241	0.78917466563943	0.6235045076385747	0.2380569934268152							
LOC_Os01g01970	3	11.0	27.0	0.53	54.0	0.7761880197832658	0.7687593785727898	0.664428522557388	0.5245864595242632	0.19107581523156902							
LOC_Os01g01980	1	11.0	26.0	0.47	52.0	0.7979461916031375	0.7474549456340512	0.6393965261953848	0.4974849818780171	0.2707721050323978							
LOC_Os01g01980	2	12.0	16.0	0.3	32.0	0.6170536164314517	0.6174472715796494	0.5406873491075304	0.40581575719321644	0.2347248079718613							
LOC_Os01g01980	3	10.0	23.0	0.4	46.0	0.8082943577920236	0.7264007707921468	0.6537983623551733	0.45880025693071563	0.2954448027764597							
LOC_Os01g01990	1	22.0	26.0	0.545	52.0	0.9156257875504029	0.8429610089557927	0.6767068188867451	0.6459870029852642	0.3402243103327287							
LOC_Os01g01990	2	22.0	21.0	0.51	42.0	0.9146019720262094	0.8418296255716464	0.6761341433466217	0.6339432085238822	0.3631823521083398							
LOC_Os01g01990	3	5.0	25.0	0.425	50.0	0.7228670735513011	0.6801273997237044	0.6168889763914508	0.4100424665745681	0.23542108251202498							
LOC_Os01g02000	1	13.0	18.0	0.505	35.0	0.6661923316217238	0.6481662378078554	0.6167545554078654	0.4927220792692852	0.09970050842531264							
LOC_Os01g02000	2	12.0	21.0	0.42	42.0	0.7147488901692053	0.7067699897580031	0.6223557790120443	0.47558999658600104	0.18794940925413572							
LOC_Os01g02000	3	9.0	21.0	0.45	42.0	0.6561692760836692	0.6498530783304353	0.5752665672773196	0.4416176927768118	0.11775415881987517							
LOC_Os01g02010	1	8.0	25.0	0.55	50.0	0.7009750643084126	0.6868502570361624	0.6258510660242151	0.4789500856787208	0.14896298554635812							
LOC_Os01g02010	2	10.0	24.0	0.515	48.0	0.7145902572139616	0.6611811940262957	0.6199307853792919	0.47539373134209856	0.15566757540548992							
LOC_Os01g02010	3	10.0	22.0	0.53	44.0	0.7473408099143737	0.7178951356469133	0.6922227453302453	0.49929837854897113	0.15851834914376672							
LOC_Os01g02020	1	13.0	16.0	0.445	32.0	0.7571743380638861	0.7528431590010481	0.6700714922245637	0.5076143863336827	0.281410977801969							
LOC_Os01g02020	2	10.0	22.0	0.45	43.0	0.6833923516734954	0.6501251866177814	0.6088806125852797	0.4500417288725938	0.11973588149393766							
LOC_Os01g02020	3	8.0	21.0	0.42	41.0	0.6815911569902974	0.6497573852539062	0.6105500209478684	0.42325246175130204	0.14231541541314896							
LOC_Os01g02040	1	10.0	29.0	0.475	58.0	0.7310367707283265	0.711246397437119	0.6415582350742668	0.4787487991457063	0.15320102014849257							
LOC_Os01g02040	2	6.0	27.0	0.34	54.0	0.686675040952621	0.6703163705221036	0.6276184835551697	0.38677212350736784	0.11459036611741591							
LOC_Os01g02040	3	7.0	19.0	0.255	38.0	0.6708984374999999	0.6135536752096036	0.5465886622299382	0.3478512250698678	0.20167642593383778							
LOC_Os01g02050	1	9.0	20.0	0.51	40.0	0.7756852180727064	0.7040829542206556	0.6823060777452257	0.47969431807355184	0.2336715967424452							
LOC_Os01g02050	2	7.0	26.0	0.495	52.0	0.7540790188697076	0.7257647863248501	0.6870508193969727	0.46525492877494995	0.18171388272316225							
LOC_Os01g02050	3	9.0	18.0	0.345	36.0	0.6916469450919858	0.6202775908679499	0.5552717903513966	0.3967591969559832	0.25563896617581755							
LOC_Os01g02060	1	14.0	27.0	0.615	54.0	0.8182857574955109	0.7713488834660227	0.7027660299230505	0.5787829611553409	0.17877587456857003							
LOC_Os01g02060	2	14.0	25.0	0.56	50.0	0.8132465731713079	0.7558638409870426	0.6988880958086179	0.5552879469956808	0.1814760005089544							
LOC_Os01g02060	3	12.0	23.0	0.555	46.0	0.7737013293850804	0.7164679852927603	0.6577052893462003	0.5238226617642535	0.1609599901783848							
LOC_Os01g02070	1	18.0	24.0	0.635	47.0	0.8697104300222088	0.7809143284472024	0.6984587274951699	0.6219714428157341	0.20510373365494505							
LOC_Os01g02070	2	18.0	28.0	0.615	56.0	0.917759556924143	0.867604558060809	0.7825263849011174	0.644201519353603	0.2422905002582456							
LOC_Os01g02070	3	18.0	24.0	0.63	48.0	0.8716883505544354	0.7793428374499809	0.7195501327514648	0.6197809458166602	0.20973187547537575							
LOC_Os01g02080	1	8.0	28.0	0.505	56.0	0.716202243681877	0.6800351724392032	0.644955140573007	0.4616783908130677	0.14377510916802205							
LOC_Os01g02080	2	8.0	29.0	0.4	58.0	0.736635269657258	0.695648193359375	0.637465677143615	0.4318827311197917	0.15634512378323462							
LOC_Os01g02080	3	10.0	28.0	0.57	56.0	0.7907350601688505	0.7717447048280297	0.7278901912547924	0.5305815682760099	0.15721344132577197							
LOC_Os01g02090	1	20.0	18.0	0.545	36.0	0.8852115754158266	0.8148913732389125	0.7199490394121335	0.6199637910796375	0.2744046942264803							
LOC_Os01g02090	2	20.0	17.0	0.47	34.0	0.8940742246566281	0.8153495555970726	0.7246838734473711	0.5951165185323576	0.295312954610394							
LOC_Os01g02090	3	9.0	22.0	0.49	44.0	0.7785329511088711	0.7125396728515625	0.6283524124710649	0.47584655761718747	0.2259296467227322							
LOC_Os01g02100	1	12.0	24.0	0.545	48.0	0.8029548891129031	0.7258836699695123	0.6860073819572542	0.5236278899898373	0.16879689531941555							
LOC_Os01g02100	2	12.0	23.0	0.54	45.0	0.8057467552923389	0.7269108469893293	0.6811384624905057	0.5223036156631098	0.1812169930242724							
LOC_Os01g02100	3	7.0	25.0	0.455	50.0	0.7659341135332662	0.6893700390327268	0.6375349539297599	0.4397900130109089	0.18282164481378382							
LOC_Os01g02110	1	13.0	21.0	0.61	41.0	0.788537856071226	0.745624130818902	0.70808826626083	0.5602080436063006	0.15719676199459254							
LOC_Os01g02110	2	14.0	21.0	0.645	41.0	0.8507474622418806	0.8010663113942962	0.732545178613545	0.5986887704647654	0.1745045861890241							
LOC_Os01g02110	3	12.0	21.0	0.535	41.0	0.8182240666881685	0.8067258436505386	0.7256857988275127	0.5472419478835128	0.20910783399497312							
LOC_Os01g02120	1	11.0	27.0	0.545	54.0	0.8504757535073065	0.7753048175718728	0.7475602089622874	0.5317682725239576	0.256653084418466							
LOC_Os01g02120	2	17.0	21.0	0.52	42.0	0.8519984829810356	0.877842507711271	0.759152775929298	0.6076141692370903	0.2990652117641961							
LOC_Os01g02120	3	13.0	20.0	0.475	40.0	0.784408527035867	0.7782557097876943	0.6776566166936614	0.5260852365958981	0.22207311393753182							
LOC_Os01g02130	1	9.0	23.0	0.5	46.0	0.7813398299678678	0.732796459663205	0.638313145549209	0.4859321532210683	0.22322357784355829							
LOC_Os01g02130	2	6.0	20.0	0.27	40.0	0.6536550214213709	0.6364448361280486	0.5721605206713264	0.3521482787093495	0.15755459093278446							
LOC_Os01g02130	3	11.0	23.0	0.4	46.0	0.7629433908770163	0.7541652772484757	0.64768906581549	0.47638842574949186	0.18162359145379858							
LOC_Os01g02139	1	8.0	23.0	0.405	46.0	0.771637947328629	0.7502500952743902	0.6867788809317129	0.45175003175813006	0.18314370370680289							
LOC_Os01g02139	2	17.0	19.0	0.585	37.0	0.8919803250220515	0.8768822274556973	0.7444740577980323	0.6289607424852325	0.2519509447005488							
LOC_Os01g02139	3	8.0	27.0	0.55	54.0	0.7570973057900706	0.7087891741496762	0.6704040338963637	0.4862630580498921	0.16622536136258037							
LOC_Os01g02150	1	18.0	20.0	0.545	40.0	0.7943587764616934	0.7692647794397867	0.6468706528345743	0.5880882598132623	0.21139893199166926							
LOC_Os01g02150	2	13.0	25.0	0.54	50.0	0.7501201014364918	0.7289994402629573	0.7158585536627121	0.5313331467543191	0.15188295887362557							
LOC_Os01g02150	3	13.0	27.0	0.595	54.0	0.7717640399932861	0.7417290559629115	0.6835570482560146	0.5539096853209705	0.14708293557167051							
LOC_Os01g02160	1	10.0	18.0	0.51	36.0	0.7024142357610886	0.6662709305926067	0.5977097499517747	0.4754236435308689	0.15056131332151346							
LOC_Os01g02160	2	11.0	19.0	0.46	38.0	0.6994875015751009	0.6330947090939778	0.6055635162341741	0.45603156969799263	0.15176279415046023							
LOC_Os01g02160	3	6.0	23.0	0.44	46.0	0.7280447098516648	0.6768101250253071	0.6465934411979015	0.4222700416751024	0.1732630464338486							
LOC_Os01g02170	1	15.0	15.0	0.445	30.0	0.8855295488911291	0.8162158407816072	0.6734912071698977	0.5454052802605357	0.37526016450697386							
LOC_Os01g02170	2	17.0	14.0	0.41	28.0	0.75921138640373	0.7421504695241046	0.6356609397464328	0.5257168231747015	0.2264628797385002							
LOC_Os01g02170	3	15.0	19.0	0.375	38.0	0.8057191910282259	0.73545688536109	0.6275943473533347	0.4951522951203633	0.26225677151833815							
LOC_Os01g02180	1	16.0	20.0	0.515	40.0	0.7666403170554867	0.7740220034994733	0.6963007339724787	0.5630073344998244	0.2335852287091862							
LOC_Os01g02180	2	6.0	23.0	0.285	46.0	0.6262822305002519	0.6080694431211888	0.5549175121166088	0.34768981437372964	0.16201110470679486							
LOC_Os01g02180	3	16.0	15.0	0.39	30.0	0.7665464801173055	0.7740220034994733	0.6747501779485632	0.5213406678331577	0.28529809096237535							
LOC_Os01g02190	1	11.0	25.0	0.415	50.0	0.6900531399634577	0.6138266179619765	0.5628772775332131	0.4346088726539921	0.17786391887933983							
LOC_Os01g02190	2	12.0	27.0	0.48	53.0	0.7212544102822579	0.6235127187356717	0.5713261424759287	0.4678375729118906	0.19650033487427598							
LOC_Os01g02190	3	11.0	26.0	0.56	52.0	0.784271486343876	0.7785103030321074	0.7123930660294897	0.5378367676773692	0.20659057194186792							
LOC_Os01g02200	1	16.0	23.0	0.515	46.0	0.7780189514160155	0.7369867417870497	0.6882914025106548	0.55066224726235	0.1775799536705016							
LOC_Os01g02200	2	10.0	26.0	0.52	52.0	0.7486181566792149	0.7142969108209375	0.6766201220912699	0.49476563694031245	0.15564750976139496							
LOC_Os01g02200	3	9.0	21.0	0.49	42.0	0.713808859548261	0.6715301885837462	0.6459225077687958	0.4621767295279154	0.1402726971718572							
LOC_Os01g02210	1	10.0	22.0	0.44	44.0	0.844727546938004	0.7651365326672067	0.6425101433271242	0.48504551088906894	0.3104756281452794							
LOC_Os01g02210	2	9.0	15.0	0.31	30.0	0.6968137679561489	0.6869190495188644	0.5658334802698206	0.40730634983962144	0.2477260909541958							
LOC_Os01g02210	3	9.0	18.0	0.305	36.0	0.733536381875315	0.7169249930032868	0.5195765671906648	0.41564166433442895	0.2923940421688941							
LOC_Os01g02220	1	15.0	26.0	0.5	51.0	0.7018828853484124	0.6948208692597181	0.6204191343283948	0.5232736230865727	0.12454174007138907							
LOC_Os01g02220	2	8.0	25.0	0.505	50.0	0.7167467917165447	0.6709159292825839	0.6277076403299967	0.4586386430941946	0.1827592910489726							
LOC_Os01g02220	3	10.0	20.0	0.44	40.0	0.7130368140435989	0.677296801311214	0.5907942571757753	0.4557656004370713	0.21408911974199363							
LOC_Os01g02230	1	9.0	24.0	0.48	48.0	0.7153605799521171	0.714824025223895	0.606181788591691	0.47327467507463167	0.15596660093915093							
LOC_Os01g02230	2	11.0	22.0	0.365	44.0	0.7084508096018144	0.658433867663872	0.5881023642457561	0.4328112892212907	0.1865253220835038							
LOC_Os01g02230	3	10.0	23.0	0.43	46.0	0.8081363112695754	0.7850366583684597	0.6624687262523321	0.4883455527894865	0.28412349799948344							
LOC_Os01g02240	1	18.0	26.0	0.515	52.0	0.8267507245463711	0.7701951934070121	0.7128985369646991	0.5783983978023374	0.20119925283616602							
LOC_Os01g02240	2	10.0	22.0	0.455	44.0	0.7979172737367692	0.7497128044686667	0.6523648132512597	0.4849042681562223	0.2490329224832597							
LOC_Os01g02240	3	10.0	17.0	0.425	34.0	0.6662529976137221	0.6307600126033877	0.5511301594015993	0.43525333753446255	0.17344272831755286							
LOC_Os01g02250	1	8.0	28.0	0.57	55.0	0.7728348143639102	0.705996120848307	0.6682963768641155	0.4919987069494356	0.1651824583353534							
LOC_Os01g02250	2	11.0	18.0	0.325	36.0	0.6810371645035281	0.6309181771627287	0.5718387556664738	0.4103060590542429	0.1533399446548953							
LOC_Os01g02250	3	10.0	24.0	0.565	48.0	0.7590029931837513	0.7683491125339417	0.6706498699423706	0.5277830375113138	0.18533931639136358							
LOC_Os01g02260	1	9.0	29.0	0.565	58.0	0.7297304214969756	0.6817906077315168	0.6558225714130165	0.4905968692438389	0.12701130290185236							
LOC_Os01g02260	2	11.0	27.0	0.51	54.0	0.6984383367723034	0.6571694350824123	0.5906369244610822	0.48072314502747077	0.1564640926545665							
LOC_Os01g02260	3	14.0	23.0	0.48	46.0	0.7515810074344759	0.7210925032452842	0.6366445753309461	0.5170308344150948	0.17678495068703937							
LOC_Os01g02270	1	17.0	23.0	0.48	46.0	0.807635768767326	0.7525462639041063	0.654568472026307	0.5525154213013688	0.23399082553002137							
LOC_Os01g02270	2	9.0	19.0	0.425	38.0	0.7128313645239798	0.6183759570121766	0.6045415592782291	0.42279198567072557	0.18647734219989454							
LOC_Os01g02270	3	13.0	24.0	0.565	48.0	0.7479366179435483	0.730173994855183	0.642113991725592	0.540057998285061	0.15409549466063888							
LOC_Os01g02280	1	10.0	23.0	0.545	46.0	0.7740200411888861	0.6937075359065356	0.6690840544524015	0.4962358453021785	0.20121887083976497							
LOC_Os01g02280	2	11.0	19.0	0.465	38.0	0.6669482877177578	0.6550640943573742	0.5818608248675311	0.4650213647857914	0.11152979158586085							
LOC_Os01g02280	3	11.0	21.0	0.405	42.0	0.772758405054769	0.7036428844056479	0.6105309003665124	0.46121429480188264	0.20649487748261397							
LOC_Os01g02290	1	11.0	22.0	0.51	44.0	0.6918827179939516	0.6736126411251905	0.6270971533692913	0.48620421370839684	0.15271354654142932							
LOC_Os01g02290	2	24.0	20.0	0.465	40.0	0.8248960433467744	0.7644221608231708	0.6453593689718364	0.609807386941057	0.28776972006405566							
LOC_Os01g02290	3	12.0	27.0	0.5	53.0	0.797243179813508	0.7649297946836889	0.6780244803722993	0.5216432648945629	0.21936707450497528							
LOC_Os01g02300	1	15.0	15.0	0.37	30.0	0.7242500551285281	0.6905867413776678	0.5661359009919342	0.47852891379255597	0.22152434902806428							
LOC_Os01g02300	2	9.0	21.0	0.37	42.0	0.6206330330141129	0.6198254096798781	0.5582576798804012	0.40494180322662604	0.1256423980959							
LOC_Os01g02300	3	15.0	12.0	0.285	24.0	0.7125541933121219	0.6064583382955412	0.4894628642517843	0.4221527794318471	0.3182079084457889							
LOC_Os01g02310	1	11.0	20.0	0.505	39.0	0.7876719813193046	0.7680221185451601	0.641015417781877	0.5160073728483866	0.2507324747885429							
LOC_Os01g02310	2	6.0	23.0	0.35	46.0	0.6888723065776209	0.671840760766006	0.5993518593870563	0.390613586922002	0.1505864598674158							
LOC_Os01g02310	3	11.0	20.0	0.355	40.0	0.6611421646610384	0.6501989597227515	0.5875845073181906	0.42673298657425046	0.14252026219521807							
LOC_Os01g02320	1	13.0	19.0	0.555	38.0	0.7337941815776211	0.7113241335240805	0.665748949404116	0.5304413778413601	0.1364490106028896							
LOC_Os01g02320	2	11.0	20.0	0.475	40.0	0.7279168405840475	0.6736172931950266	0.6413448004075039	0.4745390977316755	0.1479706182787497							
LOC_Os01g02320	3	16.0	26.0	0.585	51.0	0.8488375756048389	0.7954101562500001	0.7165581385294596	0.5934700520833334	0.2037222811483569							
LOC_Os01g02334	1	12.0	27.0	0.555	54.0	0.7634513608870969	0.7321777343750002	0.6719416865596064	0.5290592447916668	0.15972457331995815							
LOC_Os01g02334	2	15.0	20.0	0.51	40.0	0.7445481823336696	0.7842509804702388	0.699509314548822	0.5564169934900797	0.20602819279199702							
LOC_Os01g02334	3	11.0	25.0	0.53	49.0	0.7188849295339276	0.7032167388171684	0.6365568578979116	0.5027389129390561	0.14683488171908154							
LOC_Os01g02350	1	15.0	17.0	0.54	34.0	0.8262538448456795	0.7118893018582971	0.6739691039662302	0.5422964339527657	0.23171765749492956							
LOC_Os01g02350	2	25.0	21.0	0.635	42.0	0.8569803545551914	0.8088920523480673	0.7068554089393145	0.6896306841160224	0.20645554579073366							
LOC_Os01g02350	3	20.0	24.0	0.6	48.0	0.8228395523563509	0.8178545556417326	0.6769529860696675	0.6392848518805776	0.2079803576007967							
LOC_Os01g02360	1	11.0	23.0	0.555	46.0	0.6675698064988659	0.6589539690715512	0.6262582525794889	0.49631798969051716	0.10617465846000174							
LOC_Os01g02360	2	10.0	19.0	0.465	37.0	0.7855037566154234	0.7492980957031251	0.6706072018470293	0.488099365234375	0.21172631463696878							
LOC_Os01g02360	3	14.0	21.0	0.525	42.0	0.7798132127331148	0.7357110744569358	0.6928192892192322	0.5369036914856453	0.16656148848995067							
LOC_Os01g02370	1	17.0	18.0	0.44	36.0	0.775820824407762	0.7484793314119664	0.6909226547052831	0.5378264438039888	0.1712164657346663							
LOC_Os01g02370	2	12.0	18.0	0.42	36.0	0.6931014522429437	0.645908262671494	0.5807054307725694	0.4553027542238313	0.16202906454763122							
LOC_Os01g02370	3	7.0	26.0	0.365	52.0	0.6554348853326613	0.6270563079089652	0.6017786190833575	0.38901876930298834	0.12074392587907845							
LOC_Os01g02380	1	10.0	27.0	0.52	54.0	0.6979966932727444	0.6512744717481659	0.6257266291865596	0.4737581572493886	0.13425115170017354							
LOC_Os01g02380	2	13.0	18.0	0.5	36.0	0.7936963727397304	0.7146943720375619	0.6434183238465109	0.513231457345854	0.25187830471223405							
LOC_Os01g02380	3	20.0	19.0	0.495	37.0	0.7980130103326613	0.7679354039634145	0.61174898971746	0.5876451346544714	0.25382232696779305							
LOC_Os01g02390	1	18.0	23.0	0.625	46.0	0.8031394712386593	0.7957427792432832	0.7505446069034529	0.6235809264144277	0.16274642390589555							
LOC_Os01g02390	2	13.0	16.0	0.585	32.0	0.8223995085685484	0.7981099384586987	0.7345365065115469	0.5693699794862329	0.17751990875890178							
LOC_Os01g02390	3	15.0	22.0	0.63	44.0	0.8590914818548389	0.8480648878144056	0.7707545433515384	0.6176882959381351	0.19796629636518437							
LOC_Os01g02400	1	16.0	21.0	0.515	42.0	0.715427121808452	0.6876662417155942	0.6562684023821795	0.5342220805718648	0.12726991622678696							
LOC_Os01g02400	2	7.0	21.0	0.465	42.0	0.673274870841734	0.6514044040586893	0.6010109230324074	0.4304681346862298	0.10944298478864867							
LOC_Os01g02400	3	12.0	23.0	0.425	46.0	0.693635417569068	0.6807239346387911	0.6312505345285675	0.46857464487959705	0.12997935925760562							
LOC_Os01g02410	1	16.0	17.0	0.375	33.0	0.7331203337638608	0.6935927228229803	0.6341246381218052	0.4895309076076601	0.2076513262717954							
LOC_Os01g02410	2	15.0	19.0	0.48	38.0	0.794185515372984	0.7697128668064025	0.6853076322579089	0.5415709556021341	0.21531123253606987							
LOC_Os01g02410	3	13.0	19.0	0.485	38.0	0.8033075640278479	0.8059188098442264	0.7210215344841097	0.5386396032814088	0.21885361619111965							
LOC_Os01g02420	1	10.0	20.0	0.42	40.0	0.7723067498976185	0.7033917496844037	0.6258777836222706	0.45779724989480125	0.19519643046202206							
LOC_Os01g02420	2	13.0	22.0	0.485	44.0	0.8334390348003757	0.8159583719765269	0.6639322469263901	0.5419861239921756	0.24622998056873202							
LOC_Os01g02420	3	7.0	21.0	0.425	41.0	0.716311485536637	0.6945094131841892	0.6307033624178097	0.4315031377280631	0.17649048603350137							
LOC_Os01g02430	1	17.0	25.0	0.535	50.0	0.7514097152217742	0.7397420929699409	0.6854935163333091	0.5665806976566469	0.13053951810444564							
LOC_Os01g02430	2	18.0	27.0	0.635	54.0	0.8302553238407259	0.7574271225347753	0.7171343344229238	0.6141423741782585	0.18138485003863614							
LOC_Os01g02430	3	11.0	24.0	0.62	48.0	0.8400305471112652	0.7867072500833653	0.7022385611946199	0.5605690833611218	0.21413463982843595							
LOC_Os01g02440	1	7.0	29.0	0.515	58.0	0.7896684215914817	0.7428912651248094	0.7000399025869958	0.4776304217082698	0.2009111447584242							
LOC_Os01g02440	2	7.0	23.0	0.395	46.0	0.7951323601507371	0.7365765920499475	0.6952503816581066	0.43552553068331584	0.28898376434080053							
LOC_Os01g02440	3	7.0	27.0	0.46	54.0	0.7191966733624859	0.6998750989030047	0.6432334905789222	0.44495836630100155	0.1573494914462491							
LOC_Os01g02450	1	11.0	25.0	0.51	50.0	0.7937769736013106	0.7406891613471798	0.6580974437572338	0.5085630537823932	0.2200309408864669							
LOC_Os01g02450	2	15.0	24.0	0.5	48.0	0.7733154296875001	0.7002905868902438	0.6573585463158877	0.5250968622967479	0.18007079124450698							
LOC_Os01g02450	3	8.0	22.0	0.545	43.0	0.7067359185987901	0.6907532622174518	0.6275755682109315	0.4785844207391506	0.13407159067930696							
LOC_Os01g02460	1	12.0	19.0	0.455	38.0	0.7136439661825859	0.7082990320717416	0.6257926446420174	0.4877663440239139	0.173215189441558							
LOC_Os01g02460	2	9.0	20.0	0.445	40.0	0.7317707461695516	0.6778605391339558	0.6015391055448555	0.44928684637798527	0.2000353521685445							
LOC_Os01g02460	3	17.0	24.0	0.525	48.0	0.7530315768334171	0.7579341981469132	0.6553843933858989	0.5693113993823045	0.15762912726983802							
LOC_Os01g02470	1	12.0	30.0	0.52	59.0	0.8062310987903225	0.7725264386432927	0.7029057520407216	0.5308421462144309	0.1328181025578129							
LOC_Os01g02470	2	12.0	30.0	0.67	59.0	0.8391298786286385	0.8145322101872143	0.7616325660988137	0.5948440700624048	0.1330668089274437							
LOC_Os01g02470	3	12.0	33.0	0.565	66.0	0.7790314997396159	0.7660819960803518	0.7433375223183337	0.5436939986934506	0.09747642051789052							
LOC_Os01g02480	1	17.0	19.0	0.52	38.0	0.7953246793439313	0.8153877607206019	0.636049570860686	0.5867959202402007	0.2521020534852656							
LOC_Os01g02480	2	10.0	25.0	0.45	50.0	0.7467907321068548	0.7122653868140243	0.6118889325930749	0.4707551289380081	0.17675869818656664							
LOC_Os01g02480	3	10.0	18.0	0.33	36.0	0.6556864092426914	0.6407202743902439	0.540750574182581	0.4069067581300813	0.18717502332502783							
LOC_Os01g02490	1	11.0	20.0	0.495	40.0	0.7605807396673387	0.7254013433689024	0.6718181364330245	0.4984671144563008	0.16950565158359465							
LOC_Os01g02490	2	11.0	20.0	0.495	40.0	0.7605807396673387	0.7254013433689024	0.6718181364330245	0.4984671144563008	0.16950565158359465							
LOC_Os01g02490	3	11.0	19.0	0.445	38.0	0.7359619140624998	0.6878840748856708	0.6621718355167059	0.46929469162855697	0.18050586193799956							
LOC_Os01g02500	1	13.0	32.0	0.485	64.0	0.7916817203644781	0.7107141076064691	0.6416170803117164	0.5069047025354897	0.24759737168588924							
LOC_Os01g02500	2	11.0	29.0	0.55	57.0	0.8384324043027815	0.7766636871710055	0.7040766963252315	0.5338878957236685	0.20105188538951246							
LOC_Os01g02500	3	11.0	28.0	0.505	55.0	0.831272748208815	0.7864426461661735	0.7015377121207155	0.5221475487220578	0.23040302167015692							
LOC_Os01g02510	1	14.0	15.0	0.47	30.0	0.8292982039913055	0.7764198489305453	0.6705069718537507	0.5321399496435151	0.32392676751459804							
LOC_Os01g02510	2	14.0	14.0	0.345	28.0	0.8293296944710515	0.770826191436954	0.5629620919992894	0.4886087304789846	0.29707805748908744							
LOC_Os01g02510	3	15.0	22.0	0.605	44.0	0.8204831404070703	0.7877070729325457	0.7475921541084478	0.5892356909775153	0.1837604842166749							
LOC_Os01g02520	1	14.0	29.0	0.675	57.0	0.834749529438634	0.8056088308008705	0.7647144146907476	0.6102029436002901	0.1557336137467814							
LOC_Os01g02520	2	17.0	19.0	0.625	38.0	0.8102584346648184	0.7673178998435417	0.7478629674440548	0.6057726332811806	0.16752044762334506							
LOC_Os01g02520	3	11.0	26.0	0.56	52.0	0.8094679309475807	0.7685332647184047	0.7029859975532248	0.5345110882394682	0.1824017675269035							
LOC_Os01g02530	1	14.0	21.0	0.57	42.0	0.8714579170750034	0.8046048792397102	0.7284470200538635	0.5748682930799034	0.2586303505109203							
LOC_Os01g02530	2	15.0	23.0	0.555	45.0	0.8065822932028001	0.732916666240227	0.6202296747101679	0.554305555413409	0.23023158698312696							
LOC_Os01g02530	3	14.0	26.0	0.7	50.0	0.8601851271044825	0.8174287807650685	0.7786920880093987	0.6224762602550228	0.15706521912928562							
LOC_Os01g02540	1	15.0	19.0	0.54	38.0	0.8120060889951646	0.7872883284964213	0.6646560106748416	0.5674294428321405	0.22160728862208723							
LOC_Os01g02540	2	11.0	18.0	0.515	36.0	0.807891353484123	0.7850561374571265	0.676233391702911	0.5250187124857089	0.22902767788979317							
LOC_Os01g02540	3	11.0	18.0	0.505	36.0	0.7829906171368015	0.7589078821787019	0.6638105607327119	0.5129692940595673	0.24032604454025153							
LOC_Os01g02550	1	29.0	21.0	0.68	42.0	0.9085981307491178	0.7995619424959509	0.7435809005925684	0.7348539808319837	0.22643921475256623							
LOC_Os01g02550	2	9.0	25.0	0.425	50.0	0.7233923019901397	0.6823306199980946	0.6351888680163724	0.44411020666603157	0.1653208984867217							
LOC_Os01g02550	3	9.0	24.0	0.58	47.0	0.7880475444178426	0.7174298821426022	0.6807605131172839	0.5074766273808674	0.16612086719082242							
LOC_Os01g02560	1	10.0	20.0	0.36	40.0	0.6593997709212766	0.604486651536895	0.5545385148790147	0.4048288838456317	0.155394376939343							
LOC_Os01g02560	2	11.0	20.0	0.44	40.0	0.6815487031013734	0.6546548052531916	0.6393615345896025	0.45655160175106385	0.1785903386146791							
LOC_Os01g02560	3	7.0	23.0	0.49	46.0	0.7282721611761278	0.7426032089605563	0.6330809298856758	0.46920106965351877	0.21803121978189877							
LOC_Os01g02570	1	13.0	23.0	0.55	45.0	0.7767366324701618	0.7703122627444385	0.7388226529698313	0.5484374209148128	0.14608521807578312							
LOC_Os01g02570	2	16.0	24.0	0.605	48.0	0.781622117565524	0.7341461181640625	0.6694287429621191	0.5797153727213541	0.18177300791586581							
LOC_Os01g02570	3	7.0	24.0	0.37	47.0	0.697446761592742	0.648580411585366	0.6050897763099199	0.39786013719512203	0.14750152157199004							
LOC_Os01g02580	1	16.0	22.0	0.46	44.0	0.7383344096522177	0.740030428258384	0.6090031222060874	0.5333434760861281	0.1747636727370866							
LOC_Os01g02580	2	7.0	26.0	0.41	51.0	0.7129356630386843	0.682858629924495	0.6472332742479112	0.422619543308165	0.18737196760792862							
LOC_Os01g02580	3	12.0	21.0	0.53	42.0	0.7017267288700226	0.6787774620986567	0.6288992092933183	0.5029258206995523	0.12015145529662408							
LOC_Os01g02590	1	12.0	22.0	0.46	43.0	0.7840805976621565	0.7620427899244354	0.6675921192875616	0.5073475966414784	0.1851019017927107							
LOC_Os01g02590	2	14.0	17.0	0.575	33.0	0.8753339705928679	0.837161580236947	0.7375914962203415	0.5873871934123157	0.2515715385540839							
LOC_Os01g02590	3	11.0	22.0	0.56	43.0	0.7582043986166676	0.718487832604385	0.6751223949738492	0.517829277534795	0.13248499499213295							
LOC_Os01g02600	1	12.0	21.0	0.495	41.0	0.6972154186617945	0.6439342963986281	0.6080258216386959	0.4796447654662093	0.1647487686526392							
LOC_Os01g02600	2	10.0	19.0	0.46	38.0	0.6835085961126512	0.6483087307069361	0.6063661810792522	0.45276957690231207	0.13697121112577382							
LOC_Os01g02600	3	17.0	25.0	0.485	50.0	0.7910973333543347	0.7050931046648723	0.6505641230830439	0.538364368221624	0.1989185880845593							
LOC_Os01g02610	1	10.0	23.0	0.565	44.0	0.7378028131300401	0.7385918687029583	0.7018946556397426	0.5178639562343195	0.12337245595891311							
LOC_Os01g02610	2	18.0	23.0	0.615	46.0	0.7568564645705684	0.7732878719888084	0.7464708310586434	0.6127626239962695	0.11463713339189219							
LOC_Os01g02610	3	15.0	19.0	0.44	37.0	0.7761949108492944	0.7401324016291922	0.6439938957308545	0.5183774672097307	0.20032607540007563							
LOC_Os01g02629	1	15.0	23.0	0.47	46.0	0.7248075546756867	0.6512413024902345	0.5878800992612485	0.4987471008300781	0.20614124674950873							
LOC_Os01g02629	2	11.0	19.0	0.36	38.0	0.7326344520814957	0.7182592531529869	0.5981743188551915	0.45108641771766234	0.2641063908703865							
LOC_Os01g02629	3	11.0	24.0	0.44	48.0	0.7322246797623173	0.7177107741193073	0.5978778792016299	0.4775702580397691	0.20761800366063277							
LOC_Os01g02650	1	12.0	25.0	0.64	49.0	0.8367647240238802	0.7529897195536918	0.7372182085190291	0.5643299065178972	0.1671272841768877							
LOC_Os01g02650	2	9.0	26.0	0.59	52.0	0.7772625338646673	0.7220594824814215	0.6904789488992573	0.5123531608271404	0.17983430322139482							
LOC_Os01g02650	3	12.0	24.0	0.565	48.0	0.8080744589528729	0.8011361462313956	0.7023980396765248	0.5553787154104651	0.19878231775376098							
LOC_Os01g02660	1	13.0	30.0	0.555	60.0	0.8069477696572579	0.7960011552019817	0.7595553927951388	0.5586670517339939	0.15146571590054403							
LOC_Os01g02660	2	11.0	30.0	0.62	59.0	0.7928406730774908	0.8054959366961226	0.7167670255825844	0.5668319788987075	0.1613797868533835							
LOC_Os01g02660	3	11.0	20.0	0.56	40.0	0.7523272114415323	0.774000958698552	0.7114126417371961	0.5363336528995174	0.16293049206094057							
LOC_Os01g02670	1	10.0	21.0	0.51	42.0	0.773012222782258	0.7134950219131099	0.6929967432846257	0.4911650073043699	0.1523952241097727							
LOC_Os01g02670	2	11.0	23.0	0.46	46.0	0.7099501932820965	0.7056851910381783	0.6354795738502785	0.4802283970127261	0.14275898944947019							
LOC_Os01g02670	3	10.0	21.0	0.49	42.0	0.7948893885458669	0.754723525628811	0.661010683318715	0.49824117520960365	0.19805473850619404							
LOC_Os01g02680	1	15.0	23.0	0.45	46.0	0.7663147218765751	0.7446998619451756	0.6706446924327332	0.5232332873150585	0.21295089560170333							
LOC_Os01g02680	2	8.0	21.0	0.35	42.0	0.7060389364919355	0.6711991472942074	0.6361342065128279	0.4070663824314025	0.15708387744042185							
LOC_Os01g02680	3	8.0	26.0	0.48	51.0	0.710132014366888	0.7058775366806403	0.6281177379466869	0.4619591788935468	0.11028325280835527							
LOC_Os01g02690	1	6.0	26.0	0.45	52.0	0.6958874117943549	0.6882904797065548	0.6205754809909396	0.42943015990218497	0.13816865321128602							
LOC_Os01g02690	2	13.0	18.0	0.39	36.0	0.6930167905745968	0.7090826267149389	0.6145628352224091	0.47469420890497965	0.16240952433609368							
LOC_Os01g02690	3	6.0	18.0	0.33	36.0	0.7040944253244708	0.6083826204625571	0.5941609512140722	0.36279420682085234	0.24400064576056696							
LOC_Os01g02700	1	10.0	24.0	0.485	47.0	0.8333001752053537	0.7800410084608127	0.675094598605309	0.5050136694869375	0.22749657227147002							
LOC_Os01g02700	2	15.0	23.0	0.625	46.0	0.8260749078566028	0.7592892530487807	0.7046517737117813	0.5864297510162603	0.1931904257112933							
LOC_Os01g02700	3	8.0	24.0	0.52	48.0	0.7043127244518651	0.6748447883419874	0.6087201436360676	0.4649482627806625	0.15353065667613874							
LOC_Os01g02710	1	8.0	21.0	0.405	41.0	0.6844659620715724	0.6572191191882621	0.562732979103371	0.4207397063960874	0.2043912106944667							
LOC_Os01g02710	2	10.0	24.0	0.535	48.0	0.7759766117219001	0.7339925998594702	0.6473896260614748	0.5063308666198234	0.20864478503504102							
LOC_Os01g02710	3	11.0	22.0	0.415	44.0	0.7163600921630859	0.7063394406946695	0.6474126334543582	0.4654464802315565	0.22717864364385604							
LOC_Os01g02720	1	14.0	26.0	0.59	52.0	0.8516643278060421	0.7744143881448885	0.7212944854924708	0.5714714627149627	0.24109449309687458							
LOC_Os01g02720	2	11.0	24.0	0.33	48.0	0.7150386687247984	0.6479181429234947	0.6074953432436341	0.41763938097449826	0.2011255522697203							
LOC_Os01g02720	3	7.0	22.0	0.415	43.0	0.7455936554939514	0.7313649247332318	0.6310234069824219	0.44045497491107727	0.18610662737200312							
