gene_id	window_rank	reverse_complement_4mer_density	reverse_complement_5mer_density	reverse_complement_6mer_density	longest_internal_rc_match	internal_rc_pair_count	palindrome_score	inverted_repeat_score	local_self_complementarity_score	simple_repeat_score	overlap_TE	TE_class	TE_family	repeat_overlap_fraction	distance_to_nearest_TE
LOC_Os01g01010	1	0.5431472081218274	0.1836734693877551	0.035897435897435895	6.0	20.0	0.022868671092021346	0.2933844635222445	0.2042042042042042	0.02889906217827641		NA	NA		
LOC_Os01g01010	2	0.5228426395939086	0.16326530612244897	0.02564102564102564	6.0	18.0	0.022868671092021346	0.29415159607327845	0.25900900900900903	0.028412782416148127		NA	NA		
LOC_Os01g01010	3	0.5888324873096447	0.19387755102040816	0.046153846153846156	6.0	20.0	0.03307301835220617	0.3039109150349179	0.1906906906906907	0.02567941047555676		NA	NA		
LOC_Os01g01019	1	0.6598984771573604	0.30612244897959184	0.1076923076923077	12.0	35.0	0.05596772094234023	0.4995774816006868	0.4241741741741742	0.039009908341018515		NA	NA		
LOC_Os01g01019	2	0.5634517766497462	0.2602040816326531	0.11282051282051282	8.0	32.0	0.050865547312247815	0.37776073968604784	0.28566066066066065	0.03217354142159289		NA	NA		
LOC_Os01g01019	3	0.5228426395939086	0.25	0.08717948717948718	8.0	31.0	0.05596772094234023	0.35706448541473923	0.2586336336336337	0.04351895987585069		NA	NA		
LOC_Os01g01030	1	0.7055837563451777	0.3010204081632653	0.11282051282051282	8.0	35.0	0.030560978784329035	0.39265370423455986	0.17717717717717718	0.02538563485155836		NA	NA		
LOC_Os01g01030	2	0.6446700507614214	0.2755102040816326	0.12307692307692308	8.0	33.0	0.03309904985031888	0.4155583424909023	0.36786786786786785	0.033996943661980514		NA	NA		
LOC_Os01g01030	3	0.5583756345177665	0.25	0.13333333333333333	10.0	37.0	0.03307301835220617	0.42032377555220196	0.32657657657657657	0.030051813134140116		NA	NA		
LOC_Os01g01040	1	0.5939086294416244	0.27040816326530615	0.07692307692307693	8.0	32.0	0.02292073408824678	0.37878851446654205	0.28603603603603606	0.02782901220323252		NA	NA		
LOC_Os01g01040	2	0.5939086294416244	0.27040816326530615	0.07692307692307693	8.0	32.0	0.02292073408824678	0.37878851446654205	0.28603603603603606	0.02782901220323252		NA	NA		
LOC_Os01g01040	3	0.5634517766497462	0.20918367346938777	0.05128205128205128	8.0	23.0	0.022894702590134063	0.35262133811807483	0.2725225225225225	0.0238114720639142		NA	NA		
LOC_Os01g01050	1	0.4263959390862944	0.12755102040816327	0.020512820512820513	6.0	16.0	0.025406742158011194	0.24747453858403823	0.16291291291291293	0.05266081195420061		NA	NA		
LOC_Os01g01050	2	0.4263959390862944	0.2193877551020408	0.07179487179487179	8.0	29.0	0.050865547312247815	0.35327547295640116	0.38213213213213215	0.047641721903010664		NA	NA		
LOC_Os01g01050	3	0.467005076142132	0.1989795918367347	0.05641025641025641	8.0	28.0	0.038149160484185866	0.34327778367662337	0.32732732732732733	0.04601092794569708		NA	NA		
LOC_Os01g01060	1	0.4213197969543147	0.1377551020408163	0.05128205128205128	8.0	14.0	0.030508915788103604	0.30990922789327435	0.2725225225225225	0.03357605294897907		NA	NA		
LOC_Os01g01060	2	0.38071065989847713	0.10204081632653061	0.035897435897435895	7.0	11.0	0.022868671092021346	0.2613874400821464	0.20495495495495497	0.03921424744207751		NA	NA		
LOC_Os01g01060	3	0.4517766497461929	0.17346938775510204	0.08205128205128205	8.0	18.0	0.022894702590134063	0.3156336380846896	0.2042042042042042	0.025081972944062936		NA	NA		
LOC_Os01g01070	1	0.6954314720812182	0.35714285714285715	0.15897435897435896	10.0	51.0	0.07127424183261746	0.4881806085105578	0.39602102102102105	0.02881192676991505		NA	NA		
LOC_Os01g01070	2	0.6954314720812182	0.33163265306122447	0.13333333333333333	10.0	44.0	0.07888845503058702	0.47795036256602613	0.39602102102102105	0.029783371888037022		NA	NA		
LOC_Os01g01070	3	0.6040609137055838	0.23469387755102042	0.09230769230769231	10.0	34.0	0.053455681374463104	0.4320833675837302	0.39602102102102105	0.026780598598211566		NA	NA		
LOC_Os01g01080	1	0.583756345177665	0.28061224489795916	0.12307692307692308	10.0	38.0	0.05847976051021736	0.4296963098377167	0.32770270270270274	0.026004156688512352		NA	NA		
LOC_Os01g01080	2	0.583756345177665	0.28061224489795916	0.12307692307692308	10.0	38.0	0.05847976051021736	0.4296963098377167	0.32770270270270274	0.026004156688512352		NA	NA		
LOC_Os01g01080	3	0.583756345177665	0.28061224489795916	0.12307692307692308	10.0	38.0	0.05847976051021736	0.4296963098377167	0.32770270270270274	0.026004156688512352		NA	NA		
LOC_Os01g01090	1	0.38071065989847713	0.09183673469387756	0.020512820512820513	6.0	10.0	0.033046986854093456	0.2586721030810951	0.3003003003003003	0.020408616582014028		NA	NA		
LOC_Os01g01090	2	0.48223350253807107	0.12244897959183673	0.041025641025641026	6.0	13.0	0.030508915788103604	0.27824072373020886	0.24549549549549549	0.019597824467345308		NA	NA		
LOC_Os01g01090	3	0.5939086294416244	0.20408163265306123	0.05641025641025641	6.0	22.0	0.020356631524144214	0.33094016376104846	0.3003003003003003	0.014655590392669105		NA	NA		
LOC_Os01g01100	1	0.5076142131979695	0.18877551020408162	0.03076923076923077	6.0	20.0	0.033046986854093456	0.29453088993335547	0.24549549549549549	0.01982244063084819		NA	NA		
LOC_Os01g01100	2	0.5888324873096447	0.1683673469387755	0.041025641025641026	6.0	17.0	0.03817519198229858	0.29778323319295036	0.1906906906906907	0.018074680199878054		NA	NA		
LOC_Os01g01100	3	0.5786802030456852	0.15306122448979592	0.015384615384615385	6.0	16.0	0.03307301835220617	0.28756334672215744	0.1906906906906907	0.018572710390018274		NA	NA		
LOC_Os01g01110	1	0.6040609137055838	0.29081632653061223	0.10256410256410256	10.0	43.0	0.04837953924248341	0.44258136165315276	0.38213213213213215	0.031222186935765		NA	NA		
LOC_Os01g01110	2	0.5888324873096447	0.23469387755102042	0.09743589743589744	10.0	30.0	0.05855785500455551	0.41362188188874194	0.3138138138138138	0.012389358845662272		NA	NA		
LOC_Os01g01110	3	0.6091370558375635	0.29591836734693877	0.11794871794871795	10.0	37.0	0.03309904985031888	0.42854977717559295	0.2864114114114114	0.018208498330379456		NA	NA		
LOC_Os01g01115	1	0.6243654822335025	0.27040816326530615	0.06153846153846154	8.0	29.0	0.033046986854093456	0.39276392290895557	0.3408408408408409	0.019517867574347637		NA	NA		
LOC_Os01g01115	2	0.6446700507614214	0.2857142857142857	0.08717948717948718	8.0	32.0	0.040687231550175715	0.40501426623254033	0.3408408408408409	0.021644686329587538		NA	NA		
LOC_Os01g01115	3	0.6345177664974619	0.1989795918367347	0.035897435897435895	6.0	21.0	0.04322530261616556	0.32027535524272294	0.231981981981982	0.018688191369812746		NA	NA		
LOC_Os01g01120	1	0.583756345177665	0.24489795918367346	0.1076923076923077	7.0	27.0	0.03817519198229858	0.3476296827710896	0.21846846846846846	0.02162162526901589		NA	NA		
LOC_Os01g01120	2	0.5888324873096447	0.2602040816326531	0.11794871794871795	7.0	29.0	0.03817519198229858	0.3537574177385635	0.21846846846846846	0.019967001280367817		NA	NA		
LOC_Os01g01120	3	0.5025380710659898	0.15306122448979592	0.046153846153846156	7.0	16.0	0.03307301835220617	0.30071098870228674	0.21846846846846846	0.017502089330596653		NA	NA		
LOC_Os01g01130	1	0.6548223350253807	0.24489795918367346	0.05128205128205128	6.0	28.0	0.048327476246257974	0.33914941804717	0.24474474474474475	0.012604149399490219		NA	NA		
LOC_Os01g01130	2	0.6751269035532995	0.30612244897959184	0.09230769230769231	7.0	34.0	0.033046986854093456	0.3832549525116603	0.2593843843843844	0.026772163828206456		NA	NA		
LOC_Os01g01130	3	0.5685279187817259	0.22448979591836735	0.07692307692307693	7.0	25.0	0.04322530261616556	0.3505647349012106	0.29954954954954954	0.013350067236699617		NA	NA		
LOC_Os01g01140	1	0.39593908629441626	0.16326530612244897	0.07692307692307693	7.0	21.0	0.015280489392164517	0.27377204041453496	0.1493993993993994	0.03717237933199818		NA	NA		
LOC_Os01g01140	2	0.5736040609137056	0.17857142857142858	0.03076923076923077	6.0	19.0	0.022894702590134063	0.29457693203886104	0.18993993993993996	0.009563535216893734		NA	NA		
LOC_Os01g01140	3	0.5177664974619289	0.2193877551020408	0.12307692307692308	9.0	26.0	0.012716386828061954	0.3463705594525029	0.12162162162162163	0.022874697681228347		NA	NA		
LOC_Os01g01150	1	0.5634517766497462	0.22959183673469388	0.08205128205128205	8.0	30.0	0.045789405180268125	0.3711901502583156	0.3141891891891892	0.05769317516615272		NA	NA		
LOC_Os01g01150	2	0.5634517766497462	0.22959183673469388	0.08205128205128205	8.0	30.0	0.045789405180268125	0.3711901502583156	0.3141891891891892	0.05769317516615272		NA	NA		
LOC_Os01g01150	3	0.583756345177665	0.27040816326530615	0.11794871794871795	8.0	33.0	0.048353507744370694	0.3960742969299894	0.3415915915915916	0.02227748262074474		NA	NA		
LOC_Os01g01160	1	0.5685279187817259	0.27040816326530615	0.14358974358974358	12.0	36.0	0.04071326304828843	0.4811898498120398	0.42342342342342343	0.022636879012399407		NA	NA		
LOC_Os01g01160	2	0.6802030456852792	0.29081632653061223	0.10256410256410256	8.0	33.0	0.04319927111805285	0.40255453279383663	0.2725225225225225	0.01747282102037994		NA	NA		
LOC_Os01g01160	3	0.6040609137055838	0.2653061224489796	0.07692307692307693	8.0	29.0	0.040687231550175715	0.38250126585877126	0.29954954954954954	0.015880591229266265		NA	NA		
LOC_Os01g01170	1	0.5736040609137056	0.21428571428571427	0.06666666666666667	10.0	25.0	0.04830144474814525	0.4031184955804245	0.32770270270270274	0.027950281136701716		NA	NA		
LOC_Os01g01170	2	0.5736040609137056	0.17857142857142858	0.06666666666666667	7.0	22.0	0.022894702590134063	0.32112578858771756	0.20345345345345345	0.01648013206456827		NA	NA		
LOC_Os01g01170	3	0.6751269035532995	0.22448979591836735	0.07692307692307693	6.0	24.0	0.02292073408824678	0.333521168492162	0.19106606606606608	0.012787584689176948		NA	NA		
LOC_Os01g01180	1	0.49746192893401014	0.20918367346938777	0.07179487179487179	7.0	24.0	0.04071326304828843	0.3569643711159302	0.4230480480480481	0.033578299546941685		NA	NA		
LOC_Os01g01180	2	0.4720812182741117	0.19387755102040816	0.06666666666666667	7.0	23.0	0.048353507744370694	0.34780136346851365	0.4230480480480481	0.03606514588544906		NA	NA		
LOC_Os01g01190	1	0.5685279187817259	0.32142857142857145	0.19487179487179487	12.0	59.0	0.10698945724326435	0.5071308221815836	0.45082582582582587	0.039487058699031734		NA	NA		
LOC_Os01g01190	2	0.5786802030456852	0.32142857142857145	0.19487179487179487	12.0	59.0	0.10445138617727451	0.5091612790343755	0.45082582582582587	0.031951119951329814		NA	NA		
LOC_Os01g01190	3	0.5685279187817259	0.23469387755102042	0.09743589743589744	10.0	32.0	0.061095926070545356	0.42067207929426936	0.36936936936936937	0.020077552343520426		NA	NA		
LOC_Os01g01200	1	0.3604060913705584	0.1377551020408163	0.05641025641025641	8.0	15.0	0.017792528960041652	0.27427765332768955	0.15015015015015015	0.03711177167653711		NA	NA		
LOC_Os01g01200	2	0.4365482233502538	0.16326530612244897	0.06153846153846154	8.0	19.0	0.035585057920083304	0.30629442222625686	0.20345345345345345	0.027070539452011537		NA	NA		
LOC_Os01g01200	3	0.5126903553299492	0.1989795918367347	0.06666666666666667	7.0	23.0	0.04322530261616556	0.3158775329768803	0.21771771771771772	0.016685448115509198		NA	NA		
LOC_Os01g01210	1	0.5939086294416244	0.2653061224489796	0.1282051282051282	9.0	31.0	0.035585057920083304	0.41294944148461193	0.32732732732732733	0.012984905987552028		NA	NA		
LOC_Os01g01210	2	0.583756345177665	0.20408163265306123	0.07692307692307693	9.0	23.0	0.033046986854093456	0.37745671545526516	0.2725225225225225	0.012097086506634207		NA	NA		
LOC_Os01g01210	3	0.5076142131979695	0.14795918367346939	0.046153846153846156	8.0	16.0	0.05596772094234023	0.3335886918483002	0.29954954954954954	0.01146260893461492		NA	NA		
LOC_Os01g01230	1	0.6802030456852792	0.23469387755102042	0.09230769230769231	8.0	28.0	0.03817519198229858	0.37291239458026987	0.1906906906906907	0.0303458280126303		NA	NA		
LOC_Os01g01230	2	0.5736040609137056	0.32142857142857145	0.1641025641025641	8.0	43.0	0.030508915788103604	0.41062583808776704	0.32732732732732733	0.027778774993331194		NA	NA		
LOC_Os01g01230	3	0.5939086294416244	0.24489795918367346	0.08205128205128205	8.0	27.0	0.04071326304828843	0.372159562123304	0.2732732732732733	0.024961298092141586		NA	NA		
LOC_Os01g01240	1	0.6548223350253807	0.1989795918367347	0.06153846153846154	7.0	22.0	0.03563712091630873	0.3378728824849202	0.1906906906906907	0.017540337872326162		NA	NA		
LOC_Os01g01240	2	0.7766497461928934	0.2602040816326531	0.06153846153846154	6.0	26.0	0.03563712091630873	0.37148025967460346	0.25900900900900903	0.01398088839899574		NA	NA		
LOC_Os01g01240	3	0.7563451776649747	0.29081632653061223	0.09230769230769231	10.0	31.0	0.027970844722113756	0.4409569023637189	0.231981981981982	0.014543295081282315		NA	NA		
LOC_Os01g01250	1	0.6446700507614214	0.3826530612244898	0.14871794871794872	8.0	51.0	0.040687231550175715	0.4341571610897209	0.3280780780780781	0.050651352586290325		NA	NA		
LOC_Os01g01250	2	0.6142131979695431	0.3673469387755102	0.15384615384615385	8.0	51.0	0.03561108941819602	0.4368410178780012	0.38213213213213215	0.04881360470560136		NA	NA		
LOC_Os01g01250	3	0.6700507614213198	0.41836734693877553	0.18974358974358974	8.0	66.0	0.04837953924248341	0.46539209938049675	0.38213213213213215	0.05369779153004594		NA	NA		
LOC_Os01g01260	1	0.6192893401015228	0.19387755102040816	0.05641025641025641	6.0	20.0	0.03048288428999089	0.30649801208902006	0.16291291291291293	0.013764283623218012		NA	NA		
LOC_Os01g01260	2	0.6345177664974619	0.2193877551020408	0.08717948717948718	8.0	22.0	0.033020955355980736	0.37890769244648864	0.2867867867867868	0.01525570452606533		NA	NA		
LOC_Os01g01260	3	0.6243654822335025	0.1836734693877551	0.010256410256410256	6.0	20.0	0.030456852791878174	0.3043497630662243	0.20345345345345345	0.011480888398995684		NA	NA		
LOC_Os01g01270	1	0.5989847715736041	0.23469387755102042	0.08205128205128205	8.0	30.0	0.038149160484185866	0.38209493518413024	0.3280780780780781	0.015581655158015396		NA	NA		
LOC_Os01g01270	2	0.6040609137055838	0.20918367346938777	0.06153846153846154	7.0	25.0	0.033046986854093456	0.3461277809138578	0.2725225225225225	0.012799323539540155		NA	NA		
LOC_Os01g01270	3	0.5888324873096447	0.23469387755102042	0.07692307692307693	7.0	26.0	0.03561108941819602	0.3458556541225142	0.24549549549549549	0.008469922049649574		NA	NA		
LOC_Os01g01280	1	0.6852791878172588	0.37244897959183676	0.15384615384615385	9.0	65.0	0.058505792008330074	0.4358584077945934	0.21771771771771772	0.02625872430882807		NA	NA		
LOC_Os01g01280	2	0.6598984771573604	0.3010204081632653	0.09743589743589744	12.0	35.0	0.06871013926851491	0.4745838694642176	0.3145645645645646	0.025337118281193657		NA	NA		
LOC_Os01g01280	3	0.6294416243654822	0.33163265306122447	0.16923076923076924	12.0	50.0	0.07894051802681244	0.5325925408630268	0.5326576576576577	0.028319581390410513		NA	NA		
LOC_Os01g01290	1	0.5025380710659898	0.17857142857142858	0.035897435897435895	6.0	22.0	0.025406742158011194	0.2869449306505144	0.21771771771771772	0.04163026836245658		NA	NA		
LOC_Os01g01290	2	0.5228426395939086	0.20408163265306123	0.05128205128205128	7.0	26.0	0.025406742158011194	0.3185541776187172	0.23123123123123124	0.04485318239001644		NA	NA		
LOC_Os01g01290	3	0.649746192893401	0.22448979591836735	0.05128205128205128	7.0	24.0	0.030508915788103604	0.3645330374481934	0.3138138138138138	0.011278466717654916		NA	NA		
LOC_Os01g01295	1	0.3350253807106599	0.08163265306122448	0.0	5.0	9.0	0.017766497461928935	0.19384211726488737	0.1358858858858859	0.07993981541611891		NA	NA		
LOC_Os01g01295	2	0.6598984771573604	0.30612244897959184	0.16923076923076924	10.0	44.0	0.05594168944422751	0.48117946820267343	0.43731231231231227	0.02075977876513179		NA	NA		
LOC_Os01g01295	3	0.5939086294416244	0.25	0.11282051282051282	8.0	28.0	0.022868671092021346	0.38744192454852355	0.3138138138138138	0.05580971364998147		NA	NA		
LOC_Os01g01302	1	0.6142131979695431	0.3877551020408163	0.15384615384615385	8.0	46.0	0.040687231550175715	0.4985052331136449	0.670045045045045	0.02587105973424313		NA	NA		
LOC_Os01g01302	2	0.5989847715736041	0.3622448979591837	0.15384615384615385	8.0	43.0	0.038149160484185866	0.4849521016127253	0.6430180180180181	0.025705122859064723		NA	NA		
LOC_Os01g01302	3	0.6091370558375635	0.3010204081632653	0.11282051282051282	8.0	38.0	0.04322530261616556	0.4472382380069109	0.5465465465465466	0.020484905987551972		NA	NA		
LOC_Os01g01307	1	0.6294416243654822	0.23979591836734693	0.10256410256410256	7.0	33.0	0.017818560458154366	0.37626723596629325	0.3262012012012012	0.02989146583117629		NA	NA		
LOC_Os01g01307	2	0.6294416243654822	0.23979591836734693	0.10256410256410256	7.0	33.0	0.017818560458154366	0.37626723596629325	0.3262012012012012	0.02989146583117629		NA	NA		
LOC_Os01g01307	3	0.5736040609137056	0.23979591836734693	0.08717948717948718	7.0	29.0	0.03812312898607315	0.3623231004993152	0.32770270270270274	0.029945185007054995		NA	NA		
LOC_Os01g01312	1	0.6192893401015228	0.32653061224489793	0.14871794871794872	7.0	50.0	0.03563712091630873	0.39826193456722825	0.31343843843843844	0.03691845983317753		NA	NA		
LOC_Os01g01312	2	0.5888324873096447	0.32653061224489793	0.17435897435897435	7.0	57.0	0.03817519198229858	0.38371018054846917	0.24549549549549549	0.037460167212668746		NA	NA		
LOC_Os01g01312	3	0.6751269035532995	0.23979591836734693	0.09230769230769231	7.0	29.0	0.027918781725888325	0.3780226794222443	0.29954954954954954	0.018305352072351615		NA	NA		
LOC_Os01g01320	1	0.7208121827411168	0.40816326530612246	0.2205128205128205	12.0	46.0	0.038149160484185866	0.5765042603186187	0.5330330330330331	0.0236482434301205		NA	NA		
LOC_Os01g01320	2	0.6852791878172588	0.32653061224489793	0.10256410256410256	6.0	38.0	0.04071326304828843	0.3637156213660927	0.2042042042042042	0.023241773108014056		NA	NA		
LOC_Os01g01320	3	0.7309644670050761	0.3673469387755102	0.20512820512820512	12.0	40.0	0.058505792008330074	0.5590362705301066	0.4917417417417418	0.025024484952801566		NA	NA		
LOC_Os01g01330	1	0.6243654822335025	0.22448979591836735	0.06153846153846154	8.0	29.0	0.020356631524144214	0.37824991910923744	0.3141891891891892	0.016014140839626483		NA	NA		
LOC_Os01g01330	2	0.5329949238578681	0.12755102040816327	0.03076923076923077	6.0	14.0	0.02030456852791878	0.29276753951155693	0.2725225225225225	0.014107977257132967		NA	NA		
LOC_Os01g01330	3	0.6954314720812182	0.3877551020408163	0.18461538461538463	10.0	56.0	0.05342964987635038	0.4913231545102466	0.35548048048048053	0.03840544984706034		NA	NA		
LOC_Os01g01340	1	0.5736040609137056	0.2602040816326531	0.11282051282051282	10.0	36.0	0.06350383964597163	0.4131996049472482	0.28603603603603606	0.03793930792286709		NA	NA		
LOC_Os01g01340	2	0.5634517766497462	0.23979591836734693	0.09230769230769231	10.0	32.0	0.05842769751399193	0.3975795459334256	0.25900900900900903	0.039762251954896737		NA	NA		
LOC_Os01g01340	3	0.5279187817258884	0.20918367346938777	0.08717948717948718	8.0	29.0	0.05078745281790967	0.35269422631279046	0.2725225225225225	0.03938221544099046		NA	NA		
LOC_Os01g01350	1	0.7208121827411168	0.4642857142857143	0.18974358974358974	8.0	67.0	0.03307301835220617	0.5256439730297598	0.5867117117117118	0.06696804984411885		NA	NA		
LOC_Os01g01350	2	0.6395939086294417	0.32653061224489793	0.13846153846153847	8.0	44.0	0.045789405180268125	0.43886015481011853	0.4230480480480481	0.03553743463041868		NA	NA		
LOC_Os01g01350	3	0.5634517766497462	0.19387755102040816	0.08717948717948718	12.0	21.0	0.048353507744370694	0.45373659780476316	0.4241741741741742	0.03083541857082083		NA	NA		
LOC_Os01g01360	1	0.766497461928934	0.5612244897959183	0.37435897435897436	12.0	91.0	0.053455681374463104	0.6386894584900386	0.4913663663663663	0.06529194021647804		NA	NA		
LOC_Os01g01360	2	0.8274111675126904	0.5408163265306123	0.3333333333333333	12.0	86.0	0.05596772094234023	0.6304022555654173	0.4504504504504504	0.0684157023876507		NA	NA		
LOC_Os01g01360	3	0.4619289340101523	0.2602040816326531	0.13333333333333333	10.0	39.0	0.04325133411427828	0.4088560325579905	0.35548048048048053	0.03393588373645949		NA	NA		
LOC_Os01g01369	1	0.6294416243654822	0.25510204081632654	0.09230769230769231	7.0	30.0	0.040661200052063	0.36924414537177414	0.28603603603603606	0.027609910866101643		NA	NA		
LOC_Os01g01369	2	0.5634517766497462	0.1989795918367347	0.046153846153846156	7.0	24.0	0.02030456852791878	0.3109662921773147	0.16291291291291293	0.01877548369376618		NA	NA		
LOC_Os01g01369	3	0.6598984771573604	0.30612244897959184	0.14358974358974358	8.0	35.0	0.038149160484185866	0.4124626744858797	0.28603603603603606	0.02189937463054297		NA	NA		
LOC_Os01g01380	1	0.6192893401015228	0.2755102040816326	0.10256410256410256	8.0	32.0	0.03812312898607315	0.3763496062263284	0.21771771771771772	0.04674473313910458		NA	NA		
LOC_Os01g01380	2	0.6243654822335025	0.23469387755102042	0.09743589743589744	8.0	24.0	0.035559026421970584	0.3681759283209609	0.21771771771771772	0.03680646953664927		NA	NA		
LOC_Os01g01380	3	0.6700507614213198	0.32142857142857145	0.1282051282051282	8.0	37.0	0.050865547312247815	0.41192488019899187	0.2732732732732733	0.04998192916795744		NA	NA		
LOC_Os01g01390	1	0.6192893401015228	0.20408163265306123	0.06666666666666667	6.0	22.0	0.04073929454640114	0.33791743779416006	0.29954954954954954	0.014980847856395686		NA	NA		
LOC_Os01g01390	2	0.6142131979695431	0.1836734693877551	0.06666666666666667	6.0	20.0	0.04581543667838084	0.3274902463843726	0.2728978978978979	0.01517224235134772		NA	NA		
LOC_Os01g01390	3	0.6598984771573604	0.19387755102040816	0.06666666666666667	6.0	21.0	0.043277365612391	0.3303347852151333	0.23123123123123124	0.015769277276611305		NA	NA		
LOC_Os01g01400	1	0.5431472081218274	0.24489795918367346	0.09230769230769231	8.0	29.0	0.05342964987635038	0.3582777791298458	0.24436936936936937	0.024024362649326603		NA	NA		
LOC_Os01g01400	2	0.5786802030456852	0.20918367346938777	0.07179487179487179	10.0	24.0	0.04071326304828843	0.40699180972204896	0.341966966966967	0.01251303219353688		NA	NA		
LOC_Os01g01400	3	0.6091370558375635	0.3163265306122449	0.1282051282051282	8.0	38.0	0.04325133411427828	0.4067547639520083	0.31343843843843844	0.03279144093540658		NA	NA		
LOC_Os01g01410	1	0.6091370558375635	0.29081632653061223	0.1076923076923077	8.0	34.0	0.045789405180268125	0.3893669758499345	0.2725225225225225	0.024008148204592454		NA	NA		
LOC_Os01g01410	2	0.6091370558375635	0.3010204081632653	0.11794871794871795	8.0	35.0	0.04325133411427828	0.4017173324860054	0.3138138138138138	0.024851835207968125		NA	NA		
LOC_Os01g01410	3	0.6700507614213198	0.3163265306122449	0.10256410256410256	7.0	36.0	0.04325133411427828	0.3971426332738878	0.31343843843843844	0.02055289825270739		NA	NA		
LOC_Os01g01420	1	0.6243654822335025	0.3622448979591837	0.2205128205128205	9.0	53.0	0.040661200052063	0.4623705860870473	0.3547297297297297	0.051953030670701214		NA	NA		
LOC_Os01g01420	2	0.6700507614213198	0.3979591836734694	0.20512820512820512	9.0	60.0	0.04322530261616556	0.4865345369515057	0.40953453453453453	0.04010679254030834		NA	NA		
LOC_Os01g01420	3	0.6751269035532995	0.33163265306122447	0.14871794871794872	9.0	43.0	0.048327476246257974	0.4520414470124405	0.3547297297297297	0.0320862949907401		NA	NA		
LOC_Os01g01430	1	0.6294416243654822	0.37244897959183676	0.22564102564102564	10.0	79.0	0.10693739424703891	0.49971053012387323	0.43768768768768773	0.04727152788131594		NA	NA		
LOC_Os01g01430	2	0.5989847715736041	0.3010204081632653	0.18461538461538463	10.0	68.0	0.09419497592086425	0.4739060948524328	0.45157657657657657	0.04017586820645446		NA	NA		
LOC_Os01g01430	3	0.6802030456852792	0.3520408163265306	0.2	10.0	60.0	0.06873617076662762	0.5034307543843439	0.45157657657657657	0.025932751954277793		NA	NA		
LOC_Os01g01440	1	0.5583756345177665	0.18877551020408162	0.07179487179487179	7.0	20.0	0.03048288428999089	0.3130384525525932	0.16291291291291293	0.020306290722636892		NA	NA		
LOC_Os01g01440	2	0.5989847715736041	0.20408163265306123	0.046153846153846156	6.0	22.0	0.025406742158011194	0.2997239299559822	0.1493993993993994	0.026335697881797397		NA	NA		
LOC_Os01g01440	3	0.5736040609137056	0.19387755102040816	0.05128205128205128	8.0	22.0	0.035585057920083304	0.36803201192251234	0.3547297297297297	0.028632536405179314		NA	NA		
LOC_Os01g01450	1	0.5025380710659898	0.22959183673469388	0.09230769230769231	7.0	26.0	0.045789405180268125	0.32780043293458816	0.23123123123123124	0.03530326948307881		NA	NA		
LOC_Os01g01450	2	0.5634517766497462	0.22448979591836735	0.10256410256410256	10.0	25.0	0.048327476246257974	0.4102332671585754	0.32732732732732733	0.029734207546158617		NA	NA		
LOC_Os01g01450	3	0.6446700507614214	0.2857142857142857	0.09743589743589744	10.0	32.0	0.048353507744370694	0.45413762035589444	0.40953453453453453	0.015488173827032315		NA	NA		
LOC_Os01g01460	1	0.649746192893401	0.25510204081632654	0.09230769230769231	8.0	29.0	0.033046986854093456	0.40641316718546594	0.36824324324324326	0.014927687164262009		NA	NA		
LOC_Os01g01460	2	0.5939086294416244	0.22959183673469388	0.08717948717948718	7.0	27.0	0.035585057920083304	0.33138523992041036	0.16291291291291293	0.01064205617292446		NA	NA		
LOC_Os01g01460	3	0.6142131979695431	0.24489795918367346	0.08717948717948718	7.0	30.0	0.035559026421970584	0.37409296370137557	0.3408408408408409	0.016411110236822565		NA	NA		
LOC_Os01g01470	1	0.5482233502538071	0.3520408163265306	0.18461538461538463	8.0	79.0	0.12480801770141871	0.44325218651542075	0.4647147147147147	0.03709981178712007		NA	NA		
LOC_Os01g01470	2	0.5532994923857868	0.3520408163265306	0.18461538461538463	8.0	80.0	0.12480801770141871	0.441564712239114	0.4512012012012012	0.03560987259004094		NA	NA		
LOC_Os01g01470	3	0.583756345177665	0.3877551020408163	0.19487179487179487	10.0	74.0	0.10947546531302876	0.47651989166129854	0.38288288288288286	0.02871065906723807		NA	NA		
LOC_Os01g01484	1	0.5126903553299492	0.20918367346938777	0.09230769230769231	8.0	24.0	0.033046986854093456	0.37529880668386834	0.39564564564564564	0.029756415598257355		NA	NA		
LOC_Os01g01484	2	0.5228426395939086	0.2653061224489796	0.11794871794871795	8.0	30.0	0.040687231550175715	0.3690573338361591	0.2725225225225225	0.03450657305320247		NA	NA		
LOC_Os01g01484	3	0.6091370558375635	0.21428571428571427	0.05641025641025641	6.0	22.0	0.04317323961994012	0.32499062933073086	0.24512012012012013	0.02284859195188098		NA	NA		
LOC_Os01g01500	1	0.6903553299492385	0.3826530612244898	0.18974358974358974	10.0	58.0	0.06112195756865807	0.5011239697570372	0.40953453453453453	0.03892196638275163		NA	NA		
LOC_Os01g01500	2	0.5989847715736041	0.3112244897959184	0.15897435897435896	8.0	45.0	0.04073929454640114	0.40445233968439187	0.2864114114114114	0.04011712623446261		NA	NA		
LOC_Os01g01500	3	0.6192893401015228	0.32142857142857145	0.14871794871794872	8.0	45.0	0.04584146817649356	0.4193886735511101	0.3408408408408409	0.03586461076782993		NA	NA		
LOC_Os01g01510	1	0.5380710659898477	0.1836734693877551	0.05128205128205128	8.0	24.0	0.04325133411427828	0.3452960080226215	0.2867867867867868	0.029643532835239732		NA	NA		
LOC_Os01g01510	2	0.6700507614213198	0.32142857142857145	0.11282051282051282	8.0	40.0	0.048327476246257974	0.4115506598247715	0.2867867867867868	0.026055246892365873		NA	NA		
LOC_Os01g01510	3	0.5786802030456852	0.28061224489795916	0.09743589743589744	8.0	35.0	0.045789405180268125	0.3791835069137462	0.2725225225225225	0.027859325064701894		NA	NA		
LOC_Os01g01520	1	0.5583756345177665	0.2653061224489796	0.10256410256410256	10.0	47.0	0.04576337368215541	0.40649541815241597	0.2728978978978979	0.05749658653326327		NA	NA		
LOC_Os01g01520	2	0.49238578680203043	0.25	0.11794871794871795	8.0	49.0	0.05340361837823766	0.3736434775267263	0.34121621621621623	0.055880454383004194		NA	NA		
LOC_Os01g01520	3	0.6142131979695431	0.3469387755102041	0.2205128205128205	12.0	57.0	0.06865807627228947	0.5073539798195346	0.3551051051051051	0.05796640309160405		NA	NA		
LOC_Os01g01530	1	0.5025380710659898	0.11224489795918367	0.02564102564102564	6.0	12.0	0.022868671092021346	0.2579646788131197	0.1493993993993994	0.015180374429159309		NA	NA		
LOC_Os01g01530	2	0.6040609137055838	0.22959183673469388	0.07692307692307693	7.0	25.0	0.05342964987635038	0.36139444475195026	0.3130630630630631	0.0104079512251759		NA	NA		
LOC_Os01g01530	3	0.5431472081218274	0.2602040816326531	0.09230769230769231	8.0	31.0	0.038149160484185866	0.3862639285445667	0.368993993993994	0.023927555504807844		NA	NA		
LOC_Os01g01540	1	0.2639593908629442	0.061224489795918366	0.020512820512820513	8.0	9.0	0.025432773656123907	0.2541243252193216	0.25825825825825827	0.06503881382620125		NA	NA		
LOC_Os01g01540	2	0.38071065989847713	0.1326530612244898	0.06153846153846154	8.0	18.0	0.025432773656123907	0.29185731340916254	0.21771771771771772	0.08284536340780396		NA	NA		
LOC_Os01g01540	3	0.17258883248730963	0.025510204081632654	0.005128205128205128	6.0	3.0	0.017792528960041652	0.16511992281390397	0.12237237237237238	0.08531032566165342		NA	NA		
LOC_Os01g01550	1	0.45685279187817257	0.22959183673469388	0.1076923076923077	12.0	30.0	0.045789405180268125	0.4297733332069808	0.3547297297297297	0.023617655044120937		NA	NA		
LOC_Os01g01550	2	0.5888324873096447	0.29081632653061223	0.17435897435897435	12.0	35.0	0.025406742158011194	0.5421829390212276	0.6569069069069069	0.02553325809529538		NA	NA		
LOC_Os01g01550	3	0.5279187817258884	0.22959183673469388	0.11282051282051282	8.0	26.0	0.03053494728621632	0.38112328331327605	0.36861861861861867	0.018307449414931835		NA	NA		
LOC_Os01g01560	1	0.649746192893401	0.3010204081632653	0.12307692307692308	7.0	43.0	0.045789405180268125	0.38323717329518636	0.25900900900900903	0.04138980105123679		NA	NA		
LOC_Os01g01560	2	0.6446700507614214	0.23979591836734693	0.07692307692307693	8.0	30.0	0.050891578810360535	0.380190722123282	0.2728978978978979	0.03789450603220034		NA	NA		
LOC_Os01g01560	3	0.7055837563451777	0.30612244897959184	0.08717948717948718	6.0	35.0	0.033020955355980736	0.34965701838073115	0.1493993993993994	0.02774373470039348		NA	NA		
LOC_Os01g01570	1	0.6598984771573604	0.1683673469387755	0.035897435897435895	6.0	19.0	0.048353507744370694	0.3300398592059216	0.28603603603603606	0.01452113691994577		NA	NA		
LOC_Os01g01570	2	0.6446700507614214	0.23469387755102042	0.08205128205128205	6.0	25.0	0.030560978784329035	0.3329737327634355	0.20345345345345345	0.015205707363028833		NA	NA		
LOC_Os01g01570	3	0.6598984771573604	0.24489795918367346	0.06666666666666667	7.0	26.0	0.038149160484185866	0.36005838636730586	0.24549549549549549	0.012603711592140514		NA	NA		
LOC_Os01g01580	1	0.5989847715736041	0.35714285714285715	0.16923076923076924	10.0	55.0	0.056019783938565666	0.4543509588687254	0.3130630630630631	0.047127098260196836		NA	NA		
LOC_Os01g01580	2	0.700507614213198	0.3826530612244898	0.2	12.0	59.0	0.05094364180658597	0.5276531561085586	0.3551051051051051	0.042140166328802124		NA	NA		
LOC_Os01g01580	3	0.6192893401015228	0.33163265306122447	0.1641025641025641	12.0	50.0	0.05604581543667839	0.5130950015431524	0.4504504504504504	0.027829685625419202		NA	NA		
LOC_Os01g01590	1	0.6192893401015228	0.18877551020408162	0.041025641025641026	6.0	21.0	0.03309904985031888	0.3135117919599428	0.21846846846846846	0.020141549514927685		NA	NA		
LOC_Os01g01590	2	0.5989847715736041	0.2755102040816326	0.10256410256410256	8.0	31.0	0.038149160484185866	0.38610250633455856	0.2867867867867868	0.013277793150618049		NA	NA		
LOC_Os01g01590	3	0.6142131979695431	0.2653061224489796	0.09230769230769231	8.0	30.0	0.03307301835220617	0.38775879593863644	0.3003003003003003	0.01948867157673633		NA	NA		
LOC_Os01g01600	1	0.5736040609137056	0.30612244897959184	0.11794871794871795	10.0	40.0	0.05342964987635038	0.45629180232515987	0.4504504504504504	0.01943373165927003		NA	NA		
LOC_Os01g01600	2	0.5989847715736041	0.3112244897959184	0.1282051282051282	10.0	40.0	0.03309904985031888	0.4426678628999151	0.3415915915915916	0.030861946236605757		NA	NA		
LOC_Os01g01600	3	0.751269035532995	0.2857142857142857	0.06153846153846154	8.0	32.0	0.02030456852791878	0.3854701223229141	0.16216216216216217	0.026209915149407497		NA	NA		
LOC_Os01g01610	1	0.6802030456852792	0.23469387755102042	0.06666666666666667	7.0	27.0	0.035559026421970584	0.33745385912173437	0.12237237237237238	0.018422468095811155		NA	NA		
LOC_Os01g01610	2	0.6091370558375635	0.27040816326530615	0.1076923076923077	7.0	32.0	0.03307301835220617	0.3932433011548313	0.39564564564564564	0.026074578949119125		NA	NA		
LOC_Os01g01610	3	0.5888324873096447	0.24489795918367346	0.09743589743589744	7.0	30.0	0.033020955355980736	0.330077112629687	0.1358858858858859	0.025377416610599883		NA	NA		
LOC_Os01g01620	1	0.6192893401015228	0.1989795918367347	0.08205128205128205	12.0	46.0	0.08153065208902772	0.44575473348859856	0.32845345345345345	0.0270556591430458		NA	NA		
LOC_Os01g01620	2	0.5634517766497462	0.17857142857142858	0.06153846153846154	12.0	43.0	0.08406872315501757	0.44276939040898433	0.4102852852852853	0.02787234339430538		NA	NA		
LOC_Os01g01620	3	0.6142131979695431	0.3112244897959184	0.21025641025641026	12.0	50.0	0.020356631524144214	0.4926042850698398	0.32732732732732733	0.021411110236822566		NA	NA		
LOC_Os01g01640	1	0.5888324873096447	0.23979591836734693	0.09230769230769231	8.0	33.0	0.058505792008330074	0.3666196520293692	0.24549549549549549	0.029556195460940397		NA	NA		
LOC_Os01g01640	2	0.6091370558375635	0.25510204081632654	0.09230769230769231	8.0	37.0	0.06614603670441234	0.3792222707052294	0.2728978978978979	0.024076339793609396		NA	NA		
LOC_Os01g01640	3	0.5685279187817259	0.22959183673469388	0.05641025641025641	6.0	27.0	0.050891578810360535	0.32548558196491484	0.2728978978978979	0.023864061711983624		NA	NA		
LOC_Os01g01650	1	0.5482233502538071	0.22448979591836735	0.09230769230769231	8.0	32.0	0.05340361837823766	0.3772083719001776	0.35435435435435436	0.03250018095910116		NA	NA		
LOC_Os01g01650	2	0.649746192893401	0.23469387755102042	0.07179487179487179	7.0	26.0	0.05340361837823766	0.3843400815409518	0.38213213213213215	0.015074444626897712		NA	NA		
LOC_Os01g01650	3	0.41116751269035534	0.15306122448979592	0.07692307692307693	8.0	17.0	0.038149160484185866	0.30525738984767264	0.21846846846846846	0.04398235928499099		NA	NA		
LOC_Os01g01660	1	0.6192893401015228	0.3112244897959184	0.12307692307692308	8.0	36.0	0.05342964987635038	0.41777520765192994	0.36861861861861867	0.029325000290595697		NA	NA		
LOC_Os01g01660	2	0.6142131979695431	0.3010204081632653	0.1282051282051282	8.0	36.0	0.048327476246257974	0.39397303215287255	0.25975975975975973	0.030532541502317205		NA	NA		
LOC_Os01g01660	3	0.6243654822335025	0.22959183673469388	0.08205128205128205	8.0	25.0	0.050917610308473256	0.37248700548918096	0.25975975975975973	0.01742247206337077		NA	NA		
LOC_Os01g01670	1	0.47715736040609136	0.14795918367346939	0.041025641025641026	6.0	18.0	0.027970844722113756	0.27692213071473404	0.21846846846846846	0.03443867146926265		NA	NA		
LOC_Os01g01670	2	0.38578680203045684	0.12755102040816327	0.041025641025641026	7.0	14.0	0.022894702590134063	0.265677497497657	0.1906906906906907	0.040314421406236464		NA	NA		
LOC_Os01g01670	3	0.5583756345177665	0.17346938775510204	0.046153846153846156	7.0	19.0	0.025380710659898477	0.3131072811928505	0.2042042042042042	0.019964029364593894		NA	NA		
LOC_Os01g01680	1	0.3248730964467005	0.10204081632653061	0.015384615384615385	6.0	12.0	0.03048288428999089	0.22389514106700475	0.17717717717717718	0.06671838861923451		NA	NA		
LOC_Os01g01680	2	0.48223350253807107	0.29081632653061223	0.1794871794871795	11.0	43.0	0.022894702590134063	0.422939834143605	0.24549549549549549	0.022441683366790307		NA	NA		
LOC_Os01g01680	3	0.4416243654822335	0.23979591836734693	0.14358974358974358	11.0	30.0	0.027996876220226473	0.3920290325148918	0.21846846846846846	0.017137883149184848		NA	NA		
LOC_Os01g01689	1	0.5025380710659898	0.18877551020408162	0.05128205128205128	7.0	20.0	0.007614213197969543	0.31698759497889306	0.25900900900900903	0.03483718513795574		NA	NA		
LOC_Os01g01689	2	0.5025380710659898	0.18877551020408162	0.05128205128205128	7.0	20.0	0.007614213197969543	0.31698759497889306	0.25900900900900903	0.03483718513795574		NA	NA		
LOC_Os01g01689	3	0.5685279187817259	0.20918367346938777	0.08717948717948718	7.0	24.0	0.007614213197969543	0.3360412789491833	0.231981981981982	0.02600459248987906		NA	NA		
LOC_Os01g01700	1	0.467005076142132	0.15306122448979592	0.08205128205128205	8.0	18.0	0.03307301835220617	0.32293102404414953	0.2458708708708709	0.03459556150628761		NA	NA		
LOC_Os01g01700	2	0.49238578680203043	0.1683673469387755	0.08205128205128205	8.0	19.0	0.03307301835220617	0.3228852074827419	0.20495495495495497	0.029924115514999843		NA	NA		
LOC_Os01g01700	3	0.5786802030456852	0.19387755102040816	0.1076923076923077	9.0	19.0	0.025406742158011194	0.3586325949342628	0.16291291291291293	0.017560784359781527		NA	NA		
LOC_Os01g01710	1	0.5380710659898477	0.17346938775510204	0.06666666666666667	8.0	23.0	0.048353507744370694	0.34062640906730823	0.25825825825825827	0.029108232469275724		NA	NA		
LOC_Os01g01710	2	0.5888324873096447	0.24489795918367346	0.1076923076923077	8.0	29.0	0.050917610308473256	0.3952665328191071	0.36824324324324326	0.03475197706779053		NA	NA		
LOC_Os01g01710	3	0.5685279187817259	0.1683673469387755	0.09230769230769231	8.0	19.0	0.061095926070545356	0.3619366877017348	0.3138138138138138	0.036239930153869435		NA	NA		
LOC_Os01g01720	1	0.6192893401015228	0.2857142857142857	0.1282051282051282	8.0	33.0	0.04073929454640114	0.40544054960298614	0.32732732732732733	0.04002354283630425		NA	NA		
LOC_Os01g01720	2	0.5431472081218274	0.22448979591836735	0.08717948717948718	9.0	31.0	0.040661200052063	0.36991224719288535	0.24474474474474475	0.037916542673133755		NA	NA		
LOC_Os01g01720	3	0.6649746192893401	0.29591836734693877	0.13333333333333333	10.0	34.0	0.03561108941819602	0.44294436309302154	0.28716216216216217	0.03151815651327282		NA	NA		
LOC_Os01g01730	1	0.6142131979695431	0.33163265306122447	0.1282051282051282	8.0	50.0	0.028048939216451907	0.4000954811324644	0.25975975975975973	0.02940396878913015		NA	NA		
LOC_Os01g01730	2	0.5989847715736041	0.2602040816326531	0.12307692307692308	8.0	44.0	0.04325133411427828	0.4032849870884679	0.3674924924924925	0.051693574075624686		NA	NA		
LOC_Os01g01730	3	0.6040609137055838	0.3010204081632653	0.14871794871794872	8.0	41.0	0.030587010282441755	0.40970880306630847	0.3280780780780781	0.03587630698208782		NA	NA		
LOC_Os01g01740	1	0.39086294416243655	0.1326530612244898	0.046153846153846156	8.0	13.0	0.025458805154236628	0.2965165528907371	0.24624624624624625	0.04796895177336895		NA	NA		
LOC_Os01g01740	2	0.48223350253807107	0.18877551020408162	0.05641025641025641	6.0	23.0	0.015280489392164517	0.2944328027794308	0.24474474474474475	0.051432460768766376		NA	NA		
LOC_Os01g01740	3	0.4873096446700508	0.15306122448979592	0.05128205128205128	8.0	15.0	0.022894702590134063	0.3236158693736649	0.25975975975975973	0.04243110674433935		NA	NA		
LOC_Os01g01760	1	0.4720812182741117	0.22959183673469388	0.08717948717948718	10.0	29.0	0.048353507744370694	0.3844972351643853	0.3003003003003003	0.06130021277385727		NA	NA		
LOC_Os01g01760	2	0.48223350253807107	0.1377551020408163	0.041025641025641026	6.0	15.0	0.040661200052063	0.29218783410589066	0.29992492492492495	0.015436405816156507		NA	NA		
LOC_Os01g01760	3	0.5025380710659898	0.11224489795918367	0.020512820512820513	6.0	12.0	0.040661200052063	0.27600810685654775	0.24474474474474475	0.015681162100004743		NA	NA		
LOC_Os01g01770	1	0.7563451776649747	0.5	0.27692307692307694	12.0	90.0	0.07381231289860732	0.6133353325992921	0.5334084084084084	0.04840715491658642		NA	NA		
LOC_Os01g01770	2	0.467005076142132	0.2653061224489796	0.13846153846153847	10.0	62.0	0.045789405180268125	0.40365905191503454	0.3141891891891892	0.08481402801890053		NA	NA		
LOC_Os01g01770	3	0.7766497461928934	0.5357142857142857	0.28717948717948716	12.0	95.0	0.07888845503058702	0.6539927879014173	0.6704204204204205	0.05626365937546129		NA	NA		
LOC_Os01g01780	1	0.7258883248730964	0.34183673469387754	0.08205128205128205	7.0	39.0	0.03053494728621632	0.40668199505037794	0.3003003003003003	0.02929573521573174		NA	NA		
LOC_Os01g01780	2	0.7360406091370558	0.33163265306122447	0.09230769230769231	8.0	40.0	0.040687231550175715	0.43627547018047375	0.3547297297297297	0.02580146580393332		NA	NA		
LOC_Os01g01780	3	0.6598984771573604	0.29591836734693877	0.1076923076923077	8.0	36.0	0.04071326304828843	0.4060952238327148	0.3003003003003003	0.03033902910106738		NA	NA		
LOC_Os01g01790	1	0.7563451776649747	0.37244897959183676	0.17435897435897435	8.0	51.0	0.050891578810360535	0.4540240197165505	0.3003003003003003	0.04768975785943466		NA	NA		
LOC_Os01g01790	2	0.7411167512690355	0.35714285714285715	0.1641025641025641	8.0	49.0	0.048353507744370694	0.46478474681520365	0.3948948948948949	0.04944193158818225		NA	NA		
LOC_Os01g01790	3	0.649746192893401	0.2653061224489796	0.11794871794871795	8.0	30.0	0.04830144474814525	0.41891251897053206	0.3948948948948949	0.01752165842568614		NA	NA		
LOC_Os01g01800	1	0.583756345177665	0.20408163265306123	0.07179487179487179	8.0	22.0	0.030560978784329035	0.343398041396591	0.1906906906906907	0.027464149559948622		NA	NA		
LOC_Os01g01800	2	0.5786802030456852	0.19387755102040816	0.06666666666666667	6.0	21.0	0.025458805154236628	0.30050254180420966	0.16328828828828829	0.029644215035255814		NA	NA		
LOC_Os01g01800	3	0.350253807106599	0.07142857142857142	0.015384615384615385	6.0	8.0	0.027996876220226473	0.21744342881398718	0.15015015015015015	0.03894138600379031		NA	NA		
LOC_Os01g01810	1	0.5736040609137056	0.2602040816326531	0.08205128205128205	7.0	39.0	0.050917610308473256	0.35997368672132996	0.30067567567567566	0.04003742822761202		NA	NA		
LOC_Os01g01810	2	0.5583756345177665	0.22959183673469388	0.07179487179487179	7.0	36.0	0.04837953924248341	0.3512317478887457	0.3130630630630631	0.048596749852784		NA	NA		
LOC_Os01g01810	3	0.5431472081218274	0.2857142857142857	0.1282051282051282	8.0	47.0	0.04581543667838084	0.38202894002386384	0.2864114114114114	0.07974836413055175		NA	NA		
LOC_Os01g01830	1	0.5736040609137056	0.23469387755102042	0.09230769230769231	10.0	32.0	0.03561108941819602	0.39288388891724646	0.23048048048048048	0.02429573521573163		NA	NA		
LOC_Os01g01830	2	0.6700507614213198	0.3010204081632653	0.11282051282051282	7.0	34.0	0.035585057920083304	0.3852468049494881	0.25900900900900903	0.017359274644294424		NA	NA		
LOC_Os01g01830	3	0.6192893401015228	0.29081632653061223	0.11794871794871795	10.0	37.0	0.03307301835220617	0.4240793453846391	0.25900900900900903	0.027598241875830865		NA	NA		
LOC_Os01g01840	1	0.6649746192893401	0.33163265306122447	0.15897435897435896	12.0	49.0	0.10950149681114148	0.5131733833220418	0.4102852852852853	0.02094693790659412		NA	NA		
LOC_Os01g01840	2	0.5939086294416244	0.23469387755102042	0.10256410256410256	7.0	32.0	0.053455681374463104	0.3601071957852233	0.28603603603603606	0.012179467651731384		NA	NA		
LOC_Os01g01840	3	0.5126903553299492	0.2193877551020408	0.08205128205128205	8.0	27.0	0.061095926070545356	0.38624930192007784	0.4504504504504504	0.021982894357194072		NA	NA		
LOC_Os01g01850	1	0.6243654822335025	0.2193877551020408	0.07692307692307693	7.0	28.0	0.035559026421970584	0.33608721480367604	0.17642642642642642	0.04627740187026152		NA	NA		
LOC_Os01g01850	2	0.6091370558375635	0.16326530612244897	0.05641025641025641	6.0	17.0	0.035559026421970584	0.30915591706744716	0.216966966966967	0.014503106828587567		NA	NA		
LOC_Os01g01850	3	0.7157360406091371	0.23979591836734693	0.07692307692307693	7.0	25.0	0.03809709748796043	0.358292808981714	0.17567567567567569	0.011077742255870042		NA	NA		
LOC_Os01g01860	1	0.6446700507614214	0.3112244897959184	0.07692307692307693	8.0	40.0	0.038149160484185866	0.4082151751477349	0.3415915915915916	0.038887860901346376		NA	NA		
LOC_Os01g01860	2	0.6091370558375635	0.4030612244897959	0.15384615384615385	8.0	55.0	0.045789405180268125	0.43215783578365163	0.3280780780780781	0.05314455534665024		NA	NA		
LOC_Os01g01860	3	0.7106598984771574	0.3877551020408163	0.18461538461538463	8.0	48.0	0.04322530261616556	0.4444439148645095	0.2725225225225225	0.03645460672263589		NA	NA		
LOC_Os01g01870	1	0.5380710659898477	0.27040816326530615	0.12307692307692308	10.0	31.0	0.053455681374463104	0.4295544737096586	0.38288288288288286	0.026276366769281734		NA	NA		
LOC_Os01g01870	2	0.47715736040609136	0.25	0.1282051282051282	10.0	32.0	0.0764024469608226	0.41701844366818985	0.3963963963963964	0.02537219734230105		NA	NA		
LOC_Os01g01870	3	0.6395939086294417	0.29591836734693877	0.1641025641025641	10.0	39.0	0.06873617076662762	0.46586891396173485	0.3963963963963964	0.016645665027719737		NA	NA		
LOC_Os01g01880	1	0.6700507614213198	0.32142857142857145	0.1076923076923077	8.0	49.0	0.015228426395939087	0.45159108486519656	0.49211711711711714	0.032568266626334365		NA	NA		
LOC_Os01g01880	2	0.6649746192893401	0.32142857142857145	0.1076923076923077	8.0	47.0	0.017792528960041652	0.44517045103339525	0.46509009009009006	0.03424625104272958		NA	NA		
LOC_Os01g01880	3	0.5989847715736041	0.29591836734693877	0.11794871794871795	8.0	54.0	0.012690355329949238	0.42892172272520346	0.46509009009009006	0.032739238182737475		NA	NA		
LOC_Os01g01890	1	0.6142131979695431	0.20918367346938777	0.09743589743589744	8.0	23.0	0.02030456852791878	0.3637461333545452	0.23123123123123124	0.0341836523254279		NA	NA		
LOC_Os01g01890	2	0.6751269035532995	0.20408163265306123	0.06153846153846154	7.0	21.0	0.025380710659898477	0.3539151653147302	0.24549549549549549	0.03236270799636519		NA	NA		
LOC_Os01g01890	3	0.6040609137055838	0.19387755102040816	0.07692307692307693	8.0	21.0	0.035585057920083304	0.368215551573057	0.29954954954954954	0.0348944305471892		NA	NA		
LOC_Os01g01900	1	0.6649746192893401	0.3826530612244898	0.18974358974358974	8.0	52.0	0.027970844722113756	0.47908086065809047	0.4913663663663663	0.025613778604667396		NA	NA		
LOC_Os01g01900	2	0.5532994923857868	0.2653061224489796	0.11282051282051282	8.0	32.0	0.022894702590134063	0.36045939970523005	0.2042042042042042	0.026800191816650824		NA	NA		
LOC_Os01g01900	3	0.6954314720812182	0.4030612244897959	0.20512820512820512	8.0	53.0	0.043277365612391	0.4622256818413454	0.3408408408408409	0.022670828575191586		NA	NA		
LOC_Os01g01910	1	0.5736040609137056	0.27040816326530615	0.11794871794871795	8.0	35.0	0.025380710659898477	0.3802300262633838	0.2725225225225225	0.04570132143540467		NA	NA		
LOC_Os01g01910	2	0.6294416243654822	0.32653061224489793	0.20512820512820512	10.0	78.0	0.027970844722113756	0.46442729555492435	0.32770270270270274	0.0461545483743575		NA	NA		
LOC_Os01g01910	3	0.6142131979695431	0.25	0.10256410256410256	7.0	36.0	0.03809709748796043	0.36460170635297534	0.2728978978978979	0.02334707348349396		NA	NA		
LOC_Os01g01920	1	0.6091370558375635	0.2755102040816326	0.14358974358974358	12.0	92.0	0.10701548874137706	0.5233651184195056	0.5885885885885886	0.04006308958715785		NA	NA		
LOC_Os01g01920	2	0.6091370558375635	0.2755102040816326	0.14358974358974358	12.0	92.0	0.10701548874137706	0.5233651184195056	0.5885885885885886	0.04006308958715785		NA	NA		
LOC_Os01g01920	3	0.3197969543147208	0.12244897959183673	0.05128205128205128	10.0	17.0	0.04322530261616556	0.31184373517585995	0.23235735735735735	0.03656313790398329		NA	NA		
LOC_Os01g01925	1	0.4873096446700508	0.12755102040816327	0.041025641025641026	8.0	14.0	0.027944813224001042	0.3053514353949452	0.2042042042042042	0.019712169833370194		NA	NA		
LOC_Os01g01925	2	0.48223350253807107	0.17346938775510204	0.05641025641025641	8.0	20.0	0.038149160484185866	0.34122142813948464	0.32732732732732733	0.022400432095570952		NA	NA		
LOC_Os01g01925	3	0.6294416243654822	0.2602040816326531	0.11794871794871795	8.0	39.0	0.050891578810360535	0.39483720310768894	0.29992492492492495	0.03076277307327839		NA	NA		
LOC_Os01g01930	1	0.7258883248730964	0.40816326530612246	0.14871794871794872	8.0	54.0	0.04571131068592997	0.4606079618334875	0.3536036036036036	0.04551932740550157		NA	NA		
LOC_Os01g01930	2	0.7309644670050761	0.42346938775510207	0.1641025641025641	8.0	57.0	0.05845372901210465	0.45957815464341933	0.31268768768768773	0.05926236551084451		NA	NA		
LOC_Os01g01930	3	0.6446700507614214	0.30612244897959184	0.11794871794871795	8.0	34.0	0.04319927111805285	0.4096191144088171	0.31268768768768773	0.03761712623446261		NA	NA		
LOC_Os01g01940	1	0.49746192893401014	0.1989795918367347	0.1076923076923077	10.0	21.0	0.061095926070545356	0.4039198587857037	0.38213213213213215	0.027192761459307314		NA	NA		
LOC_Os01g01940	2	0.4873096446700508	0.23979591836734693	0.11282051282051282	8.0	36.0	0.06614603670441234	0.38330053048689744	0.40990990990990994	0.018504757045832643		NA	NA		
LOC_Os01g01940	3	0.5989847715736041	0.34183673469387754	0.2	10.0	45.0	0.08142652609657686	0.4712573943465895	0.38213213213213215	0.024465243588129782		NA	NA		
LOC_Os01g01950	1	0.7360406091370558	0.4489795918367347	0.1794871794871795	10.0	59.0	0.07122217883639204	0.5214750496657675	0.40953453453453453	0.034909207925597756		NA	NA		
LOC_Os01g01950	2	0.6446700507614214	0.3163265306122449	0.09743589743589744	8.0	43.0	0.04325133411427828	0.3996744837499008	0.2732732732732733	0.04130191713107278		NA	NA		
LOC_Os01g01950	3	0.48223350253807107	0.25	0.11794871794871795	10.0	36.0	0.05342964987635038	0.41861001767093137	0.40953453453453453	0.04869996081502903		NA	NA		
LOC_Os01g01960	1	0.6142131979695431	0.29591836734693877	0.1282051282051282	10.0	39.0	0.045789405180268125	0.43424391528089856	0.29954954954954954	0.03354222735135158		NA	NA		
LOC_Os01g01960	2	0.6446700507614214	0.15306122448979592	0.05128205128205128	8.0	16.0	0.033046986854093456	0.36582368632767476	0.31343843843843844	0.01583945429331001		NA	NA		
LOC_Os01g01960	3	0.5583756345177665	0.27040816326530615	0.10256410256410256	10.0	32.0	0.04584146817649356	0.42125456505442005	0.3415915915915916	0.01690537663781138		NA	NA		
LOC_Os01g01970	1	0.6345177664974619	0.3877551020408163	0.15897435897435896	8.0	50.0	0.050917610308473256	0.4487869830400649	0.39602102102102105	0.039188809626274676		NA	NA		
LOC_Os01g01970	2	0.6954314720812182	0.413265306122449	0.15897435897435896	8.0	52.0	0.050917610308473256	0.4606663595677373	0.368993993993994	0.03780842256646931		NA	NA		
LOC_Os01g01970	3	0.649746192893401	0.32653061224489793	0.12307692307692308	8.0	38.0	0.050917610308473256	0.4406665414388401	0.43731231231231227	0.030712673051405334		NA	NA		
LOC_Os01g01980	1	0.5939086294416244	0.21428571428571427	0.06666666666666667	7.0	23.0	0.04063516855395028	0.37091814802474704	0.3963963963963964	0.027715894707320103		NA	NA		
LOC_Os01g01980	2	0.3401015228426396	0.14795918367346939	0.06153846153846154	10.0	19.0	0.050917610308473256	0.3449798936709742	0.341966966966967	0.027274617170538914		NA	NA		
LOC_Os01g01980	3	0.6040609137055838	0.28061224489795916	0.09230769230769231	9.0	35.0	0.035559026421970584	0.42467544946152636	0.3963963963963964	0.026004747165887902		NA	NA		
LOC_Os01g01990	1	0.5279187817258884	0.23469387755102042	0.08717948717948718	9.0	31.0	0.050865547312247815	0.39082930016215006	0.35435435435435436	0.0240094935735427		NA	NA		
LOC_Os01g01990	2	0.5228426395939086	0.2193877551020408	0.07692307692307693	9.0	29.0	0.050865547312247815	0.37644330693641787	0.3130630630630631	0.021716100972854528		NA	NA		
LOC_Os01g01990	3	0.4517766497461929	0.12755102040816327	0.015384615384615385	6.0	14.0	0.03307301835220617	0.2734469616122988	0.2725225225225225	0.03735072728948951		NA	NA		
LOC_Os01g02000	1	0.5989847715736041	0.25510204081632654	0.10256410256410256	8.0	37.0	0.027970844722113756	0.395759612420236	0.35548048048048053	0.03303123213003054		NA	NA		
LOC_Os01g02000	2	0.583756345177665	0.23979591836734693	0.08717948717948718	8.0	33.0	0.022894702590134063	0.3920562600548097	0.38288288288288286	0.03247282102037994		NA	NA		
LOC_Os01g02000	3	0.5989847715736041	0.20918367346938777	0.041025641025641026	8.0	24.0	0.027970844722113756	0.3603793577542671	0.28603603603603606	0.02971929198723631		NA	NA		
LOC_Os01g02010	1	0.4873096446700508	0.1836734693877551	0.035897435897435895	6.0	21.0	0.040687231550175715	0.26870343731837565	0.13663663663663664	0.027628135051547695		NA	NA		
LOC_Os01g02010	2	0.5431472081218274	0.25	0.10256410256410256	7.0	29.0	0.055993752440452946	0.4050431630380869	0.5461711711711712	0.03734682507158758		NA	NA		
LOC_Os01g02010	3	0.7157360406091371	0.3163265306122449	0.09230769230769231	7.0	35.0	0.050891578810360535	0.41781699564875785	0.3813813813813814	0.03171694298726645		NA	NA		
LOC_Os01g02020	1	0.6446700507614214	0.32142857142857145	0.11794871794871795	8.0	45.0	0.04071326304828843	0.42371637493464903	0.36786786786786785	0.045285219191709344		NA	NA		
LOC_Os01g02020	2	0.7461928934010152	0.29591836734693877	0.11282051282051282	8.0	37.0	0.040687231550175715	0.44059596432330295	0.3813813813813814	0.031769138074899936		NA	NA		
LOC_Os01g02020	3	0.751269035532995	0.3010204081632653	0.11282051282051282	8.0	39.0	0.038149160484185866	0.4372261955075588	0.35435435435435436	0.03715133728563806		NA	NA		
LOC_Os01g02040	1	0.5634517766497462	0.3163265306122449	0.12307692307692308	10.0	41.0	0.033046986854093456	0.4191145896113264	0.2593843843843844	0.05607140692278393		NA	NA		
LOC_Os01g02040	2	0.5380710659898477	0.3112244897959184	0.12307692307692308	10.0	41.0	0.033046986854093456	0.42668170297974506	0.32770270270270274	0.05403741406132987		NA	NA		
LOC_Os01g02040	3	0.4720812182741117	0.1836734693877551	0.05641025641025641	9.0	20.0	0.022868671092021346	0.319760316141752	0.13663663663663664	0.04633569503173017		NA	NA		
LOC_Os01g02050	1	0.6192893401015228	0.2602040816326531	0.07692307692307693	8.0	38.0	0.05847976051021736	0.3681601766083274	0.21771771771771772	0.03994102054657343		NA	NA		
LOC_Os01g02050	2	0.5939086294416244	0.18877551020408162	0.046153846153846156	8.0	22.0	0.04322530261616556	0.34264447403678727	0.21771771771771772	0.040759281518612064		NA	NA		
LOC_Os01g02050	3	0.5482233502538071	0.1989795918367347	0.041025641025641026	6.0	27.0	0.058505792008330074	0.3312943652718852	0.36824324324324326	0.034368651587486185		NA	NA		
LOC_Os01g02060	1	0.5736040609137056	0.2755102040816326	0.09230769230769231	7.0	39.0	0.03563712091630873	0.3622333404095551	0.2864114114114114	0.0450488928343654		NA	NA		
LOC_Os01g02060	2	0.5634517766497462	0.29081632653061223	0.1076923076923077	7.0	41.0	0.043277365612391	0.36363832842077953	0.2728978978978979	0.04779126804931759		NA	NA		
LOC_Os01g02060	3	0.5431472081218274	0.2755102040816326	0.10256410256410256	10.0	36.0	0.0636339971365352	0.41097102968023924	0.3003003003003003	0.043734542443208166		NA	NA		
LOC_Os01g02070	1	0.7157360406091371	0.4489795918367347	0.2923076923076923	10.0	101.0	0.07632435246648445	0.5674557160017639	0.5469219219219219	0.0574142650944856		NA	NA		
LOC_Os01g02070	2	0.7157360406091371	0.4744897959183674	0.2717948717948718	11.0	86.0	0.08142652609657686	0.5851218593821929	0.5469219219219219	0.05225262288551668		NA	NA		
LOC_Os01g02070	3	0.700507614213198	0.42857142857142855	0.22564102564102564	10.0	96.0	0.06871013926851491	0.5277758455169623	0.45082582582582587	0.05682000626888561		NA	NA		
LOC_Os01g02080	1	0.45685279187817257	0.14285714285714285	0.03076923076923077	6.0	16.0	0.040687231550175715	0.26423397123904735	0.1906906906906907	0.03511649321731768		NA	NA		
LOC_Os01g02080	2	0.47715736040609136	0.14795918367346939	0.02564102564102564	6.0	16.0	0.04322530261616556	0.2709923547849581	0.2042042042042042	0.03350349364478921		NA	NA		
LOC_Os01g02080	3	0.5532994923857868	0.15306122448979592	0.020512820512820513	6.0	17.0	0.030508915788103604	0.28336269546566867	0.18993993993993996	0.023993743462797583		NA	NA		
LOC_Os01g02090	1	0.4720812182741117	0.15306122448979592	0.05641025641025641	6.0	18.0	0.04830144474814525	0.28263186115615413	0.23160660660660662	0.03150415188449256		NA	NA		
LOC_Os01g02090	2	0.45685279187817257	0.11224489795918367	0.041025641025641026	6.0	12.0	0.048327476246257974	0.2874150565629898	0.326951951951952	0.028442491700137174		NA	NA		
LOC_Os01g02090	3	0.49746192893401014	0.17857142857142858	0.08717948717948718	12.0	20.0	0.04319927111805285	0.4127026289970452	0.3003003003003003	0.037908920343947036		NA	NA		
LOC_Os01g02100	1	0.6294416243654822	0.27040816326530615	0.1282051282051282	8.0	31.0	0.04073929454640114	0.40170707926327937	0.3138138138138138	0.023172943102402914		NA	NA		
LOC_Os01g02100	2	0.6345177664974619	0.27040816326530615	0.1282051282051282	8.0	31.0	0.04073929454640114	0.40542501039237805	0.32732732732732733	0.024043727515945294		NA	NA		
LOC_Os01g02100	3	0.6802030456852792	0.2653061224489796	0.11794871794871795	8.0	27.0	0.04581543667838084	0.4170459315709497	0.3551051051051051	0.027949109261363618		NA	NA		
LOC_Os01g02110	1	0.6852791878172588	0.3622448979591837	0.20512820512820512	10.0	46.0	0.04581543667838084	0.5292842119346833	0.5604354354354355	0.03685649959897373		NA	NA		
LOC_Os01g02110	2	0.6903553299492385	0.336734693877551	0.15897435897435896	8.0	41.0	0.027970844722113756	0.41153720088455403	0.20495495495495497	0.03878072212081911		NA	NA		
LOC_Os01g02110	3	0.6446700507614214	0.29081632653061223	0.12307692307692308	8.0	37.0	0.017766497461928935	0.4022532006143319	0.28603603603603606	0.04132735241004103		NA	NA		
LOC_Os01g02120	1	0.6091370558375635	0.33163265306122447	0.21025641025641026	12.0	49.0	0.09929714955095666	0.5588839025097183	0.6433933933933934	0.015516660101596125		NA	NA		
LOC_Os01g02120	2	0.6192893401015228	0.34183673469387754	0.2205128205128205	12.0	64.0	0.11711571000911102	0.5293457970796622	0.46509009009009006	0.019251499008444407		NA	NA		
LOC_Os01g02120	3	0.5685279187817259	0.3520408163265306	0.21025641025641026	12.0	108.0	0.17828973057399455	0.5137025666104709	0.43768768768768773	0.021875376903421444		NA	NA		
LOC_Os01g02130	1	0.5228426395939086	0.2193877551020408	0.08205128205128205	7.0	25.0	0.04325133411427828	0.33062210111521206	0.24549549549549549	0.026426259172570233		NA	NA		
LOC_Os01g02130	2	0.6192893401015228	0.23469387755102042	0.09230769230769231	7.0	28.0	0.055993752440452946	0.3575765003103655	0.25825825825825827	0.023912625679767978		NA	NA		
LOC_Os01g02130	3	0.5177664974619289	0.1683673469387755	0.041025641025641026	7.0	18.0	0.025432773656123907	0.30293940459277663	0.2042042042042042	0.02537479231025479		NA	NA		
LOC_Os01g02139	1	0.5685279187817259	0.32653061224489793	0.15384615384615385	8.0	41.0	0.058531823506442794	0.39221336940698803	0.24549549549549549	0.03774199116091585		NA	NA		
LOC_Os01g02139	2	0.5989847715736041	0.27040816326530615	0.11282051282051282	8.0	33.0	0.038149160484185866	0.4008721189613141	0.35548048048048053	0.028334143451767702		NA	NA		
LOC_Os01g02139	3	0.4619289340101523	0.24489795918367346	0.12307692307692308	8.0	30.0	0.038149160484185866	0.3594492317226182	0.30067567567567566	0.02251461343069865		NA	NA		
LOC_Os01g02150	1	0.36548223350253806	0.19387755102040816	0.1282051282051282	12.0	32.0	0.0636079656384225	0.40042589545852786	0.3145645645645646	0.06299835267787166		NA	NA		
LOC_Os01g02150	2	0.4467005076142132	0.16326530612244897	0.09743589743589744	10.0	23.0	0.06617206820252505	0.39012899088316055	0.40990990990990994	0.05311244075352781		NA	NA		
LOC_Os01g02150	3	0.39593908629441626	0.15816326530612246	0.08717948717948718	12.0	20.0	0.05340361837823766	0.3829110224106599	0.2732732732732733	0.046203514557243565		NA	NA		
LOC_Os01g02160	1	0.5482233502538071	0.28061224489795916	0.11794871794871795	7.0	41.0	0.06609397370818691	0.3660835893468236	0.3003003003003003	0.06030422068901568		NA	NA		
LOC_Os01g02160	2	0.6395939086294417	0.32653061224489793	0.12307692307692308	7.0	43.0	0.06358193414030977	0.40545290140286516	0.3547297297297297	0.052893508955417654		NA	NA		
LOC_Os01g02160	3	0.6091370558375635	0.29591836734693877	0.11794871794871795	7.0	37.0	0.06104386307431993	0.3759221495479654	0.2732732732732733	0.03863040340637623		NA	NA		
LOC_Os01g02170	1	0.7868020304568528	0.413265306122449	0.2717948717948718	12.0	64.0	0.05847976051021736	0.5763544236568168	0.40990990990990994	0.05907052792618436		NA	NA		
LOC_Os01g02170	2	0.7461928934010152	0.44387755102040816	0.21025641025641026	12.0	65.0	0.05342964987635038	0.5537890946592905	0.36861861861861867	0.0565587963381218		NA	NA		
LOC_Os01g02170	3	0.7309644670050761	0.5	0.29743589743589743	12.0	78.0	0.058505792008330074	0.5876620548701768	0.40990990990990994	0.057409207925597755		NA	NA		
LOC_Os01g02180	1	0.5228426395939086	0.25	0.1076923076923077	9.0	29.0	0.03563712091630873	0.4354162987665526	0.5465465465465466	0.0496980276567011		NA	NA		
LOC_Os01g02180	2	0.3299492385786802	0.16326530612244897	0.05128205128205128	7.0	21.0	0.053455681374463104	0.2911065264038433	0.32770270270270274	0.06535832224350428		NA	NA		
LOC_Os01g02180	3	0.5736040609137056	0.24489795918367346	0.1076923076923077	9.0	28.0	0.04581543667838084	0.3816352619543338	0.231981981981982	0.04228445431724319		NA	NA		
LOC_Os01g02190	1	0.4619289340101523	0.15306122448979592	0.06666666666666667	10.0	22.0	0.07378628140049459	0.3520971307990887	0.24549549549549549	0.01604699684024679		NA	NA		
LOC_Os01g02190	2	0.49746192893401014	0.14285714285714285	0.046153846153846156	10.0	21.0	0.07632435246648445	0.3530603493547656	0.24549549549549549	0.018464552791411674		NA	NA		
LOC_Os01g02190	3	0.6142131979695431	0.2602040816326531	0.1076923076923077	10.0	39.0	0.08399062866067943	0.4285540495910329	0.32732732732732733	0.019047937436320436		NA	NA		
LOC_Os01g02200	1	0.6954314720812182	0.3469387755102041	0.1282051282051282	7.0	57.0	0.033020955355980736	0.41902498506922	0.34121621621621623	0.0325342598393981		NA	NA		
LOC_Os01g02200	2	0.6903553299492385	0.33163265306122447	0.12307692307692308	10.0	51.0	0.03561108941819602	0.46940337160786766	0.36861861861861867	0.030929435411849823		NA	NA		
LOC_Os01g02200	3	0.6395939086294417	0.2653061224489796	0.09743589743589744	10.0	33.0	0.03561108941819602	0.4353770956127737	0.34121621621621623	0.024665229600983593		NA	NA		
LOC_Os01g02210	1	0.6091370558375635	0.23979591836734693	0.08205128205128205	9.0	26.0	0.020356631524144214	0.3852959503503376	0.24549549549549549	0.011298286747444477		NA	NA		
LOC_Os01g02210	2	0.5025380710659898	0.18877551020408162	0.09230769230769231	9.0	24.0	0.04576337368215541	0.3556732036645017	0.24474474474474475	0.01696499892342112		NA	NA		
LOC_Os01g02210	3	0.5329949238578681	0.11224489795918367	0.03076923076923077	8.0	12.0	0.030508915788103604	0.31763424294968895	0.24549549549549549	0.011873176311057158		NA	NA		
LOC_Os01g02220	1	0.5482233502538071	0.1836734693877551	0.05128205128205128	6.0	18.0	0.04071326304828843	0.28666580421475274	0.15015015015015015	0.01688169289760165		NA	NA		
LOC_Os01g02220	2	0.6091370558375635	0.2755102040816326	0.15384615384615385	10.0	33.0	0.053455681374463104	0.4782692533236405	0.5195195195195195	0.015464943801390948		NA	NA		
LOC_Os01g02220	3	0.6091370558375635	0.27040816326530615	0.07692307692307693	7.0	31.0	0.035585057920083304	0.3626149805265106	0.2732732732732733	0.015043867245345281		NA	NA		
LOC_Os01g02230	1	0.5228426395939086	0.1989795918367347	0.035897435897435895	8.0	20.0	0.027996876220226473	0.33127366319534557	0.231981981981982	0.0191716198143223		NA	NA		
LOC_Os01g02230	2	0.5177664974619289	0.16326530612244897	0.03076923076923077	6.0	18.0	0.035559026421970584	0.288606453116968	0.23123123123123124	0.011711756005089273		NA	NA		
LOC_Os01g02230	3	0.4720812182741117	0.16326530612244897	0.041025641025641026	6.0	17.0	0.03563712091630873	0.2680071658171731	0.16366366366366367	0.023658306882309407		NA	NA		
LOC_Os01g02240	1	0.5431472081218274	0.1836734693877551	0.05128205128205128	6.0	20.0	0.035585057920083304	0.30201694215472313	0.231981981981982	0.026576693405390144		NA	NA		
LOC_Os01g02240	2	0.583756345177665	0.2602040816326531	0.11282051282051282	8.0	34.0	0.04584146817649356	0.3874522840222623	0.3138138138138138	0.011048630102456262		NA	NA		
LOC_Os01g02240	3	0.6548223350253807	0.20918367346938777	0.06153846153846154	8.0	24.0	0.04073929454640114	0.38120499010274206	0.3138138138138138	0.0171511197343756		NA	NA		
LOC_Os01g02250	1	0.6649746192893401	0.3010204081632653	0.1076923076923077	7.0	41.0	0.015254457894051802	0.3859837132752289	0.2728978978978979	0.03239193515294407		NA	NA		
LOC_Os01g02250	2	0.6192893401015228	0.2602040816326531	0.11282051282051282	7.0	37.0	0.0382012234804113	0.3696339580821089	0.2725225225225225	0.02185337552826571		NA	NA		
LOC_Os01g02250	3	0.6243654822335025	0.23979591836734693	0.08717948717948718	7.0	30.0	0.020356631524144214	0.36969760698549675	0.3138138138138138	0.0338989652476354		NA	NA		
LOC_Os01g02260	1	0.5177664974619289	0.17857142857142858	0.06666666666666667	8.0	19.0	0.04322530261616556	0.3323306482697346	0.231981981981982	0.014680104657389661		NA	NA		
LOC_Os01g02260	2	0.5989847715736041	0.2857142857142857	0.1282051282051282	12.0	32.0	0.03563712091630873	0.49282107733884384	0.4512012012012012	0.01782174440165512		NA	NA		
LOC_Os01g02260	3	0.6091370558375635	0.2653061224489796	0.10256410256410256	8.0	30.0	0.03053494728621632	0.3695756303443033	0.2042042042042042	0.014212049848592525		NA	NA		
LOC_Os01g02270	1	0.6345177664974619	0.25510204081632654	0.09230769230769231	8.0	31.0	0.017792528960041652	0.3815957101345063	0.2593843843843844	0.02407667958419911		NA	NA		
LOC_Os01g02270	2	0.5786802030456852	0.2755102040816326	0.1282051282051282	10.0	34.0	0.03053494728621632	0.4397223503097325	0.38288288288288286	0.012748866605661484		NA	NA		
LOC_Os01g02270	3	0.6091370558375635	0.23979591836734693	0.09230769230769231	12.0	27.0	0.027970844722113756	0.4619718570262442	0.36861861861861867	0.025331656323156364		NA	NA		
LOC_Os01g02280	1	0.649746192893401	0.25	0.09230769230769231	7.0	28.0	0.022894702590134063	0.3696570232864649	0.2728978978978979	0.03686660884132985		NA	NA		
LOC_Os01g02280	2	0.5888324873096447	0.22959183673469388	0.06666666666666667	7.0	25.0	0.027996876220226473	0.33722840835241125	0.21771771771771772	0.01742768716426201		NA	NA		
LOC_Os01g02280	3	0.6446700507614214	0.28061224489795916	0.09230769230769231	7.0	36.0	0.012716386828061954	0.3748393189147358	0.2732732732732733	0.03239193515294407		NA	NA		
LOC_Os01g02290	1	0.6345177664974619	0.37244897959183676	0.15384615384615385	10.0	47.0	0.06619809970063777	0.4972526700771806	0.49211711711711714	0.018670782231006315		NA	NA		
LOC_Os01g02290	2	0.6345177664974619	0.23979591836734693	0.05641025641025641	8.0	27.0	0.05342964987635038	0.3849435870538119	0.32732732732732733	0.01825977876513179		NA	NA		
LOC_Os01g02290	3	0.5939086294416244	0.2193877551020408	0.06666666666666667	7.0	27.0	0.04576337368215541	0.3581247423741985	0.32732732732732733	0.017806216776755247		NA	NA		
LOC_Os01g02300	1	0.6852791878172588	0.3877551020408163	0.19487179487179487	10.0	75.0	0.07894051802681244	0.5458484842132413	0.628003003003003	0.04825786362725963		NA	NA		
LOC_Os01g02300	2	0.6294416243654822	0.30612244897959184	0.14358974358974358	9.0	49.0	0.06617206820252505	0.4177076402638404	0.2593843843843844	0.03393545128216456		NA	NA		
LOC_Os01g02300	3	0.5431472081218274	0.32142857142857145	0.2	10.0	90.0	0.09168293635298712	0.5106629036578275	0.6554054054054055	0.05166539531085006		NA	NA		
LOC_Os01g02310	1	0.6243654822335025	0.23469387755102042	0.06153846153846154	6.0	28.0	0.027996876220226473	0.34688232702735966	0.3138138138138138	0.022253512500772555		NA	NA		
LOC_Os01g02310	2	0.6446700507614214	0.2857142857142857	0.08205128205128205	8.0	31.0	0.030560978784329035	0.38221685343512757	0.231981981981982	0.017289398174590898		NA	NA		
LOC_Os01g02310	3	0.6548223350253807	0.25510204081632654	0.07179487179487179	8.0	27.0	0.022894702590134063	0.38132883451230076	0.25825825825825827	0.01576625343307785		NA	NA		
LOC_Os01g02320	1	0.41624365482233505	0.11734693877551021	0.02564102564102564	6.0	14.0	0.035559026421970584	0.23902350102495137	0.1358858858858859	0.04662748905152307		NA	NA		
LOC_Os01g02320	2	0.4720812182741117	0.15306122448979592	0.041025641025641026	6.0	18.0	0.040661200052063	0.2604107939350869	0.1358858858858859	0.04863658192545038		NA	NA		
LOC_Os01g02320	3	0.5329949238578681	0.14285714285714285	0.010256410256410256	6.0	18.0	0.020356631524144214	0.28346794164053046	0.23123123123123124	0.04485129416339338		NA	NA		
LOC_Os01g02334	1	0.4416243654822335	0.15306122448979592	0.046153846153846156	7.0	17.0	0.0508395158141351	0.31307779713508505	0.34121621621621623	0.022844142499248085		NA	NA		
LOC_Os01g02334	2	0.5126903553299492	0.16326530612244897	0.05641025641025641	7.0	17.0	0.03053494728621632	0.29301973011907745	0.1493993993993994	0.0145011597572866		NA	NA		
LOC_Os01g02334	3	0.5279187817258884	0.11224489795918367	0.020512820512820513	6.0	11.0	0.03563712091630873	0.267570735475014	0.17717717717717718	0.013873108147037896		NA	NA		
LOC_Os01g02350	1	0.6294416243654822	0.2755102040816326	0.07692307692307693	7.0	34.0	0.04581543667838084	0.3621407468398042	0.24549549549549549	0.04571067914501796		NA	NA		
LOC_Os01g02350	2	0.6548223350253807	0.2653061224489796	0.08205128205128205	7.0	30.0	0.045789405180268125	0.36349901096819154	0.231981981981982	0.03394558421866471		NA	NA		
LOC_Os01g02350	3	0.649746192893401	0.25	0.13846153846153847	10.0	30.0	0.025406742158011194	0.44232623095567253	0.34009009009009006	0.013955977122198973		NA	NA		
LOC_Os01g02360	1	0.5634517766497462	0.2602040816326531	0.12307692307692308	10.0	31.0	0.055993752440452946	0.4461033130286213	0.4504504504504504	0.015922468095811153		NA	NA		
LOC_Os01g02360	2	0.5939086294416244	0.2602040816326531	0.11282051282051282	7.0	30.0	0.045789405180268125	0.36455781595012926	0.2725225225225225	0.024488671576736277		NA	NA		
LOC_Os01g02360	3	0.5025380710659898	0.19387755102040816	0.09743589743589744	8.0	21.0	0.03561108941819602	0.3276141477483029	0.17755255255255256	0.025227310118738293		NA	NA		
LOC_Os01g02370	1	0.5685279187817259	0.22959183673469388	0.11282051282051282	10.0	26.0	0.02292073408824678	0.39802889450822737	0.2458708708708709	0.014966664374939868		NA	NA		
LOC_Os01g02370	2	0.6243654822335025	0.24489795918367346	0.09230769230769231	10.0	26.0	0.027970844722113756	0.4109328453635923	0.25975975975975973	0.012097921781667567		NA	NA		
LOC_Os01g02370	3	0.5888324873096447	0.1989795918367347	0.05641025641025641	10.0	21.0	0.03048288428999089	0.373649271916132	0.1906906906906907	0.012481221685118496		NA	NA		
LOC_Os01g02380	1	0.6091370558375635	0.3112244897959184	0.1282051282051282	8.0	48.0	0.06355590264219706	0.40295657801096524	0.29954954954954954	0.05393529735537504		NA	NA		
LOC_Os01g02380	2	0.6548223350253807	0.3112244897959184	0.11794871794871795	8.0	37.0	0.04576337368215541	0.45381112056601536	0.5183933933933934	0.04063468991978035		NA	NA		
LOC_Os01g02380	3	0.6700507614213198	0.336734693877551	0.14358974358974358	8.0	44.0	0.048327476246257974	0.42887383857652167	0.32732732732732733	0.04183341604378436		NA	NA		
LOC_Os01g02390	1	0.6345177664974619	0.24489795918367346	0.08205128205128205	8.0	30.0	0.027944813224001042	0.3910922003452823	0.32732732732732733	0.01460115885511847		NA	NA		
LOC_Os01g02390	2	0.6040609137055838	0.3469387755102041	0.1641025641025641	9.0	52.0	0.05855785500455551	0.4631105407537605	0.4504504504504504	0.03039890103686637		NA	NA		
LOC_Os01g02390	3	0.6040609137055838	0.25	0.05641025641025641	6.0	29.0	0.035585057920083304	0.3475596994886335	0.32732732732732733	0.016419943683157624		NA	NA		
LOC_Os01g02400	1	0.6954314720812182	0.3520408163265306	0.11282051282051282	6.0	53.0	0.043277365612391	0.40578228396937605	0.36861861861861867	0.052469331355824746		NA	NA		
LOC_Os01g02400	2	0.6751269035532995	0.32653061224489793	0.13333333333333333	7.0	47.0	0.04584146817649356	0.44201318484132124	0.4917417417417418	0.05145497486979465		NA	NA		
LOC_Os01g02400	3	0.6954314720812182	0.32142857142857145	0.11794871794871795	7.0	40.0	0.04586749967460627	0.4173521426820919	0.36861861861861867	0.060928872038771766		NA	NA		
LOC_Os01g02410	1	0.5786802030456852	0.17346938775510204	0.041025641025641026	7.0	18.0	0.022894702590134063	0.31884525657549584	0.21771771771771772	0.0117206815655218		NA	NA		
LOC_Os01g02410	2	0.5380710659898477	0.1377551020408163	0.035897435897435895	7.0	14.0	0.038149160484185866	0.3025549309958302	0.21771771771771772	0.020143625531754514		NA	NA		
LOC_Os01g02410	3	0.4619289340101523	0.12244897959183673	0.03076923076923077	6.0	13.0	0.033046986854093456	0.2584648643096794	0.17717717717717718	0.021459062219881794		NA	NA		
LOC_Os01g02420	1	0.6700507614213198	0.2653061224489796	0.09230769230769231	8.0	31.0	0.022868671092021346	0.3743016840043671	0.17717717717717718	0.01776711881354652		NA	NA		
LOC_Os01g02420	2	0.5532994923857868	0.17857142857142858	0.035897435897435895	6.0	18.0	0.027944813224001042	0.27802814584540475	0.12237237237237238	0.016642087296816307		NA	NA		
LOC_Os01g02420	3	0.7258883248730964	0.35714285714285715	0.13846153846153847	10.0	40.0	0.03561108941819602	0.47372797352492785	0.3138138138138138	0.020225484481258597		NA	NA		
LOC_Os01g02430	1	0.6751269035532995	0.28061224489795916	0.10256410256410256	10.0	30.0	0.043277365612391	0.42750149104391316	0.2458708708708709	0.014380152011408956		NA	NA		
LOC_Os01g02430	2	0.5888324873096447	0.19387755102040816	0.06666666666666667	10.0	20.0	0.03561108941819602	0.38571618184018475	0.2458708708708709	0.014288585554573565		NA	NA		
LOC_Os01g02430	3	0.700507614213198	0.336734693877551	0.13333333333333333	8.0	39.0	0.04325133411427828	0.43576677993646806	0.3415915915915916	0.021991442029272994		NA	NA		
LOC_Os01g02440	1	0.5583756345177665	0.1989795918367347	0.015384615384615385	6.0	22.0	0.015254457894051802	0.27902244282229777	0.12237237237237238	0.011999529097684139		NA	NA		
LOC_Os01g02440	2	0.5025380710659898	0.15306122448979592	0.05128205128205128	6.0	18.0	0.022868671092021346	0.27395885195015	0.16291291291291293	0.018686464603556878		NA	NA		
LOC_Os01g02440	3	0.6446700507614214	0.22959183673469388	0.046153846153846156	6.0	25.0	0.017792528960041652	0.3385876512344968	0.2725225225225225	0.011480888398995739		NA	NA		
LOC_Os01g02450	1	0.5685279187817259	0.22448979591836735	0.07692307692307693	7.0	27.0	0.025406742158011194	0.3370512213876971	0.231981981981982	0.008265723032500331		NA	NA		
LOC_Os01g02450	2	0.5482233502538071	0.23469387755102042	0.09743589743589744	8.0	27.0	0.017792528960041652	0.33935891333643325	0.14977477477477477	0.007964943801390949		NA	NA		
LOC_Os01g02450	3	0.5989847715736041	0.24489795918367346	0.1076923076923077	10.0	28.0	0.04073929454640114	0.43363332600823534	0.38325825825825827	0.0062642589018633245		NA	NA		
LOC_Os01g02460	1	0.7360406091370558	0.29591836734693877	0.08205128205128205	10.0	33.0	0.027970844722113756	0.4441233730283766	0.2732732732732733	0.020432660652309358		NA	NA		
LOC_Os01g02460	2	0.6649746192893401	0.2857142857142857	0.1076923076923077	10.0	33.0	0.025432773656123907	0.44936393022687443	0.3551051051051051	0.01827253554058999		NA	NA		
LOC_Os01g02460	3	0.6040609137055838	0.25	0.07179487179487179	10.0	30.0	0.020356631524144214	0.42285884478777885	0.3551051051051051	0.01637592291487904		NA	NA		
LOC_Os01g02470	1	0.7868020304568528	0.49489795918367346	0.24615384615384617	10.0	78.0	0.06366002863464792	0.5649551515432589	0.4635885885885886	0.05024693788103118		NA	NA		
LOC_Os01g02470	2	0.6903553299492385	0.37244897959183676	0.18461538461538463	10.0	74.0	0.05348171287257582	0.5088683232156763	0.4635885885885886	0.05268577845985233		NA	NA		
LOC_Os01g02470	3	0.7715736040609137	0.4336734693877551	0.2205128205128205	10.0	70.0	0.06106989457243264	0.5310228496631688	0.39602102102102105	0.05333960044561347		NA	NA		
LOC_Os01g02480	1	0.6700507614213198	0.30612244897959184	0.11282051282051282	7.0	35.0	0.030508915788103604	0.38912006596560617	0.2732732732732733	0.01244803713711761		NA	NA		
LOC_Os01g02480	2	0.6243654822335025	0.25510204081632654	0.09230769230769231	7.0	29.0	0.03812312898607315	0.35456525328171445	0.21771771771771772	0.008494371477819		NA	NA		
LOC_Os01g02480	3	0.5532994923857868	0.2755102040816326	0.11282051282051282	7.0	33.0	0.027970844722113756	0.34598369951524416	0.20495495495495497	0.013667245474065162		NA	NA		
LOC_Os01g02490	1	0.8223350253807107	0.42346938775510207	0.20512820512820512	8.0	61.0	0.06871013926851491	0.524721058187338	0.506006006006006	0.056014600517441934		NA	NA		
LOC_Os01g02490	2	0.8223350253807107	0.42346938775510207	0.20512820512820512	8.0	61.0	0.06871013926851491	0.524721058187338	0.506006006006006	0.056014600517441934		NA	NA		
LOC_Os01g02490	3	0.766497461928934	0.37755102040816324	0.18461538461538463	8.0	55.0	0.06871013926851491	0.4866036442613672	0.43768768768768773	0.05235865740924443		NA	NA		
LOC_Os01g02500	1	0.583756345177665	0.15816326530612246	0.015384615384615385	6.0	16.0	0.03048288428999089	0.31137075508359047	0.29954954954954954	0.012604149399490274		NA	NA		
LOC_Os01g02500	2	0.6598984771573604	0.2755102040816326	0.12307692307692308	10.0	43.0	0.06617206820252505	0.46582624999231237	0.43731231231231227	0.031402010065003025		NA	NA		
LOC_Os01g02500	3	0.6091370558375635	0.22448979591836735	0.08717948717948718	8.0	28.0	0.07632435246648445	0.38280991643573226	0.32657657657657657	0.014285007823670193		NA	NA		
LOC_Os01g02510	1	0.5634517766497462	0.2653061224489796	0.09230769230769231	8.0	44.0	0.04576337368215541	0.37475365882182415	0.28603603603603606	0.03551828719299026		NA	NA		
LOC_Os01g02510	2	0.5329949238578681	0.23979591836734693	0.09743589743589744	8.0	30.0	0.055993752440452946	0.38110240498927955	0.36861861861861867	0.018386744110707943		NA	NA		
LOC_Os01g02510	3	0.467005076142132	0.23979591836734693	0.12307692307692308	8.0	31.0	0.022868671092021346	0.37851312105481794	0.39602102102102105	0.03548372726410069		NA	NA		
LOC_Os01g02520	1	0.7360406091370558	0.45408163265306123	0.2564102564102564	10.0	89.0	0.04071326304828843	0.5187359290695042	0.3138138138138138	0.06083098941641812		NA	NA		
LOC_Os01g02520	2	0.6395939086294417	0.39285714285714285	0.2	8.0	60.0	0.04325133411427828	0.46736108116818775	0.43768768768768773	0.050296708499154845		NA	NA		
LOC_Os01g02520	3	0.7309644670050761	0.29591836734693877	0.09230769230769231	7.0	40.0	0.0559156579461148	0.38675101824485436	0.23123123123123124	0.028795323756742534		NA	NA		
LOC_Os01g02530	1	0.583756345177665	0.18877551020408162	0.041025641025641026	6.0	22.0	0.035559026421970584	0.31451330108327935	0.25900900900900903	0.01291146336812437		NA	NA		
LOC_Os01g02530	2	0.6040609137055838	0.23979591836734693	0.05128205128205128	6.0	29.0	0.040661200052063	0.3362349838782036	0.28603603603603606	0.01788690957010507		NA	NA		
LOC_Os01g02530	3	0.5989847715736041	0.16326530612244897	0.041025641025641026	6.0	19.0	0.03809709748796043	0.30960409269328776	0.24474474474474475	0.01559085441564017		NA	NA		
LOC_Os01g02540	1	0.5736040609137056	0.29081632653061223	0.11282051282051282	8.0	36.0	0.020356631524144214	0.3778806124853986	0.24549549549549549	0.02819024127265512		NA	NA		
LOC_Os01g02540	2	0.6700507614213198	0.39285714285714285	0.17435897435897435	8.0	54.0	0.027970844722113756	0.45991583818994985	0.39564564564564564	0.029645936474353422		NA	NA		
LOC_Os01g02540	3	0.6903553299492385	0.4030612244897959	0.21025641025641026	8.0	53.0	0.04581543667838084	0.445869728074224	0.25900900900900903	0.02616919337170353		NA	NA		
LOC_Os01g02550	1	0.6649746192893401	0.24489795918367346	0.07692307692307693	9.0	32.0	0.033020955355980736	0.40193871065879766	0.2728978978978979	0.01800522767519202		NA	NA		
LOC_Os01g02550	2	0.6903553299492385	0.29591836734693877	0.11794871794871795	10.0	33.0	0.03048288428999089	0.4420907292952253	0.2728978978978979	0.014176267474033824		NA	NA		
LOC_Os01g02550	3	0.6700507614213198	0.23979591836734693	0.07692307692307693	10.0	30.0	0.033046986854093456	0.4213779753663728	0.2867867867867868	0.014506025195693653		NA	NA		
LOC_Os01g02560	1	0.6802030456852792	0.3112244897959184	0.08717948717948718	8.0	37.0	0.033046986854093456	0.4036343174450499	0.2728978978978979	0.021329713869559667		NA	NA		
LOC_Os01g02560	2	0.6395939086294417	0.23469387755102042	0.05128205128205128	6.0	26.0	0.025432773656123907	0.3258046581831934	0.20345345345345345	0.015579505017875021		NA	NA		
LOC_Os01g02560	3	0.6142131979695431	0.25	0.06153846153846154	6.0	28.0	0.033046986854093456	0.3368019835532526	0.25825825825825827	0.018918118398526744		NA	NA		
LOC_Os01g02570	1	0.5634517766497462	0.2193877551020408	0.07692307692307693	8.0	26.0	0.033020955355980736	0.3570876568701079	0.25900900900900903	0.013323563319543976		NA	NA		
LOC_Os01g02570	2	0.6446700507614214	0.24489795918367346	0.12307692307692308	10.0	27.0	0.050865547312247815	0.4730995571749742	0.5195195195195195	0.013057084730729742		NA	NA		
LOC_Os01g02570	3	0.6294416243654822	0.21428571428571427	0.10256410256410256	10.0	22.0	0.04325133411427828	0.454423453408225	0.4924924924924925	0.01455352328597558		NA	NA		
LOC_Os01g02580	1	0.6598984771573604	0.2602040816326531	0.09230769230769231	11.0	28.0	0.025380710659898477	0.42380337154086245	0.18993993993993996	0.010924446138355352		NA	NA		
LOC_Os01g02580	2	0.5786802030456852	0.15816326530612246	0.02564102564102564	7.0	16.0	0.0203306000260315	0.3100044063060742	0.2042042042042042	0.018245592222158203		NA	NA		
LOC_Os01g02580	3	0.6294416243654822	0.22959183673469388	0.08205128205128205	11.0	24.0	0.03299492385786802	0.45638511679845983	0.4241741741741742	0.012934074795348463		NA	NA		
LOC_Os01g02590	1	0.6700507614213198	0.2653061224489796	0.09743589743589744	7.0	31.0	0.040687231550175715	0.3913183160209992	0.34046546546546547	0.037323751298521765		NA	NA		
LOC_Os01g02590	2	0.7411167512690355	0.3979591836734694	0.17435897435897435	10.0	51.0	0.04319927111805285	0.5385878827611967	0.5461711711711712	0.014927687164262009		NA	NA		
LOC_Os01g02590	3	0.5380710659898477	0.22959183673469388	0.11794871794871795	10.0	27.0	0.045789405180268125	0.409179381191709	0.326951951951952	0.040290302345167325		NA	NA		
LOC_Os01g02600	1	0.6852791878172588	0.336734693877551	0.15897435897435896	10.0	50.0	0.07635038396459716	0.5067682187044042	0.5195195195195195	0.015872857860533045		NA	NA		
LOC_Os01g02600	2	0.6040609137055838	0.29081632653061223	0.12307692307692308	10.0	35.0	0.05340361837823766	0.4495367786085698	0.3963963963963964	0.017052713304747995		NA	NA		
LOC_Os01g02600	3	0.6751269035532995	0.3673469387755102	0.21025641025641026	10.0	58.0	0.06619809970063777	0.526597101568095	0.5469219219219219	0.0174791887419598		NA	NA		
LOC_Os01g02610	1	0.6954314720812182	0.37244897959183676	0.18461538461538463	10.0	43.0	0.04325133411427828	0.515589257347778	0.49211711711711714	0.014339602985958981		NA	NA		
LOC_Os01g02610	2	0.700507614213198	0.35714285714285715	0.14871794871794872	8.0	43.0	0.050891578810360535	0.4319643747054914	0.2867867867867868	0.016258724308828014		NA	NA		
LOC_Os01g02610	3	0.6243654822335025	0.20408163265306123	0.05128205128205128	7.0	21.0	0.027918781725888325	0.33900889629678604	0.231981981981982	0.00906017331828584		NA	NA		
LOC_Os01g02629	1	0.5736040609137056	0.2193877551020408	0.07179487179487179	8.0	29.0	0.050891578810360535	0.3526870672918534	0.231981981981982	0.012339434725411928		NA	NA		
LOC_Os01g02629	2	0.3604060913705584	0.10714285714285714	0.041025641025641026	6.0	12.0	0.015254457894051802	0.2481113143042077	0.231981981981982	0.02351869386818766		NA	NA		
LOC_Os01g02629	3	0.4873096446700508	0.16326530612244897	0.046153846153846156	6.0	16.0	0.022868671092021346	0.2611175311610409	0.10885885885885886	0.01683595957120159		NA	NA		
LOC_Os01g02650	1	0.5736040609137056	0.15816326530612246	0.035897435897435895	6.0	18.0	0.03048288428999089	0.29977919866969904	0.23123123123123124	0.014335959571201533		NA	NA		
LOC_Os01g02650	2	0.649746192893401	0.1836734693877551	0.06666666666666667	6.0	19.0	0.033020955355980736	0.3234106591829579	0.216966966966967	0.013387407717843183		NA	NA		
LOC_Os01g02650	3	0.6395939086294417	0.23979591836734693	0.046153846153846156	8.0	25.0	0.03048288428999089	0.37850212802352035	0.3003003003003003	0.013993069102833813		NA	NA		
LOC_Os01g02660	1	0.6903553299492385	0.3010204081632653	0.09743589743589744	7.0	39.0	0.06863204477417675	0.3806752400225932	0.23123123123123124	0.027531865280905336		NA	NA		
LOC_Os01g02660	2	0.6700507614213198	0.34183673469387754	0.14358974358974358	9.0	56.0	0.03053494728621632	0.44378313562867583	0.31343843843843844	0.06159969449576041		NA	NA		
LOC_Os01g02660	3	0.6294416243654822	0.4030612244897959	0.20512820512820512	8.0	61.0	0.04073929454640114	0.46817185644234227	0.43656156156156156	0.051126543496600334		NA	NA		
LOC_Os01g02670	1	0.6345177664974619	0.23979591836734693	0.08717948717948718	9.0	29.0	0.025406742158011194	0.3886950308052556	0.231981981981982	0.03415322487991283		NA	NA		
LOC_Os01g02670	2	0.5228426395939086	0.20918367346938777	0.09230769230769231	9.0	25.0	0.04322530261616556	0.4295815157889125	0.5735735735735736	0.026785820008864696		NA	NA		
LOC_Os01g02670	3	0.6700507614213198	0.27040816326530615	0.09230769230769231	9.0	29.0	0.04319927111805285	0.3946914615370018	0.1906906906906907	0.02789145657009833		NA	NA		
LOC_Os01g02680	1	0.5786802030456852	0.22448979591836735	0.08205128205128205	8.0	28.0	0.04322530261616556	0.36473194389075464	0.2717717717717718	0.013067600772696246		NA	NA		
LOC_Os01g02680	2	0.6852791878172588	0.33163265306122447	0.14871794871794872	10.0	41.0	0.058531823506442794	0.45977760957093805	0.29992492492492495	0.01562256634137487		NA	NA		
LOC_Os01g02680	3	0.6598984771573604	0.21428571428571427	0.02564102564102564	6.0	23.0	0.03307301835220617	0.3343193977711744	0.2717717717717718	0.009258781805840215		NA	NA		
LOC_Os01g02690	1	0.6395939086294417	0.2857142857142857	0.12307692307692308	10.0	33.0	0.048327476246257974	0.45261996642707303	0.3813813813813814	0.009724857865896604		NA	NA		
LOC_Os01g02690	2	0.7461928934010152	0.39285714285714285	0.2153846153846154	10.0	49.0	0.05340361837823766	0.5249409843826087	0.4369369369369369	0.019372780326768806		NA	NA		
LOC_Os01g02690	3	0.6649746192893401	0.29081632653061223	0.1076923076923077	10.0	39.0	0.045789405180268125	0.4667507047565061	0.4369369369369369	0.020192983507963832		NA	NA		
LOC_Os01g02700	1	0.5532994923857868	0.1836734693877551	0.09230769230769231	8.0	21.0	0.04827541325003254	0.35917444913456514	0.29992492492492495	0.02032820837540166		NA	NA		
LOC_Os01g02700	2	0.6192893401015228	0.2193877551020408	0.05641025641025641	8.0	24.0	0.038149160484185866	0.3504889417942355	0.1906906906906907	0.008439263032422754		NA	NA		
LOC_Os01g02700	3	0.5888324873096447	0.1326530612244898	0.03076923076923077	7.0	15.0	0.025380710659898477	0.3325830879928052	0.32732732732732733	0.012441640136937208		NA	NA		
LOC_Os01g02710	1	0.5431472081218274	0.19387755102040816	0.09230769230769231	8.0	22.0	0.045789405180268125	0.3401157395392348	0.2045795795795796	0.01981876847865415		NA	NA		
LOC_Os01g02710	2	0.5786802030456852	0.28061224489795916	0.1282051282051282	8.0	32.0	0.033020955355980736	0.4047067224369617	0.36936936936936937	0.009791514593813052		NA	NA		
LOC_Os01g02710	3	0.5025380710659898	0.19387755102040816	0.07179487179487179	8.0	21.0	0.033046986854093456	0.3224108675450227	0.17717717717717718	0.01612883137632675		NA	NA		
LOC_Os01g02720	1	0.6243654822335025	0.24489795918367346	0.1076923076923077	10.0	28.0	0.03307301835220617	0.46596172039246736	0.5195195195195195	0.02242743699639304		NA	NA		
LOC_Os01g02720	2	0.5431472081218274	0.20918367346938777	0.10256410256410256	10.0	24.0	0.022894702590134063	0.4442522701043369	0.5330330330330331	0.02719187289881813		NA	NA		
LOC_Os01g02720	3	0.649746192893401	0.28061224489795916	0.10256410256410256	8.0	34.0	0.022868671092021346	0.3999028263894108	0.29992492492492495	0.017041969878971046		NA	NA		
