seed	model_name	feature_name	coefficient	abs_coefficient
336362904	logistic_l2	max_score	0.0725333096779479	0.0725333096779479
336362904	logistic_l2	top3_mean_score	-0.023616101705840487	0.023616101705840487
336362904	logistic_l2	top5_mean_score	0.5088507672298402	0.5088507672298402
336362904	logistic_l2	top10_mean_score	0.5942503417670545	0.5942503417670545
336362904	logistic_l2	top5_percent_mean_score	0.3929391332549212	0.3929391332549212
336362904	logistic_l2	max_base_score	0.08699069341238375	0.08699069341238375
336362904	logistic_l2	min_base_score	-0.006324159672196511	0.006324159672196511
336362904	logistic_l2	mean_top3_inverted_base_score	0.1076518478899048	0.1076518478899048
336362904	logistic_l2	mean_top5_inverted_base_score	-0.8387046109987711	0.8387046109987711
336362904	logistic_l2	top3_motif_score	-0.032361135416422375	0.032361135416422375
336362904	logistic_l2	top5_motif_score	-1.0916467332126534	1.0916467332126534
336362904	logistic_l2	max_motif_score	0.12141310854645365	0.12141310854645365
336362904	logistic_l2	motif_positive_fraction_top3_mean	-0.14387938806304262	0.14387938806304262
336362904	logistic_l2	top3_structure_score	-0.7841601864002938	0.7841601864002938
336362904	logistic_l2	top5_structure_score	-0.43787267271266994	0.43787267271266994
336362904	logistic_l2	max_structure_score	0.2719561257295967	0.2719561257295967
336362904	logistic_l2	top3_paired_probability_mean	0.5331078663488301	0.5331078663488301
336362904	logistic_l2	top3_fraction_high_paired	0.3093535520393497	0.3093535520393497
336362904	logistic_l2	local_41nt_paired_mean_top3	0.3486181347829258	0.3486181347829258
336362904	logistic_l2	local_81nt_paired_mean_top3	-0.40432829668951215	0.40432829668951215
336362904	logistic_l2	longest_high_paired_run_max	-0.04066562474431702	0.04066562474431702
336362904	logistic_l2	paired_run_density_top3	0.3093535520393497	0.3093535520393497
336362904	logistic_l2	reverse_complement_kmer_pair_density_top3	0.06727610888474096	0.06727610888474096
336362904	logistic_l2	AU_rich_paired_density_top3	0.520700744598645	0.520700744598645
336362904	logistic_l2	U_rich_paired_density_top3	-0.004795588266401259	0.004795588266401259
336362904	logistic_l2	U_content_top3	0.09531934604215454	0.09531934604215454
336362904	logistic_l2	UC_content_top3	0.2611574697539751	0.2611574697539751
336362904	logistic_l2	AU_content_top3	-0.05873496385556416	0.05873496385556416
336362904	logistic_l2	max_U_homopolymer_len_max	0.6216077646870103	0.6216077646870103
336362904	logistic_l2	shannon_entropy_top3	0.16051703938009246	0.16051703938009246
336362904	logistic_l2	low_complexity_score_top3	-0.16051703938007839	0.16051703938007839
336362904	logistic_l2	UUUUUUU_count_max	-0.444625281882918	0.444625281882918
336362904	logistic_l2	top_Urich_kmer_density_top3	-0.028693262776389526	0.028693262776389526
336362904	logistic_l2	n_windows	0.05563717140453324	0.05563717140453324
336362904	logistic_l2	log1p_n_windows	-0.4625051412423391	0.4625051412423391
336362904	logistic_l2	n_windows_bin_code	-0.18502701762666263	0.18502701762666263
336362904	logistic_l2	n_high_score_windows_0.9	0.35583064512507595	0.35583064512507595
336362904	logistic_l2	n_high_score_windows_0.95	-0.05547024481809753	0.05547024481809753
336362904	logistic_l2	fraction_high_score_windows_0.9	0.5460763694021268	0.5460763694021268
336362904	logistic_l2	fraction_high_score_windows_0.95	-0.9743227568042296	0.9743227568042296
336362904	logistic_elasticnet	max_score	0.04060622339181495	0.04060622339181495
336362904	logistic_elasticnet	top3_mean_score	0.0	0.0
336362904	logistic_elasticnet	top5_mean_score	0.507982800430889	0.507982800430889
336362904	logistic_elasticnet	top10_mean_score	0.5550659680487411	0.5550659680487411
336362904	logistic_elasticnet	top5_percent_mean_score	0.4164845730585602	0.4164845730585602
336362904	logistic_elasticnet	max_base_score	0.08305441260323419	0.08305441260323419
336362904	logistic_elasticnet	min_base_score	0.0	0.0
336362904	logistic_elasticnet	mean_top3_inverted_base_score	0.006366133429047738	0.006366133429047738
336362904	logistic_elasticnet	mean_top5_inverted_base_score	-0.7202563016404617	0.7202563016404617
336362904	logistic_elasticnet	top3_motif_score	0.0	0.0
336362904	logistic_elasticnet	top5_motif_score	-1.082611435095065	1.082611435095065
336362904	logistic_elasticnet	max_motif_score	0.09917028456336416	0.09917028456336416
336362904	logistic_elasticnet	motif_positive_fraction_top3_mean	-0.09714866505720948	0.09714866505720948
336362904	logistic_elasticnet	top3_structure_score	-0.5082331245415731	0.5082331245415731
336362904	logistic_elasticnet	top5_structure_score	-0.4038071993458257	0.4038071993458257
336362904	logistic_elasticnet	max_structure_score	0.26941440658262406	0.26941440658262406
336362904	logistic_elasticnet	top3_paired_probability_mean	0.3709330929562118	0.3709330929562118
336362904	logistic_elasticnet	top3_fraction_high_paired	0.2308177296127554	0.2308177296127554
336362904	logistic_elasticnet	local_41nt_paired_mean_top3	0.32905713404918	0.32905713404918
336362904	logistic_elasticnet	local_81nt_paired_mean_top3	-0.3678785177756699	0.3678785177756699
336362904	logistic_elasticnet	longest_high_paired_run_max	-0.028945923069876364	0.028945923069876364
336362904	logistic_elasticnet	paired_run_density_top3	0.2308177296127554	0.2308177296127554
336362904	logistic_elasticnet	reverse_complement_kmer_pair_density_top3	0.050424009608794985	0.050424009608794985
336362904	logistic_elasticnet	AU_rich_paired_density_top3	0.499571532138082	0.499571532138082
336362904	logistic_elasticnet	U_rich_paired_density_top3	0.0	0.0
336362904	logistic_elasticnet	U_content_top3	0.041512133748408515	0.041512133748408515
336362904	logistic_elasticnet	UC_content_top3	0.2365860856937163	0.2365860856937163
336362904	logistic_elasticnet	AU_content_top3	0.0	0.0
336362904	logistic_elasticnet	max_U_homopolymer_len_max	0.5922800427771211	0.5922800427771211
336362904	logistic_elasticnet	shannon_entropy_top3	0.1554952123798719	0.1554952123798719
336362904	logistic_elasticnet	low_complexity_score_top3	-0.1554952123798596	0.1554952123798596
336362904	logistic_elasticnet	UUUUUUU_count_max	-0.4270451700720589	0.4270451700720589
336362904	logistic_elasticnet	top_Urich_kmer_density_top3	-0.022066468374928903	0.022066468374928903
336362904	logistic_elasticnet	n_windows	0.03965715609393222	0.03965715609393222
336362904	logistic_elasticnet	log1p_n_windows	-0.4341309078853484	0.4341309078853484
336362904	logistic_elasticnet	n_windows_bin_code	-0.18305682769301648	0.18305682769301648
336362904	logistic_elasticnet	n_high_score_windows_0.9	0.30298707471427755	0.30298707471427755
336362904	logistic_elasticnet	n_high_score_windows_0.95	0.0	0.0
336362904	logistic_elasticnet	fraction_high_score_windows_0.9	0.5581417518148472	0.5581417518148472
336362904	logistic_elasticnet	fraction_high_score_windows_0.95	-1.0020085445047557	1.0020085445047557
1989451307	logistic_l2	max_score	-0.01192800364333774	0.01192800364333774
1989451307	logistic_l2	top3_mean_score	0.1489829498222662	0.1489829498222662
1989451307	logistic_l2	top5_mean_score	0.1342858682872416	0.1342858682872416
1989451307	logistic_l2	top10_mean_score	0.9048821117755215	0.9048821117755215
1989451307	logistic_l2	top5_percent_mean_score	-0.05340210034879379	0.05340210034879379
1989451307	logistic_l2	max_base_score	0.05425405407653699	0.05425405407653699
1989451307	logistic_l2	min_base_score	0.07871017417227101	0.07871017417227101
1989451307	logistic_l2	mean_top3_inverted_base_score	-0.41294179472577724	0.41294179472577724
1989451307	logistic_l2	mean_top5_inverted_base_score	-0.017876482237454562	0.017876482237454562
1989451307	logistic_l2	top3_motif_score	-0.2552537519475461	0.2552537519475461
1989451307	logistic_l2	top5_motif_score	-0.783751143039131	0.783751143039131
1989451307	logistic_l2	max_motif_score	0.09343962193727973	0.09343962193727973
1989451307	logistic_l2	motif_positive_fraction_top3_mean	0.07760363269331985	0.07760363269331985
1989451307	logistic_l2	top3_structure_score	-0.34385634952996874	0.34385634952996874
1989451307	logistic_l2	top5_structure_score	-0.04443280637655437	0.04443280637655437
1989451307	logistic_l2	max_structure_score	0.5905374426338997	0.5905374426338997
1989451307	logistic_l2	top3_paired_probability_mean	0.03575372682849484	0.03575372682849484
1989451307	logistic_l2	top3_fraction_high_paired	0.20788346040441358	0.20788346040441358
1989451307	logistic_l2	local_41nt_paired_mean_top3	0.5380887619881729	0.5380887619881729
1989451307	logistic_l2	local_81nt_paired_mean_top3	-0.6936043681096287	0.6936043681096287
1989451307	logistic_l2	longest_high_paired_run_max	-0.00942257283916987	0.00942257283916987
1989451307	logistic_l2	paired_run_density_top3	0.20788346040441358	0.20788346040441358
1989451307	logistic_l2	reverse_complement_kmer_pair_density_top3	-0.013769633826201525	0.013769633826201525
1989451307	logistic_l2	AU_rich_paired_density_top3	0.28152754152391335	0.28152754152391335
1989451307	logistic_l2	U_rich_paired_density_top3	0.19675516655392405	0.19675516655392405
1989451307	logistic_l2	U_content_top3	-0.2229095299808811	0.2229095299808811
1989451307	logistic_l2	UC_content_top3	0.14857019843731656	0.14857019843731656
1989451307	logistic_l2	AU_content_top3	0.7141264756256526	0.7141264756256526
1989451307	logistic_l2	max_U_homopolymer_len_max	0.8478921162721944	0.8478921162721944
1989451307	logistic_l2	shannon_entropy_top3	0.29068479490766524	0.29068479490766524
1989451307	logistic_l2	low_complexity_score_top3	-0.2906847949076386	0.2906847949076386
1989451307	logistic_l2	UUUUUUU_count_max	-0.6432384349115265	0.6432384349115265
1989451307	logistic_l2	top_Urich_kmer_density_top3	0.23634517350167308	0.23634517350167308
1989451307	logistic_l2	n_windows	0.09853588039812793	0.09853588039812793
1989451307	logistic_l2	log1p_n_windows	-0.7837816011424517	0.7837816011424517
1989451307	logistic_l2	n_windows_bin_code	-0.19606966421458824	0.19606966421458824
1989451307	logistic_l2	n_high_score_windows_0.9	0.41257047316544704	0.41257047316544704
1989451307	logistic_l2	n_high_score_windows_0.95	-0.13877112807931424	0.13877112807931424
1989451307	logistic_l2	fraction_high_score_windows_0.9	0.342816603231141	0.342816603231141
1989451307	logistic_l2	fraction_high_score_windows_0.95	-0.7284791048951549	0.7284791048951549
1989451307	logistic_elasticnet	max_score	0.0	0.0
1989451307	logistic_elasticnet	top3_mean_score	0.01795142145257264	0.01795142145257264
1989451307	logistic_elasticnet	top5_mean_score	0.021730874953850923	0.021730874953850923
1989451307	logistic_elasticnet	top10_mean_score	0.9467916854553532	0.9467916854553532
1989451307	logistic_elasticnet	top5_percent_mean_score	0.0	0.0
1989451307	logistic_elasticnet	max_base_score	0.04645318965026485	0.04645318965026485
1989451307	logistic_elasticnet	min_base_score	0.023705239919220942	0.023705239919220942
1989451307	logistic_elasticnet	mean_top3_inverted_base_score	-0.35560266153042336	0.35560266153042336
1989451307	logistic_elasticnet	mean_top5_inverted_base_score	0.0	0.0
1989451307	logistic_elasticnet	top3_motif_score	-0.1523574054305357	0.1523574054305357
1989451307	logistic_elasticnet	top5_motif_score	-0.7732885786839323	0.7732885786839323
1989451307	logistic_elasticnet	max_motif_score	0.07871487747562893	0.07871487747562893
1989451307	logistic_elasticnet	motif_positive_fraction_top3_mean	0.06994559993039459	0.06994559993039459
1989451307	logistic_elasticnet	top3_structure_score	-0.20138051259101872	0.20138051259101872
1989451307	logistic_elasticnet	top5_structure_score	-0.02674066893629858	0.02674066893629858
1989451307	logistic_elasticnet	max_structure_score	0.5866623706772097	0.5866623706772097
1989451307	logistic_elasticnet	top3_paired_probability_mean	-0.03511103613765701	0.03511103613765701
1989451307	logistic_elasticnet	top3_fraction_high_paired	0.16418530283444133	0.16418530283444133
1989451307	logistic_elasticnet	local_41nt_paired_mean_top3	0.5255556949057534	0.5255556949057534
1989451307	logistic_elasticnet	local_81nt_paired_mean_top3	-0.6825157404829809	0.6825157404829809
1989451307	logistic_elasticnet	longest_high_paired_run_max	0.0	0.0
1989451307	logistic_elasticnet	paired_run_density_top3	0.16418530283444133	0.16418530283444133
1989451307	logistic_elasticnet	reverse_complement_kmer_pair_density_top3	0.0	0.0
1989451307	logistic_elasticnet	AU_rich_paired_density_top3	0.27948586642096723	0.27948586642096723
1989451307	logistic_elasticnet	U_rich_paired_density_top3	0.1927127076963909	0.1927127076963909
1989451307	logistic_elasticnet	U_content_top3	-0.08783358341884243	0.08783358341884243
1989451307	logistic_elasticnet	UC_content_top3	0.09214472798122929	0.09214472798122929
1989451307	logistic_elasticnet	AU_content_top3	0.5891519573513246	0.5891519573513246
1989451307	logistic_elasticnet	max_U_homopolymer_len_max	0.8087478600745067	0.8087478600745067
1989451307	logistic_elasticnet	shannon_entropy_top3	0.2895249953626961	0.2895249953626961
1989451307	logistic_elasticnet	low_complexity_score_top3	-0.2895249953626464	0.2895249953626464
1989451307	logistic_elasticnet	UUUUUUU_count_max	-0.6166444617319848	0.6166444617319848
1989451307	logistic_elasticnet	top_Urich_kmer_density_top3	0.19939195960100164	0.19939195960100164
1989451307	logistic_elasticnet	n_windows	0.07555045439445422	0.07555045439445422
1989451307	logistic_elasticnet	log1p_n_windows	-0.7498762129510703	0.7498762129510703
1989451307	logistic_elasticnet	n_windows_bin_code	-0.19764761253104923	0.19764761253104923
1989451307	logistic_elasticnet	n_high_score_windows_0.9	0.33736674611570744	0.33736674611570744
1989451307	logistic_elasticnet	n_high_score_windows_0.95	-0.06656366996799008	0.06656366996799008
1989451307	logistic_elasticnet	fraction_high_score_windows_0.9	0.34416431705680434	0.34416431705680434
1989451307	logistic_elasticnet	fraction_high_score_windows_0.95	-0.7509160230976092	0.7509160230976092
1289457136	logistic_l2	max_score	0.3702933783555287	0.3702933783555287
1289457136	logistic_l2	top3_mean_score	0.014711603026327654	0.014711603026327654
1289457136	logistic_l2	top5_mean_score	0.11054576986918434	0.11054576986918434
1289457136	logistic_l2	top10_mean_score	0.8534850177881782	0.8534850177881782
1289457136	logistic_l2	top5_percent_mean_score	0.23184595614017126	0.23184595614017126
1289457136	logistic_l2	max_base_score	0.16725243090771677	0.16725243090771677
1289457136	logistic_l2	min_base_score	0.3801697968868572	0.3801697968868572
1289457136	logistic_l2	mean_top3_inverted_base_score	-0.2209151023305481	0.2209151023305481
1289457136	logistic_l2	mean_top5_inverted_base_score	-0.49523391769991304	0.49523391769991304
1289457136	logistic_l2	top3_motif_score	-0.17987221355988764	0.17987221355988764
1289457136	logistic_l2	top5_motif_score	-0.9646091299786418	0.9646091299786418
1289457136	logistic_l2	max_motif_score	-0.03089349872949607	0.03089349872949607
1289457136	logistic_l2	motif_positive_fraction_top3_mean	0.17759704710526772	0.17759704710526772
1289457136	logistic_l2	top3_structure_score	-0.05036336364710466	0.05036336364710466
1289457136	logistic_l2	top5_structure_score	-0.005450671132778827	0.005450671132778827
1289457136	logistic_l2	max_structure_score	0.4655731548050837	0.4655731548050837
1289457136	logistic_l2	top3_paired_probability_mean	-0.43845013755376483	0.43845013755376483
1289457136	logistic_l2	top3_fraction_high_paired	-0.021650841224910237	0.021650841224910237
1289457136	logistic_l2	local_41nt_paired_mean_top3	0.48987547030514617	0.48987547030514617
1289457136	logistic_l2	local_81nt_paired_mean_top3	-0.14414352450177528	0.14414352450177528
1289457136	logistic_l2	longest_high_paired_run_max	0.06732538379214488	0.06732538379214488
1289457136	logistic_l2	paired_run_density_top3	-0.021650841224910237	0.021650841224910237
1289457136	logistic_l2	reverse_complement_kmer_pair_density_top3	-0.006683518650172611	0.006683518650172611
1289457136	logistic_l2	AU_rich_paired_density_top3	0.2554874601126359	0.2554874601126359
1289457136	logistic_l2	U_rich_paired_density_top3	0.08731880238936235	0.08731880238936235
1289457136	logistic_l2	U_content_top3	-0.15992010396667605	0.15992010396667605
1289457136	logistic_l2	UC_content_top3	0.08243304185274447	0.08243304185274447
1289457136	logistic_l2	AU_content_top3	0.5384022529368602	0.5384022529368602
1289457136	logistic_l2	max_U_homopolymer_len_max	0.8622650881680434	0.8622650881680434
1289457136	logistic_l2	shannon_entropy_top3	0.1518040780609662	0.1518040780609662
1289457136	logistic_l2	low_complexity_score_top3	-0.1518040780609821	0.1518040780609821
1289457136	logistic_l2	UUUUUUU_count_max	-0.600227844819024	0.600227844819024
1289457136	logistic_l2	top_Urich_kmer_density_top3	0.01819787099344724	0.01819787099344724
1289457136	logistic_l2	n_windows	-0.04801531996264945	0.04801531996264945
1289457136	logistic_l2	log1p_n_windows	-0.2717724953523309	0.2717724953523309
1289457136	logistic_l2	n_windows_bin_code	-0.13306342656172618	0.13306342656172618
1289457136	logistic_l2	n_high_score_windows_0.9	0.09176795351899399	0.09176795351899399
1289457136	logistic_l2	n_high_score_windows_0.95	0.24477874723068177	0.24477874723068177
1289457136	logistic_l2	fraction_high_score_windows_0.9	0.45976690710804935	0.45976690710804935
1289457136	logistic_l2	fraction_high_score_windows_0.95	-0.9245288912380816	0.9245288912380816
1289457136	logistic_elasticnet	max_score	0.35220818013603933	0.35220818013603933
1289457136	logistic_elasticnet	top3_mean_score	0.0	0.0
1289457136	logistic_elasticnet	top5_mean_score	0.0	0.0
1289457136	logistic_elasticnet	top10_mean_score	0.8676373140600407	0.8676373140600407
1289457136	logistic_elasticnet	top5_percent_mean_score	0.20185661471072558	0.20185661471072558
1289457136	logistic_elasticnet	max_base_score	0.15935571312994581	0.15935571312994581
1289457136	logistic_elasticnet	min_base_score	0.3402789111441935	0.3402789111441935
1289457136	logistic_elasticnet	mean_top3_inverted_base_score	-0.11751645184477663	0.11751645184477663
1289457136	logistic_elasticnet	mean_top5_inverted_base_score	-0.49808172120168387	0.49808172120168387
1289457136	logistic_elasticnet	top3_motif_score	-0.0772021110550196	0.0772021110550196
1289457136	logistic_elasticnet	top5_motif_score	-0.9931244989008119	0.9931244989008119
1289457136	logistic_elasticnet	max_motif_score	-0.0054866130252963115	0.0054866130252963115
1289457136	logistic_elasticnet	motif_positive_fraction_top3_mean	0.1766430460837014	0.1766430460837014
1289457136	logistic_elasticnet	top3_structure_score	-0.013674695514849594	0.013674695514849594
1289457136	logistic_elasticnet	top5_structure_score	-0.013238259161077235	0.013238259161077235
1289457136	logistic_elasticnet	max_structure_score	0.4658867968988333	0.4658867968988333
1289457136	logistic_elasticnet	top3_paired_probability_mean	-0.4915581342135746	0.4915581342135746
1289457136	logistic_elasticnet	top3_fraction_high_paired	-0.01099382891278144	0.01099382891278144
1289457136	logistic_elasticnet	local_41nt_paired_mean_top3	0.47060521383450293	0.47060521383450293
1289457136	logistic_elasticnet	local_81nt_paired_mean_top3	-0.11548344853635509	0.11548344853635509
1289457136	logistic_elasticnet	longest_high_paired_run_max	0.06430568591751958	0.06430568591751958
1289457136	logistic_elasticnet	paired_run_density_top3	-0.01099382891278144	0.01099382891278144
1289457136	logistic_elasticnet	reverse_complement_kmer_pair_density_top3	0.006550282911085125	0.006550282911085125
1289457136	logistic_elasticnet	AU_rich_paired_density_top3	0.257837397039236	0.257837397039236
1289457136	logistic_elasticnet	U_rich_paired_density_top3	0.08229215028799514	0.08229215028799514
1289457136	logistic_elasticnet	U_content_top3	-0.015168059712261876	0.015168059712261876
1289457136	logistic_elasticnet	UC_content_top3	0.005885170622266822	0.005885170622266822
1289457136	logistic_elasticnet	AU_content_top3	0.40915520968438324	0.40915520968438324
1289457136	logistic_elasticnet	max_U_homopolymer_len_max	0.8389944002629165	0.8389944002629165
1289457136	logistic_elasticnet	shannon_entropy_top3	0.1553681723807144	0.1553681723807144
1289457136	logistic_elasticnet	low_complexity_score_top3	-0.15536817238075865	0.15536817238075865
1289457136	logistic_elasticnet	UUUUUUU_count_max	-0.5901571946249701	0.5901571946249701
1289457136	logistic_elasticnet	top_Urich_kmer_density_top3	0.0	0.0
1289457136	logistic_elasticnet	n_windows	-0.04117753840676946	0.04117753840676946
1289457136	logistic_elasticnet	log1p_n_windows	-0.2690705883376607	0.2690705883376607
1289457136	logistic_elasticnet	n_windows_bin_code	-0.12895033830786143	0.12895033830786143
1289457136	logistic_elasticnet	n_high_score_windows_0.9	0.08159010495690035	0.08159010495690035
1289457136	logistic_elasticnet	n_high_score_windows_0.95	0.23514729557715797	0.23514729557715797
1289457136	logistic_elasticnet	fraction_high_score_windows_0.9	0.4493749886311056	0.4493749886311056
1289457136	logistic_elasticnet	fraction_high_score_windows_0.95	-0.9190766116569141	0.9190766116569141
1889382247	logistic_l2	max_score	-0.11922098392057077	0.11922098392057077
1889382247	logistic_l2	top3_mean_score	0.2680745976633617	0.2680745976633617
1889382247	logistic_l2	top5_mean_score	0.3747569490254675	0.3747569490254675
1889382247	logistic_l2	top10_mean_score	0.14616767929855087	0.14616767929855087
1889382247	logistic_l2	top5_percent_mean_score	0.6669805419487811	0.6669805419487811
1889382247	logistic_l2	max_base_score	0.06898606291484688	0.06898606291484688
1889382247	logistic_l2	min_base_score	0.20016573777249594	0.20016573777249594
1889382247	logistic_l2	mean_top3_inverted_base_score	-0.2817583518408292	0.2817583518408292
1889382247	logistic_l2	mean_top5_inverted_base_score	-0.6558351077200467	0.6558351077200467
1889382247	logistic_l2	top3_motif_score	-0.2758541386951485	0.2758541386951485
1889382247	logistic_l2	top5_motif_score	-1.1424490692510776	1.1424490692510776
1889382247	logistic_l2	max_motif_score	-0.07574196466545464	0.07574196466545464
1889382247	logistic_l2	motif_positive_fraction_top3_mean	-0.15973711977535612	0.15973711977535612
1889382247	logistic_l2	top3_structure_score	0.16368766984290692	0.16368766984290692
1889382247	logistic_l2	top5_structure_score	-0.24488293047590712	0.24488293047590712
1889382247	logistic_l2	max_structure_score	0.5075102394258463	0.5075102394258463
1889382247	logistic_l2	top3_paired_probability_mean	-0.36788223634747846	0.36788223634747846
1889382247	logistic_l2	top3_fraction_high_paired	0.12742747649549074	0.12742747649549074
1889382247	logistic_l2	local_41nt_paired_mean_top3	0.6886259610982045	0.6886259610982045
1889382247	logistic_l2	local_81nt_paired_mean_top3	-0.49794031827565194	0.49794031827565194
1889382247	logistic_l2	longest_high_paired_run_max	-0.10788748286467711	0.10788748286467711
1889382247	logistic_l2	paired_run_density_top3	0.12742747649549074	0.12742747649549074
1889382247	logistic_l2	reverse_complement_kmer_pair_density_top3	-0.0845560839139579	0.0845560839139579
1889382247	logistic_l2	AU_rich_paired_density_top3	0.16581181955065935	0.16581181955065935
1889382247	logistic_l2	U_rich_paired_density_top3	-0.03806809260060999	0.03806809260060999
1889382247	logistic_l2	U_content_top3	-0.3823089936772395	0.3823089936772395
1889382247	logistic_l2	UC_content_top3	0.409747042410496	0.409747042410496
1889382247	logistic_l2	AU_content_top3	0.9296626200503009	0.9296626200503009
1889382247	logistic_l2	max_U_homopolymer_len_max	0.861679613465242	0.861679613465242
1889382247	logistic_l2	shannon_entropy_top3	0.14350715333149375	0.14350715333149375
1889382247	logistic_l2	low_complexity_score_top3	-0.14350715333147848	0.14350715333147848
1889382247	logistic_l2	UUUUUUU_count_max	-0.5229131754031318	0.5229131754031318
1889382247	logistic_l2	top_Urich_kmer_density_top3	0.24044045683064325	0.24044045683064325
1889382247	logistic_l2	n_windows	0.3638329053063673	0.3638329053063673
1889382247	logistic_l2	log1p_n_windows	-0.40002023512360985	0.40002023512360985
1889382247	logistic_l2	n_windows_bin_code	-0.029824675478826647	0.029824675478826647
1889382247	logistic_l2	n_high_score_windows_0.9	0.3541647678430872	0.3541647678430872
1889382247	logistic_l2	n_high_score_windows_0.95	-0.14901576016578108	0.14901576016578108
1889382247	logistic_l2	fraction_high_score_windows_0.9	0.4482601430192814	0.4482601430192814
1889382247	logistic_l2	fraction_high_score_windows_0.95	-0.49561327173116343	0.49561327173116343
1889382247	logistic_elasticnet	max_score	0.0	0.0
1889382247	logistic_elasticnet	top3_mean_score	0.05582082913287303	0.05582082913287303
1889382247	logistic_elasticnet	top5_mean_score	0.4391228230577089	0.4391228230577089
1889382247	logistic_elasticnet	top10_mean_score	0.10846102525547596	0.10846102525547596
1889382247	logistic_elasticnet	top5_percent_mean_score	0.6145836221608053	0.6145836221608053
1889382247	logistic_elasticnet	max_base_score	0.06063881587686005	0.06063881587686005
1889382247	logistic_elasticnet	min_base_score	0.18212496854801477	0.18212496854801477
1889382247	logistic_elasticnet	mean_top3_inverted_base_score	-0.20719125394255866	0.20719125394255866
1889382247	logistic_elasticnet	mean_top5_inverted_base_score	-0.6428677719477564	0.6428677719477564
1889382247	logistic_elasticnet	top3_motif_score	-0.17092695094237823	0.17092695094237823
1889382247	logistic_elasticnet	top5_motif_score	-1.1664500739875334	1.1664500739875334
1889382247	logistic_elasticnet	max_motif_score	-0.04906345790677395	0.04906345790677395
1889382247	logistic_elasticnet	motif_positive_fraction_top3_mean	-0.12721386117868858	0.12721386117868858
1889382247	logistic_elasticnet	top3_structure_score	0.0	0.0
1889382247	logistic_elasticnet	top5_structure_score	-0.2207373999587447	0.2207373999587447
1889382247	logistic_elasticnet	max_structure_score	0.4979537980067898	0.4979537980067898
1889382247	logistic_elasticnet	top3_paired_probability_mean	-0.2909013326710123	0.2909013326710123
1889382247	logistic_elasticnet	top3_fraction_high_paired	0.15754380754883873	0.15754380754883873
1889382247	logistic_elasticnet	local_41nt_paired_mean_top3	0.6628050422953644	0.6628050422953644
1889382247	logistic_elasticnet	local_81nt_paired_mean_top3	-0.4619852312915132	0.4619852312915132
1889382247	logistic_elasticnet	longest_high_paired_run_max	-0.09899057770030016	0.09899057770030016
1889382247	logistic_elasticnet	paired_run_density_top3	0.15754380754883873	0.15754380754883873
1889382247	logistic_elasticnet	reverse_complement_kmer_pair_density_top3	-0.0679179750853326	0.0679179750853326
1889382247	logistic_elasticnet	AU_rich_paired_density_top3	0.1442589079657247	0.1442589079657247
1889382247	logistic_elasticnet	U_rich_paired_density_top3	-0.029022533263450213	0.029022533263450213
1889382247	logistic_elasticnet	U_content_top3	-0.2908350993219462	0.2908350993219462
1889382247	logistic_elasticnet	UC_content_top3	0.33478167096482814	0.33478167096482814
1889382247	logistic_elasticnet	AU_content_top3	0.8478192126629853	0.8478192126629853
1889382247	logistic_elasticnet	max_U_homopolymer_len_max	0.8055737860620985	0.8055737860620985
1889382247	logistic_elasticnet	shannon_entropy_top3	0.14651112403494404	0.14651112403494404
1889382247	logistic_elasticnet	low_complexity_score_top3	-0.1465111240349432	0.1465111240349432
1889382247	logistic_elasticnet	UUUUUUU_count_max	-0.48632758527220116	0.48632758527220116
1889382247	logistic_elasticnet	top_Urich_kmer_density_top3	0.20401576899192783	0.20401576899192783
1889382247	logistic_elasticnet	n_windows	0.33862748975228857	0.33862748975228857
1889382247	logistic_elasticnet	log1p_n_windows	-0.3649012513066677	0.3649012513066677
1889382247	logistic_elasticnet	n_windows_bin_code	-0.03316758751722422	0.03316758751722422
1889382247	logistic_elasticnet	n_high_score_windows_0.9	0.29377392888807824	0.29377392888807824
1889382247	logistic_elasticnet	n_high_score_windows_0.95	-0.08875848294913852	0.08875848294913852
1889382247	logistic_elasticnet	fraction_high_score_windows_0.9	0.4434770205258339	0.4434770205258339
1889382247	logistic_elasticnet	fraction_high_score_windows_0.95	-0.5073347104884199	0.5073347104884199
800250632	logistic_l2	max_score	0.4713940941209762	0.4713940941209762
800250632	logistic_l2	top3_mean_score	-0.21767896057334468	0.21767896057334468
800250632	logistic_l2	top5_mean_score	0.3077126758443282	0.3077126758443282
800250632	logistic_l2	top10_mean_score	0.8061925609175538	0.8061925609175538
800250632	logistic_l2	top5_percent_mean_score	-0.28423066492438814	0.28423066492438814
800250632	logistic_l2	max_base_score	-0.0034692315719336785	0.0034692315719336785
800250632	logistic_l2	min_base_score	0.37061806716217666	0.37061806716217666
800250632	logistic_l2	mean_top3_inverted_base_score	-0.03475789620667023	0.03475789620667023
800250632	logistic_l2	mean_top5_inverted_base_score	-0.047177460450913804	0.047177460450913804
800250632	logistic_l2	top3_motif_score	-0.15625697995823948	0.15625697995823948
800250632	logistic_l2	top5_motif_score	-0.7919429029429312	0.7919429029429312
800250632	logistic_l2	max_motif_score	-0.0932900993570427	0.0932900993570427
800250632	logistic_l2	motif_positive_fraction_top3_mean	-0.06363782836199697	0.06363782836199697
800250632	logistic_l2	top3_structure_score	0.30135969296749654	0.30135969296749654
800250632	logistic_l2	top5_structure_score	0.03429451540075251	0.03429451540075251
800250632	logistic_l2	max_structure_score	0.607101775290838	0.607101775290838
800250632	logistic_l2	top3_paired_probability_mean	-0.3498566694587176	0.3498566694587176
800250632	logistic_l2	top3_fraction_high_paired	-0.001489511170332106	0.001489511170332106
800250632	logistic_l2	local_41nt_paired_mean_top3	0.39217134871024095	0.39217134871024095
800250632	logistic_l2	local_81nt_paired_mean_top3	-0.56055677901863	0.56055677901863
800250632	logistic_l2	longest_high_paired_run_max	0.09294301153108088	0.09294301153108088
800250632	logistic_l2	paired_run_density_top3	-0.001489511170332106	0.001489511170332106
800250632	logistic_l2	reverse_complement_kmer_pair_density_top3	0.059059072829236905	0.059059072829236905
800250632	logistic_l2	AU_rich_paired_density_top3	0.3393688937430941	0.3393688937430941
800250632	logistic_l2	U_rich_paired_density_top3	0.1536955497068096	0.1536955497068096
800250632	logistic_l2	U_content_top3	-0.12389127072189504	0.12389127072189504
800250632	logistic_l2	UC_content_top3	0.30764572759364933	0.30764572759364933
800250632	logistic_l2	AU_content_top3	0.32200136778080873	0.32200136778080873
800250632	logistic_l2	max_U_homopolymer_len_max	1.1933438537543215	1.1933438537543215
800250632	logistic_l2	shannon_entropy_top3	0.2397379320382323	0.2397379320382323
800250632	logistic_l2	low_complexity_score_top3	-0.23973793203818544	0.23973793203818544
800250632	logistic_l2	UUUUUUU_count_max	-0.8966353178026513	0.8966353178026513
800250632	logistic_l2	top_Urich_kmer_density_top3	0.22449387861809258	0.22449387861809258
800250632	logistic_l2	n_windows	0.17584883401413628	0.17584883401413628
800250632	logistic_l2	log1p_n_windows	-0.6713476111869596	0.6713476111869596
800250632	logistic_l2	n_windows_bin_code	-0.13748669119612283	0.13748669119612283
800250632	logistic_l2	n_high_score_windows_0.9	-0.2769278736428253	0.2769278736428253
800250632	logistic_l2	n_high_score_windows_0.95	0.4236251748730837	0.4236251748730837
800250632	logistic_l2	fraction_high_score_windows_0.9	0.6497832783029143	0.6497832783029143
800250632	logistic_l2	fraction_high_score_windows_0.95	-1.0590824531697314	1.0590824531697314
800250632	logistic_elasticnet	max_score	0.24930026776984326	0.24930026776984326
800250632	logistic_elasticnet	top3_mean_score	0.0	0.0
800250632	logistic_elasticnet	top5_mean_score	0.003877655593612269	0.003877655593612269
800250632	logistic_elasticnet	top10_mean_score	0.8446837076814564	0.8446837076814564
800250632	logistic_elasticnet	top5_percent_mean_score	-0.12028868854749038	0.12028868854749038
800250632	logistic_elasticnet	max_base_score	-0.00018517051439300155	0.00018517051439300155
800250632	logistic_elasticnet	min_base_score	0.35458224795936305	0.35458224795936305
800250632	logistic_elasticnet	mean_top3_inverted_base_score	0.0	0.0
800250632	logistic_elasticnet	mean_top5_inverted_base_score	0.0	0.0
800250632	logistic_elasticnet	top3_motif_score	-0.11857903342619645	0.11857903342619645
800250632	logistic_elasticnet	top5_motif_score	-0.7794254445734627	0.7794254445734627
800250632	logistic_elasticnet	max_motif_score	-0.06344735962756173	0.06344735962756173
800250632	logistic_elasticnet	motif_positive_fraction_top3_mean	-0.02259475349682018	0.02259475349682018
800250632	logistic_elasticnet	top3_structure_score	0.08047228582087607	0.08047228582087607
800250632	logistic_elasticnet	top5_structure_score	0.02021871243638663	0.02021871243638663
800250632	logistic_elasticnet	max_structure_score	0.5978140817764731	0.5978140817764731
800250632	logistic_elasticnet	top3_paired_probability_mean	-0.22079598265347944	0.22079598265347944
800250632	logistic_elasticnet	top3_fraction_high_paired	0.046559478355333424	0.046559478355333424
800250632	logistic_elasticnet	local_41nt_paired_mean_top3	0.3769464498776745	0.3769464498776745
800250632	logistic_elasticnet	local_81nt_paired_mean_top3	-0.5376648247038949	0.5376648247038949
800250632	logistic_elasticnet	longest_high_paired_run_max	0.09009608659997395	0.09009608659997395
800250632	logistic_elasticnet	paired_run_density_top3	0.046559478355333424	0.046559478355333424
800250632	logistic_elasticnet	reverse_complement_kmer_pair_density_top3	0.06415736551864418	0.06415736551864418
800250632	logistic_elasticnet	AU_rich_paired_density_top3	0.34143320188813897	0.34143320188813897
800250632	logistic_elasticnet	U_rich_paired_density_top3	0.1528376186123405	0.1528376186123405
800250632	logistic_elasticnet	U_content_top3	0.0	0.0
800250632	logistic_elasticnet	UC_content_top3	0.19982523261949606	0.19982523261949606
800250632	logistic_elasticnet	AU_content_top3	0.1894996448701783	0.1894996448701783
800250632	logistic_elasticnet	max_U_homopolymer_len_max	1.1781852168117362	1.1781852168117362
800250632	logistic_elasticnet	shannon_entropy_top3	0.24905478979478302	0.24905478979478302
800250632	logistic_elasticnet	low_complexity_score_top3	-0.24905478979470022	0.24905478979470022
800250632	logistic_elasticnet	UUUUUUU_count_max	-0.8799511738090311	0.8799511738090311
800250632	logistic_elasticnet	top_Urich_kmer_density_top3	0.19672974692541265	0.19672974692541265
800250632	logistic_elasticnet	n_windows	0.1421033504535853	0.1421033504535853
800250632	logistic_elasticnet	log1p_n_windows	-0.6226201766154668	0.6226201766154668
800250632	logistic_elasticnet	n_windows_bin_code	-0.13787656172611468	0.13787656172611468
800250632	logistic_elasticnet	n_high_score_windows_0.9	-0.18937404739105934	0.18937404739105934
800250632	logistic_elasticnet	n_high_score_windows_0.95	0.3378886523700921	0.3378886523700921
800250632	logistic_elasticnet	fraction_high_score_windows_0.9	0.5730173689905596	0.5730173689905596
800250632	logistic_elasticnet	fraction_high_score_windows_0.95	-0.9935940953935604	0.9935940953935604
1539420525	logistic_l2	max_score	-0.08304814264565456	0.08304814264565456
1539420525	logistic_l2	top3_mean_score	-0.2368796871119964	0.2368796871119964
1539420525	logistic_l2	top5_mean_score	0.13881458252976991	0.13881458252976991
1539420525	logistic_l2	top10_mean_score	1.010556965750836	1.010556965750836
1539420525	logistic_l2	top5_percent_mean_score	0.2793572846349777	0.2793572846349777
1539420525	logistic_l2	max_base_score	-0.01730972006304905	0.01730972006304905
1539420525	logistic_l2	min_base_score	-0.07799501802387157	0.07799501802387157
1539420525	logistic_l2	mean_top3_inverted_base_score	0.30217357989832044	0.30217357989832044
1539420525	logistic_l2	mean_top5_inverted_base_score	-0.9174075445670044	0.9174075445670044
1539420525	logistic_l2	top3_motif_score	-0.33349102921134505	0.33349102921134505
1539420525	logistic_l2	top5_motif_score	-0.4119137678600932	0.4119137678600932
1539420525	logistic_l2	max_motif_score	-0.08716673364694526	0.08716673364694526
1539420525	logistic_l2	motif_positive_fraction_top3_mean	-0.008129641590717334	0.008129641590717334
1539420525	logistic_l2	top3_structure_score	-0.2553593943119356	0.2553593943119356
1539420525	logistic_l2	top5_structure_score	-0.048679205596903675	0.048679205596903675
1539420525	logistic_l2	max_structure_score	0.4660709608812375	0.4660709608812375
1539420525	logistic_l2	top3_paired_probability_mean	-0.12355441476581494	0.12355441476581494
1539420525	logistic_l2	top3_fraction_high_paired	0.12608100373771866	0.12608100373771866
1539420525	logistic_l2	local_41nt_paired_mean_top3	0.23839393459716737	0.23839393459716737
1539420525	logistic_l2	local_81nt_paired_mean_top3	-0.24397547189869423	0.24397547189869423
1539420525	logistic_l2	longest_high_paired_run_max	0.020932368028036163	0.020932368028036163
1539420525	logistic_l2	paired_run_density_top3	0.12608100373771866	0.12608100373771866
1539420525	logistic_l2	reverse_complement_kmer_pair_density_top3	0.03833821351501037	0.03833821351501037
1539420525	logistic_l2	AU_rich_paired_density_top3	0.5025957264822599	0.5025957264822599
1539420525	logistic_l2	U_rich_paired_density_top3	0.08004816301038573	0.08004816301038573
1539420525	logistic_l2	U_content_top3	0.3035867020567467	0.3035867020567467
1539420525	logistic_l2	UC_content_top3	-0.014385493745309575	0.014385493745309575
1539420525	logistic_l2	AU_content_top3	-0.09561994691073045	0.09561994691073045
1539420525	logistic_l2	max_U_homopolymer_len_max	0.8936981012615923	0.8936981012615923
1539420525	logistic_l2	shannon_entropy_top3	0.19773178683612574	0.19773178683612574
1539420525	logistic_l2	low_complexity_score_top3	-0.19773178683610437	0.19773178683610437
1539420525	logistic_l2	UUUUUUU_count_max	-0.4774281178549846	0.4774281178549846
1539420525	logistic_l2	top_Urich_kmer_density_top3	-0.06953080030042755	0.06953080030042755
1539420525	logistic_l2	n_windows	0.18398498872892335	0.18398498872892335
1539420525	logistic_l2	log1p_n_windows	-0.5981186184713687	0.5981186184713687
1539420525	logistic_l2	n_windows_bin_code	-0.15343077246894019	0.15343077246894019
1539420525	logistic_l2	n_high_score_windows_0.9	0.2903090180423728	0.2903090180423728
1539420525	logistic_l2	n_high_score_windows_0.95	-0.1858506449081495	0.1858506449081495
1539420525	logistic_l2	fraction_high_score_windows_0.9	0.30304556210447203	0.30304556210447203
1539420525	logistic_l2	fraction_high_score_windows_0.95	-0.712713159680045	0.712713159680045
1539420525	logistic_elasticnet	max_score	0.0	0.0
1539420525	logistic_elasticnet	top3_mean_score	0.0	0.0
1539420525	logistic_elasticnet	top5_mean_score	0.0	0.0
1539420525	logistic_elasticnet	top10_mean_score	0.9799995385413993	0.9799995385413993
1539420525	logistic_elasticnet	top5_percent_mean_score	0.10431963300462685	0.10431963300462685
1539420525	logistic_elasticnet	max_base_score	-0.013875779757981089	0.013875779757981089
1539420525	logistic_elasticnet	min_base_score	-0.046786454083160074	0.046786454083160074
1539420525	logistic_elasticnet	mean_top3_inverted_base_score	0.14470428277208663	0.14470428277208663
1539420525	logistic_elasticnet	mean_top5_inverted_base_score	-0.7041686007163931	0.7041686007163931
1539420525	logistic_elasticnet	top3_motif_score	-0.4348433679757485	0.4348433679757485
1539420525	logistic_elasticnet	top5_motif_score	-0.2867218036686221	0.2867218036686221
1539420525	logistic_elasticnet	max_motif_score	-0.05966795408147858	0.05966795408147858
1539420525	logistic_elasticnet	motif_positive_fraction_top3_mean	0.0	0.0
1539420525	logistic_elasticnet	top3_structure_score	-0.06825504202802121	0.06825504202802121
1539420525	logistic_elasticnet	top5_structure_score	0.0	0.0
1539420525	logistic_elasticnet	max_structure_score	0.4590347873957122	0.4590347873957122
1539420525	logistic_elasticnet	top3_paired_probability_mean	-0.18849301355931922	0.18849301355931922
1539420525	logistic_elasticnet	top3_fraction_high_paired	0.051000369145380135	0.051000369145380135
1539420525	logistic_elasticnet	local_41nt_paired_mean_top3	0.21300838284477616	0.21300838284477616
1539420525	logistic_elasticnet	local_81nt_paired_mean_top3	-0.21905651825048456	0.21905651825048456
1539420525	logistic_elasticnet	longest_high_paired_run_max	0.0273997591801534	0.0273997591801534
1539420525	logistic_elasticnet	paired_run_density_top3	0.051000369145380135	0.051000369145380135
1539420525	logistic_elasticnet	reverse_complement_kmer_pair_density_top3	0.014907479161778049	0.014907479161778049
1539420525	logistic_elasticnet	AU_rich_paired_density_top3	0.48579213152924566	0.48579213152924566
1539420525	logistic_elasticnet	U_rich_paired_density_top3	0.0733138097092295	0.0733138097092295
1539420525	logistic_elasticnet	U_content_top3	0.20298207315856756	0.20298207315856756
1539420525	logistic_elasticnet	UC_content_top3	0.010420643270701068	0.010420643270701068
1539420525	logistic_elasticnet	AU_content_top3	0.0	0.0
1539420525	logistic_elasticnet	max_U_homopolymer_len_max	0.8600158002624895	0.8600158002624895
1539420525	logistic_elasticnet	shannon_entropy_top3	0.18810221123703966	0.18810221123703966
1539420525	logistic_elasticnet	low_complexity_score_top3	-0.1881022112369982	0.1881022112369982
1539420525	logistic_elasticnet	UUUUUUU_count_max	-0.45696963221347225	0.45696963221347225
1539420525	logistic_elasticnet	top_Urich_kmer_density_top3	-0.06186273165674406	0.06186273165674406
1539420525	logistic_elasticnet	n_windows	0.16226487070212267	0.16226487070212267
1539420525	logistic_elasticnet	log1p_n_windows	-0.6068223215171931	0.6068223215171931
1539420525	logistic_elasticnet	n_windows_bin_code	-0.15538479820916737	0.15538479820916737
1539420525	logistic_elasticnet	n_high_score_windows_0.9	0.2514382935207196	0.2514382935207196
1539420525	logistic_elasticnet	n_high_score_windows_0.95	-0.1350577295281424	0.1350577295281424
1539420525	logistic_elasticnet	fraction_high_score_windows_0.9	0.29300062316033004	0.29300062316033004
1539420525	logistic_elasticnet	fraction_high_score_windows_0.95	-0.7271160880847413	0.7271160880847413
1778277625	logistic_l2	max_score	0.14688226027002074	0.14688226027002074
1778277625	logistic_l2	top3_mean_score	0.3744538335174201	0.3744538335174201
1778277625	logistic_l2	top5_mean_score	-0.08229999860880947	0.08229999860880947
1778277625	logistic_l2	top10_mean_score	1.1158358938981607	1.1158358938981607
1778277625	logistic_l2	top5_percent_mean_score	-0.22640210315505083	0.22640210315505083
1778277625	logistic_l2	max_base_score	0.04855424188003567	0.04855424188003567
1778277625	logistic_l2	min_base_score	0.1202133239712419	0.1202133239712419
1778277625	logistic_l2	mean_top3_inverted_base_score	-0.11667272570747109	0.11667272570747109
1778277625	logistic_l2	mean_top5_inverted_base_score	-0.748990675625918	0.748990675625918
1778277625	logistic_l2	top3_motif_score	-0.6394320244861765	0.6394320244861765
1778277625	logistic_l2	top5_motif_score	-0.5460890540297982	0.5460890540297982
1778277625	logistic_l2	max_motif_score	0.24482922473808877	0.24482922473808877
1778277625	logistic_l2	motif_positive_fraction_top3_mean	0.28700835323687984	0.28700835323687984
1778277625	logistic_l2	top3_structure_score	-0.034509498105804795	0.034509498105804795
1778277625	logistic_l2	top5_structure_score	-0.19888328181970136	0.19888328181970136
1778277625	logistic_l2	max_structure_score	0.5929784151915779	0.5929784151915779
1778277625	logistic_l2	top3_paired_probability_mean	-0.03175717009995616	0.03175717009995616
1778277625	logistic_l2	top3_fraction_high_paired	-0.05022357613657661	0.05022357613657661
1778277625	logistic_l2	local_41nt_paired_mean_top3	0.36665973370539773	0.36665973370539773
1778277625	logistic_l2	local_81nt_paired_mean_top3	-0.27697297044571945	0.27697297044571945
1778277625	logistic_l2	longest_high_paired_run_max	-0.11343281036374078	0.11343281036374078
1778277625	logistic_l2	paired_run_density_top3	-0.05022357613657661	0.05022357613657661
1778277625	logistic_l2	reverse_complement_kmer_pair_density_top3	0.0584062380162604	0.0584062380162604
1778277625	logistic_l2	AU_rich_paired_density_top3	0.25029869972006075	0.25029869972006075
1778277625	logistic_l2	U_rich_paired_density_top3	0.05437411984059748	0.05437411984059748
1778277625	logistic_l2	U_content_top3	-0.08262480462239648	0.08262480462239648
1778277625	logistic_l2	UC_content_top3	-0.14978853638405693	0.14978853638405693
1778277625	logistic_l2	AU_content_top3	0.4354982257243	0.4354982257243
1778277625	logistic_l2	max_U_homopolymer_len_max	0.823827659339528	0.823827659339528
1778277625	logistic_l2	shannon_entropy_top3	0.16631348772702598	0.16631348772702598
1778277625	logistic_l2	low_complexity_score_top3	-0.16631348772700644	0.16631348772700644
1778277625	logistic_l2	UUUUUUU_count_max	-0.6263278609224832	0.6263278609224832
1778277625	logistic_l2	top_Urich_kmer_density_top3	0.030493937435711875	0.030493937435711875
1778277625	logistic_l2	n_windows	-0.017774050494287458	0.017774050494287458
1778277625	logistic_l2	log1p_n_windows	-0.48013669505289835	0.48013669505289835
1778277625	logistic_l2	n_windows_bin_code	-0.19466734004340228	0.19466734004340228
1778277625	logistic_l2	n_high_score_windows_0.9	-0.07071490822726607	0.07071490822726607
1778277625	logistic_l2	n_high_score_windows_0.95	0.22617595369700622	0.22617595369700622
1778277625	logistic_l2	fraction_high_score_windows_0.9	0.6620578430196912	0.6620578430196912
1778277625	logistic_l2	fraction_high_score_windows_0.95	-0.9554917583778775	0.9554917583778775
1778277625	logistic_elasticnet	max_score	0.0046182591885746945	0.0046182591885746945
1778277625	logistic_elasticnet	top3_mean_score	0.1317281839102257	0.1317281839102257
1778277625	logistic_elasticnet	top5_mean_score	0.0	0.0
1778277625	logistic_elasticnet	top10_mean_score	1.1131951984112292	1.1131951984112292
1778277625	logistic_elasticnet	top5_percent_mean_score	0.0	0.0
1778277625	logistic_elasticnet	max_base_score	0.04111271850360402	0.04111271850360402
1778277625	logistic_elasticnet	min_base_score	0.08341591832330471	0.08341591832330471
1778277625	logistic_elasticnet	mean_top3_inverted_base_score	0.0	0.0
1778277625	logistic_elasticnet	mean_top5_inverted_base_score	-0.847640792798516	0.847640792798516
1778277625	logistic_elasticnet	top3_motif_score	-0.5473886467381461	0.5473886467381461
1778277625	logistic_elasticnet	top5_motif_score	-0.561691129479099	0.561691129479099
1778277625	logistic_elasticnet	max_motif_score	0.22098533574444718	0.22098533574444718
1778277625	logistic_elasticnet	motif_positive_fraction_top3_mean	0.2399122937831143	0.2399122937831143
1778277625	logistic_elasticnet	top3_structure_score	-0.04381844920244052	0.04381844920244052
1778277625	logistic_elasticnet	top5_structure_score	-0.21854398155099164	0.21854398155099164
1778277625	logistic_elasticnet	max_structure_score	0.5887544357212527	0.5887544357212527
1778277625	logistic_elasticnet	top3_paired_probability_mean	-0.024394002251640116	0.024394002251640116
1778277625	logistic_elasticnet	top3_fraction_high_paired	-0.03458394906399446	0.03458394906399446
1778277625	logistic_elasticnet	local_41nt_paired_mean_top3	0.34229565946560375	0.34229565946560375
1778277625	logistic_elasticnet	local_81nt_paired_mean_top3	-0.25856508346695667	0.25856508346695667
1778277625	logistic_elasticnet	longest_high_paired_run_max	-0.10438796019088935	0.10438796019088935
1778277625	logistic_elasticnet	paired_run_density_top3	-0.03458394906399446	0.03458394906399446
1778277625	logistic_elasticnet	reverse_complement_kmer_pair_density_top3	0.06254691284522872	0.06254691284522872
1778277625	logistic_elasticnet	AU_rich_paired_density_top3	0.2487615309739129	0.2487615309739129
1778277625	logistic_elasticnet	U_rich_paired_density_top3	0.046196521102568534	0.046196521102568534
1778277625	logistic_elasticnet	U_content_top3	-0.01534788410039726	0.01534788410039726
1778277625	logistic_elasticnet	UC_content_top3	-0.13737556742653068	0.13737556742653068
1778277625	logistic_elasticnet	AU_content_top3	0.3758828047295588	0.3758828047295588
1778277625	logistic_elasticnet	max_U_homopolymer_len_max	0.8203623698430149	0.8203623698430149
1778277625	logistic_elasticnet	shannon_entropy_top3	0.15514669653611282	0.15514669653611282
1778277625	logistic_elasticnet	low_complexity_score_top3	-0.15514669653606872	0.15514669653606872
1778277625	logistic_elasticnet	UUUUUUU_count_max	-0.6224123244337486	0.6224123244337486
1778277625	logistic_elasticnet	top_Urich_kmer_density_top3	0.0	0.0
1778277625	logistic_elasticnet	n_windows	-0.01929215335094419	0.01929215335094419
1778277625	logistic_elasticnet	log1p_n_windows	-0.4421958939119325	0.4421958939119325
1778277625	logistic_elasticnet	n_windows_bin_code	-0.18462493205871755	0.18462493205871755
1778277625	logistic_elasticnet	n_high_score_windows_0.9	0.0	0.0
1778277625	logistic_elasticnet	n_high_score_windows_0.95	0.13400240861741652	0.13400240861741652
1778277625	logistic_elasticnet	fraction_high_score_windows_0.9	0.5935944823365324	0.5935944823365324
1778277625	logistic_elasticnet	fraction_high_score_windows_0.95	-0.8814554216335354	0.8814554216335354
1624446027	logistic_l2	max_score	0.4584267540120225	0.4584267540120225
1624446027	logistic_l2	top3_mean_score	0.03522052814928052	0.03522052814928052
1624446027	logistic_l2	top5_mean_score	0.303439030453674	0.303439030453674
1624446027	logistic_l2	top10_mean_score	0.7645103829208807	0.7645103829208807
1624446027	logistic_l2	top5_percent_mean_score	-0.027908362227192843	0.027908362227192843
1624446027	logistic_l2	max_base_score	0.0679154179278993	0.0679154179278993
1624446027	logistic_l2	min_base_score	0.17763018424219354	0.17763018424219354
1624446027	logistic_l2	mean_top3_inverted_base_score	-0.1436745194733607	0.1436745194733607
1624446027	logistic_l2	mean_top5_inverted_base_score	-0.388710317792307	0.388710317792307
1624446027	logistic_l2	top3_motif_score	-0.3275655063670355	0.3275655063670355
1624446027	logistic_l2	top5_motif_score	-0.5672621474931994	0.5672621474931994
1624446027	logistic_l2	max_motif_score	-0.4876498524482817	0.4876498524482817
1624446027	logistic_l2	motif_positive_fraction_top3_mean	-0.06504207692107809	0.06504207692107809
1624446027	logistic_l2	top3_structure_score	-0.7021283024509407	0.7021283024509407
1624446027	logistic_l2	top5_structure_score	-0.08649552938755262	0.08649552938755262
1624446027	logistic_l2	max_structure_score	0.38845399344888615	0.38845399344888615
1624446027	logistic_l2	top3_paired_probability_mean	0.09012627678037312	0.09012627678037312
1624446027	logistic_l2	top3_fraction_high_paired	0.18823080772975212	0.18823080772975212
1624446027	logistic_l2	local_41nt_paired_mean_top3	0.4515248410956936	0.4515248410956936
1624446027	logistic_l2	local_81nt_paired_mean_top3	-0.20991824983500576	0.20991824983500576
1624446027	logistic_l2	longest_high_paired_run_max	-0.03386586966571546	0.03386586966571546
1624446027	logistic_l2	paired_run_density_top3	0.18823080772975212	0.18823080772975212
1624446027	logistic_l2	reverse_complement_kmer_pair_density_top3	0.25098398525211235	0.25098398525211235
1624446027	logistic_l2	AU_rich_paired_density_top3	0.42158917329310613	0.42158917329310613
1624446027	logistic_l2	U_rich_paired_density_top3	0.01945744688807528	0.01945744688807528
1624446027	logistic_l2	U_content_top3	0.35910023028453164	0.35910023028453164
1624446027	logistic_l2	UC_content_top3	0.17773428213757514	0.17773428213757514
1624446027	logistic_l2	AU_content_top3	-0.05276014733050987	0.05276014733050987
1624446027	logistic_l2	max_U_homopolymer_len_max	0.8284311650932309	0.8284311650932309
1624446027	logistic_l2	shannon_entropy_top3	0.18776989426861676	0.18776989426861676
1624446027	logistic_l2	low_complexity_score_top3	-0.187769894268602	0.187769894268602
1624446027	logistic_l2	UUUUUUU_count_max	-0.5138342789096791	0.5138342789096791
1624446027	logistic_l2	top_Urich_kmer_density_top3	0.12109358747014744	0.12109358747014744
1624446027	logistic_l2	n_windows	0.4250385322084867	0.4250385322084867
1624446027	logistic_l2	log1p_n_windows	-0.8518047606070667	0.8518047606070667
1624446027	logistic_l2	n_windows_bin_code	-0.10788507129478227	0.10788507129478227
1624446027	logistic_l2	n_high_score_windows_0.9	0.3299078676867676	0.3299078676867676
1624446027	logistic_l2	n_high_score_windows_0.95	-0.23818995233969786	0.23818995233969786
1624446027	logistic_l2	fraction_high_score_windows_0.9	0.4198834703877933	0.4198834703877933
1624446027	logistic_l2	fraction_high_score_windows_0.95	-0.7157278303241602	0.7157278303241602
1624446027	logistic_elasticnet	max_score	0.41315289087353585	0.41315289087353585
1624446027	logistic_elasticnet	top3_mean_score	0.0	0.0
1624446027	logistic_elasticnet	top5_mean_score	0.20149680304586406	0.20149680304586406
1624446027	logistic_elasticnet	top10_mean_score	0.7634763142868349	0.7634763142868349
1624446027	logistic_elasticnet	top5_percent_mean_score	0.0	0.0
1624446027	logistic_elasticnet	max_base_score	0.062142578292092444	0.062142578292092444
1624446027	logistic_elasticnet	min_base_score	0.1472044751092686	0.1472044751092686
1624446027	logistic_elasticnet	mean_top3_inverted_base_score	-0.10400249430968386	0.10400249430968386
1624446027	logistic_elasticnet	mean_top5_inverted_base_score	-0.33570848193692937	0.33570848193692937
1624446027	logistic_elasticnet	top3_motif_score	-0.270914574076722	0.270914574076722
1624446027	logistic_elasticnet	top5_motif_score	-0.5234337463586641	0.5234337463586641
1624446027	logistic_elasticnet	max_motif_score	-0.46009511464805136	0.46009511464805136
1624446027	logistic_elasticnet	motif_positive_fraction_top3_mean	-0.028567627624651367	0.028567627624651367
1624446027	logistic_elasticnet	top3_structure_score	-0.5091784644227233	0.5091784644227233
1624446027	logistic_elasticnet	top5_structure_score	-0.05447399676546419	0.05447399676546419
1624446027	logistic_elasticnet	max_structure_score	0.38719045385526946	0.38719045385526946
1624446027	logistic_elasticnet	top3_paired_probability_mean	0.0	0.0
1624446027	logistic_elasticnet	top3_fraction_high_paired	0.13402175789035506	0.13402175789035506
1624446027	logistic_elasticnet	local_41nt_paired_mean_top3	0.4193242128722886	0.4193242128722886
1624446027	logistic_elasticnet	local_81nt_paired_mean_top3	-0.1724241724896379	0.1724241724896379
1624446027	logistic_elasticnet	longest_high_paired_run_max	-0.01870315095664846	0.01870315095664846
1624446027	logistic_elasticnet	paired_run_density_top3	0.13402175789035506	0.13402175789035506
1624446027	logistic_elasticnet	reverse_complement_kmer_pair_density_top3	0.22804223566018283	0.22804223566018283
1624446027	logistic_elasticnet	AU_rich_paired_density_top3	0.38869341723692385	0.38869341723692385
1624446027	logistic_elasticnet	U_rich_paired_density_top3	0.02022008653910058	0.02022008653910058
1624446027	logistic_elasticnet	U_content_top3	0.31639588136747476	0.31639588136747476
1624446027	logistic_elasticnet	UC_content_top3	0.15196951323679003	0.15196951323679003
1624446027	logistic_elasticnet	AU_content_top3	0.0	0.0
1624446027	logistic_elasticnet	max_U_homopolymer_len_max	0.7931090276945297	0.7931090276945297
1624446027	logistic_elasticnet	shannon_entropy_top3	0.18259935820072223	0.18259935820072223
1624446027	logistic_elasticnet	low_complexity_score_top3	-0.18259935820071047	0.18259935820071047
1624446027	logistic_elasticnet	UUUUUUU_count_max	-0.4914523589556105	0.4914523589556105
1624446027	logistic_elasticnet	top_Urich_kmer_density_top3	0.0872548940541596	0.0872548940541596
1624446027	logistic_elasticnet	n_windows	0.40641859380740214	0.40641859380740214
1624446027	logistic_elasticnet	log1p_n_windows	-0.8346854538561144	0.8346854538561144
1624446027	logistic_elasticnet	n_windows_bin_code	-0.10443785818801052	0.10443785818801052
1624446027	logistic_elasticnet	n_high_score_windows_0.9	0.2966822514216495	0.2966822514216495
1624446027	logistic_elasticnet	n_high_score_windows_0.95	-0.21097775325737675	0.21097775325737675
1624446027	logistic_elasticnet	fraction_high_score_windows_0.9	0.40514034660533094	0.40514034660533094
1624446027	logistic_elasticnet	fraction_high_score_windows_0.95	-0.7286520047733726	0.7286520047733726
1797759645	logistic_l2	max_score	0.0747287845142294	0.0747287845142294
1797759645	logistic_l2	top3_mean_score	0.0652565886822571	0.0652565886822571
1797759645	logistic_l2	top5_mean_score	0.3390196123398736	0.3390196123398736
1797759645	logistic_l2	top10_mean_score	0.6177259906591939	0.6177259906591939
1797759645	logistic_l2	top5_percent_mean_score	0.05951066303768715	0.05951066303768715
1797759645	logistic_l2	max_base_score	-0.05525154655376242	0.05525154655376242
1797759645	logistic_l2	min_base_score	0.1187766198657688	0.1187766198657688
1797759645	logistic_l2	mean_top3_inverted_base_score	-0.3451802537385379	0.3451802537385379
1797759645	logistic_l2	mean_top5_inverted_base_score	-0.4221628974025554	0.4221628974025554
1797759645	logistic_l2	top3_motif_score	0.2717869922920531	0.2717869922920531
1797759645	logistic_l2	top5_motif_score	-1.0884942221237555	1.0884942221237555
1797759645	logistic_l2	max_motif_score	-0.27324789715195297	0.27324789715195297
1797759645	logistic_l2	motif_positive_fraction_top3_mean	-0.4912607205804294	0.4912607205804294
1797759645	logistic_l2	top3_structure_score	-0.2703120314158354	0.2703120314158354
1797759645	logistic_l2	top5_structure_score	-0.1904651331838367	0.1904651331838367
1797759645	logistic_l2	max_structure_score	0.6502527790037989	0.6502527790037989
1797759645	logistic_l2	top3_paired_probability_mean	-0.40144953723297105	0.40144953723297105
1797759645	logistic_l2	top3_fraction_high_paired	0.28475362843194857	0.28475362843194857
1797759645	logistic_l2	local_41nt_paired_mean_top3	0.4847616982728164	0.4847616982728164
1797759645	logistic_l2	local_81nt_paired_mean_top3	-0.32179913691765755	0.32179913691765755
1797759645	logistic_l2	longest_high_paired_run_max	-0.060622117789179156	0.060622117789179156
1797759645	logistic_l2	paired_run_density_top3	0.28475362843194857	0.28475362843194857
1797759645	logistic_l2	reverse_complement_kmer_pair_density_top3	0.06900350467623442	0.06900350467623442
1797759645	logistic_l2	AU_rich_paired_density_top3	0.3724190035224401	0.3724190035224401
1797759645	logistic_l2	U_rich_paired_density_top3	0.13815568074536735	0.13815568074536735
1797759645	logistic_l2	U_content_top3	0.04698820847703398	0.04698820847703398
1797759645	logistic_l2	UC_content_top3	0.5281419398882458	0.5281419398882458
1797759645	logistic_l2	AU_content_top3	0.4426380093000074	0.4426380093000074
1797759645	logistic_l2	max_U_homopolymer_len_max	0.8729195208951838	0.8729195208951838
1797759645	logistic_l2	shannon_entropy_top3	0.14963707229092432	0.14963707229092432
1797759645	logistic_l2	low_complexity_score_top3	-0.14963707229090176	0.14963707229090176
1797759645	logistic_l2	UUUUUUU_count_max	-0.6730111645766219	0.6730111645766219
1797759645	logistic_l2	top_Urich_kmer_density_top3	0.07287941497006223	0.07287941497006223
1797759645	logistic_l2	n_windows	0.04999118496041402	0.04999118496041402
1797759645	logistic_l2	log1p_n_windows	-0.3725922773192409	0.3725922773192409
1797759645	logistic_l2	n_windows_bin_code	-0.09801745329124342	0.09801745329124342
1797759645	logistic_l2	n_high_score_windows_0.9	0.15932255411006258	0.15932255411006258
1797759645	logistic_l2	n_high_score_windows_0.95	0.19029219847038714	0.19029219847038714
1797759645	logistic_l2	fraction_high_score_windows_0.9	0.38452410973972284	0.38452410973972284
1797759645	logistic_l2	fraction_high_score_windows_0.95	-0.8840897768760745	0.8840897768760745
1797759645	logistic_elasticnet	max_score	0.08252716473920028	0.08252716473920028
1797759645	logistic_elasticnet	top3_mean_score	0.022422865311028755	0.022422865311028755
1797759645	logistic_elasticnet	top5_mean_score	0.28482532506049435	0.28482532506049435
1797759645	logistic_elasticnet	top10_mean_score	0.5735088813861958	0.5735088813861958
1797759645	logistic_elasticnet	top5_percent_mean_score	0.04316039144757662	0.04316039144757662
1797759645	logistic_elasticnet	max_base_score	-0.05601520380334334	0.05601520380334334
1797759645	logistic_elasticnet	min_base_score	0.077736560690166	0.077736560690166
1797759645	logistic_elasticnet	mean_top3_inverted_base_score	-0.3961200555502727	0.3961200555502727
1797759645	logistic_elasticnet	mean_top5_inverted_base_score	-0.27614841952463137	0.27614841952463137
1797759645	logistic_elasticnet	top3_motif_score	0.21336521987238596	0.21336521987238596
1797759645	logistic_elasticnet	top5_motif_score	-0.9573001981246035	0.9573001981246035
1797759645	logistic_elasticnet	max_motif_score	-0.24327351154653057	0.24327351154653057
1797759645	logistic_elasticnet	motif_positive_fraction_top3_mean	-0.46875648562243755	0.46875648562243755
1797759645	logistic_elasticnet	top3_structure_score	-0.09176650822945506	0.09176650822945506
1797759645	logistic_elasticnet	top5_structure_score	-0.14725898521360278	0.14725898521360278
1797759645	logistic_elasticnet	max_structure_score	0.6432175536789134	0.6432175536789134
1797759645	logistic_elasticnet	top3_paired_probability_mean	-0.46561059551359646	0.46561059551359646
1797759645	logistic_elasticnet	top3_fraction_high_paired	0.22084693303150085	0.22084693303150085
1797759645	logistic_elasticnet	local_41nt_paired_mean_top3	0.4528610353122746	0.4528610353122746
1797759645	logistic_elasticnet	local_81nt_paired_mean_top3	-0.2943115317402468	0.2943115317402468
1797759645	logistic_elasticnet	longest_high_paired_run_max	-0.04537987497282077	0.04537987497282077
1797759645	logistic_elasticnet	paired_run_density_top3	0.22084693303150085	0.22084693303150085
1797759645	logistic_elasticnet	reverse_complement_kmer_pair_density_top3	0.049829654809925954	0.049829654809925954
1797759645	logistic_elasticnet	AU_rich_paired_density_top3	0.3479132490565902	0.3479132490565902
1797759645	logistic_elasticnet	U_rich_paired_density_top3	0.14074275133329409	0.14074275133329409
1797759645	logistic_elasticnet	U_content_top3	0.010255023666170156	0.010255023666170156
1797759645	logistic_elasticnet	UC_content_top3	0.5149327162639298	0.5149327162639298
1797759645	logistic_elasticnet	AU_content_top3	0.47220488369993857	0.47220488369993857
1797759645	logistic_elasticnet	max_U_homopolymer_len_max	0.8494369133446059	0.8494369133446059
1797759645	logistic_elasticnet	shannon_entropy_top3	0.14452275247919133	0.14452275247919133
1797759645	logistic_elasticnet	low_complexity_score_top3	-0.14452275247919996	0.14452275247919996
1797759645	logistic_elasticnet	UUUUUUU_count_max	-0.6519823140262194	0.6519823140262194
1797759645	logistic_elasticnet	top_Urich_kmer_density_top3	0.055723938009195464	0.055723938009195464
1797759645	logistic_elasticnet	n_windows	0.01785406344966252	0.01785406344966252
1797759645	logistic_elasticnet	log1p_n_windows	-0.3536311002392766	0.3536311002392766
1797759645	logistic_elasticnet	n_windows_bin_code	-0.09841726057891748	0.09841726057891748
1797759645	logistic_elasticnet	n_high_score_windows_0.9	0.1954064059705617	0.1954064059705617
1797759645	logistic_elasticnet	n_high_score_windows_0.95	0.15318501956878663	0.15318501956878663
1797759645	logistic_elasticnet	fraction_high_score_windows_0.9	0.332901782726737	0.332901782726737
1797759645	logistic_elasticnet	fraction_high_score_windows_0.95	-0.8600988266709686	0.8600988266709686
748698052	logistic_l2	max_score	-0.4441613126509125	0.4441613126509125
748698052	logistic_l2	top3_mean_score	-0.28200954348307067	0.28200954348307067
748698052	logistic_l2	top5_mean_score	0.7350570531344499	0.7350570531344499
748698052	logistic_l2	top10_mean_score	0.8263113752802659	0.8263113752802659
748698052	logistic_l2	top5_percent_mean_score	0.31658673399718756	0.31658673399718756
748698052	logistic_l2	max_base_score	0.06968285480956482	0.06968285480956482
748698052	logistic_l2	min_base_score	0.09881633944406702	0.09881633944406702
748698052	logistic_l2	mean_top3_inverted_base_score	-0.5765400432263958	0.5765400432263958
748698052	logistic_l2	mean_top5_inverted_base_score	0.08489965132587049	0.08489965132587049
748698052	logistic_l2	top3_motif_score	-0.09295092968505483	0.09295092968505483
748698052	logistic_l2	top5_motif_score	-0.7033532765863413	0.7033532765863413
748698052	logistic_l2	max_motif_score	-0.03276986135647547	0.03276986135647547
748698052	logistic_l2	motif_positive_fraction_top3_mean	-0.2489982375657517	0.2489982375657517
748698052	logistic_l2	top3_structure_score	-0.1961328650878159	0.1961328650878159
748698052	logistic_l2	top5_structure_score	-0.08918912990070857	0.08918912990070857
748698052	logistic_l2	max_structure_score	0.5008745812441491	0.5008745812441491
748698052	logistic_l2	top3_paired_probability_mean	0.33250752427082025	0.33250752427082025
748698052	logistic_l2	top3_fraction_high_paired	-0.058125368547591344	0.058125368547591344
748698052	logistic_l2	local_41nt_paired_mean_top3	0.42979159404038936	0.42979159404038936
748698052	logistic_l2	local_81nt_paired_mean_top3	-0.44526117303922175	0.44526117303922175
748698052	logistic_l2	longest_high_paired_run_max	0.03543775110865945	0.03543775110865945
748698052	logistic_l2	paired_run_density_top3	-0.058125368547591344	0.058125368547591344
748698052	logistic_l2	reverse_complement_kmer_pair_density_top3	-0.021230944810285687	0.021230944810285687
748698052	logistic_l2	AU_rich_paired_density_top3	0.38791416068946255	0.38791416068946255
748698052	logistic_l2	U_rich_paired_density_top3	0.04017211522306792	0.04017211522306792
748698052	logistic_l2	U_content_top3	-0.13206541831622473	0.13206541831622473
748698052	logistic_l2	UC_content_top3	0.3840069052294524	0.3840069052294524
748698052	logistic_l2	AU_content_top3	0.42136107154025626	0.42136107154025626
748698052	logistic_l2	max_U_homopolymer_len_max	1.2812736746970175	1.2812736746970175
748698052	logistic_l2	shannon_entropy_top3	0.15909216846155352	0.15909216846155352
748698052	logistic_l2	low_complexity_score_top3	-0.1590921684615481	0.1590921684615481
748698052	logistic_l2	UUUUUUU_count_max	-0.9308266520994599	0.9308266520994599
748698052	logistic_l2	top_Urich_kmer_density_top3	-0.07671054746790548	0.07671054746790548
748698052	logistic_l2	n_windows	0.05307500422215935	0.05307500422215935
748698052	logistic_l2	log1p_n_windows	-0.5218527209290196	0.5218527209290196
748698052	logistic_l2	n_windows_bin_code	-0.3000797195949334	0.3000797195949334
748698052	logistic_l2	n_high_score_windows_0.9	-0.19602008974241317	0.19602008974241317
748698052	logistic_l2	n_high_score_windows_0.95	0.16733201108434245	0.16733201108434245
748698052	logistic_l2	fraction_high_score_windows_0.9	0.4406579663610174	0.4406579663610174
748698052	logistic_l2	fraction_high_score_windows_0.95	-0.865877084224351	0.865877084224351
748698052	logistic_elasticnet	max_score	-0.3328497270771428	0.3328497270771428
748698052	logistic_elasticnet	top3_mean_score	-0.0016093128118572862	0.0016093128118572862
748698052	logistic_elasticnet	top5_mean_score	0.5168322274567528	0.5168322274567528
748698052	logistic_elasticnet	top10_mean_score	0.8989345390951954	0.8989345390951954
748698052	logistic_elasticnet	top5_percent_mean_score	0.02166374208063297	0.02166374208063297
748698052	logistic_elasticnet	max_base_score	0.06215012636201958	0.06215012636201958
748698052	logistic_elasticnet	min_base_score	0.06380681007555701	0.06380681007555701
748698052	logistic_elasticnet	mean_top3_inverted_base_score	-0.4563364404269369	0.4563364404269369
748698052	logistic_elasticnet	mean_top5_inverted_base_score	0.0	0.0
748698052	logistic_elasticnet	top3_motif_score	0.0	0.0
748698052	logistic_elasticnet	top5_motif_score	-0.7580938633481225	0.7580938633481225
748698052	logistic_elasticnet	max_motif_score	-0.015168756052041007	0.015168756052041007
748698052	logistic_elasticnet	motif_positive_fraction_top3_mean	-0.20824612388262986	0.20824612388262986
748698052	logistic_elasticnet	top3_structure_score	0.0	0.0
748698052	logistic_elasticnet	top5_structure_score	-0.09794813632809402	0.09794813632809402
748698052	logistic_elasticnet	max_structure_score	0.49503661659455944	0.49503661659455944
748698052	logistic_elasticnet	top3_paired_probability_mean	0.15217687239148442	0.15217687239148442
748698052	logistic_elasticnet	top3_fraction_high_paired	-0.07799841683591456	0.07799841683591456
748698052	logistic_elasticnet	local_41nt_paired_mean_top3	0.4129827421128547	0.4129827421128547
748698052	logistic_elasticnet	local_81nt_paired_mean_top3	-0.41131316093955317	0.41131316093955317
748698052	logistic_elasticnet	longest_high_paired_run_max	0.033092912928010296	0.033092912928010296
748698052	logistic_elasticnet	paired_run_density_top3	-0.07799841683591456	0.07799841683591456
748698052	logistic_elasticnet	reverse_complement_kmer_pair_density_top3	0.0	0.0
748698052	logistic_elasticnet	AU_rich_paired_density_top3	0.39949808590663344	0.39949808590663344
748698052	logistic_elasticnet	U_rich_paired_density_top3	0.028658027139248234	0.028658027139248234
748698052	logistic_elasticnet	U_content_top3	0.0	0.0
748698052	logistic_elasticnet	UC_content_top3	0.2806505202569547	0.2806505202569547
748698052	logistic_elasticnet	AU_content_top3	0.2849278209808762	0.2849278209808762
748698052	logistic_elasticnet	max_U_homopolymer_len_max	1.2653645928417478	1.2653645928417478
748698052	logistic_elasticnet	shannon_entropy_top3	0.16280819388185272	0.16280819388185272
748698052	logistic_elasticnet	low_complexity_score_top3	-0.16280819388186457	0.16280819388186457
748698052	logistic_elasticnet	UUUUUUU_count_max	-0.9229016574968661	0.9229016574968661
748698052	logistic_elasticnet	top_Urich_kmer_density_top3	-0.08468255209340395	0.08468255209340395
748698052	logistic_elasticnet	n_windows	0.019167899877860724	0.019167899877860724
748698052	logistic_elasticnet	log1p_n_windows	-0.5351765387146638	0.5351765387146638
748698052	logistic_elasticnet	n_windows_bin_code	-0.30262289001626475	0.30262289001626475
748698052	logistic_elasticnet	n_high_score_windows_0.9	-0.09454315290675148	0.09454315290675148
748698052	logistic_elasticnet	n_high_score_windows_0.95	0.09186118627764278	0.09186118627764278
748698052	logistic_elasticnet	fraction_high_score_windows_0.9	0.35720954646310443	0.35720954646310443
748698052	logistic_elasticnet	fraction_high_score_windows_0.95	-0.800800443295369	0.800800443295369
