gene_id	transcript_id	window_start	window_end	window_rank	region_type	inferred_region_type	is_CDS	is_5UTR	is_3UTR	is_ncRNA	is_unknown	inferred_is_CDS	inferred_is_5UTR	inferred_is_3UTR	inferred_is_ncRNA	inferred_is_unknown
LOC_Os01g01010	LOC_Os01g01010.1	1101	1300	1	CDS	CDS	1.0	0.0	0.0	0.0	0.0	1.0	0.0	0.0	0.0	0.0
LOC_Os01g01010	LOC_Os01g01010.2	1001	1200	2	CDS	CDS	1.0	0.0	0.0	0.0	0.0	1.0	0.0	0.0	0.0	0.0
LOC_Os01g01010	LOC_Os01g01010.2	1151	1350	3	CDS	CDS	1.0	0.0	0.0	0.0	0.0	1.0	0.0	0.0	0.0	0.0
LOC_Os01g01010	LOC_Os01g01010.2	1051	1250	4	CDS	CDS	1.0	0.0	0.0	0.0	0.0	1.0	0.0	0.0	0.0	0.0
LOC_Os01g01010	LOC_Os01g01010.1	1201	1400	5	CDS	CDS	1.0	0.0	0.0	0.0	0.0	1.0	0.0	0.0	0.0	0.0
LOC_Os01g01010	LOC_Os01g01010.2	1101	1300	6	CDS	CDS	1.0	0.0	0.0	0.0	0.0	1.0	0.0	0.0	0.0	0.0
LOC_Os01g01010	LOC_Os01g01010.1	1151	1350	7	CDS	CDS	1.0	0.0	0.0	0.0	0.0	1.0	0.0	0.0	0.0	0.0
LOC_Os01g01010	LOC_Os01g01010.1	1251	1450	8	CDS	CDS	1.0	0.0	0.0	0.0	0.0	1.0	0.0	0.0	0.0	0.0
LOC_Os01g01010	LOC_Os01g01010.1	1051	1250	9	CDS	CDS	1.0	0.0	0.0	0.0	0.0	1.0	0.0	0.0	0.0	0.0
LOC_Os01g01010	LOC_Os01g01010.1	2801	3000	10	unknown	3UTR	0.0	0.0	0.0	0.0	1.0	0.0	0.0	1.0	0.0	0.0
LOC_Os01g01010	LOC_Os01g01010.1	2818	3017	11	unknown	3UTR	0.0	0.0	0.0	0.0	1.0	0.0	0.0	1.0	0.0	0.0
LOC_Os01g01010	LOC_Os01g01010.1	751	950	12	CDS	CDS	1.0	0.0	0.0	0.0	0.0	1.0	0.0	0.0	0.0	0.0
LOC_Os01g01010	LOC_Os01g01010.2	651	850	13	CDS	CDS	1.0	0.0	0.0	0.0	0.0	1.0	0.0	0.0	0.0	0.0
LOC_Os01g01010	LOC_Os01g01010.1	1351	1550	14	CDS	CDS	1.0	0.0	0.0	0.0	0.0	1.0	0.0	0.0	0.0	0.0
LOC_Os01g01010	LOC_Os01g01010.2	951	1150	15	CDS	CDS	1.0	0.0	0.0	0.0	0.0	1.0	0.0	0.0	0.0	0.0
LOC_Os01g01010	LOC_Os01g01010.2	1201	1400	16	CDS	CDS	1.0	0.0	0.0	0.0	0.0	1.0	0.0	0.0	0.0	0.0
LOC_Os01g01010	LOC_Os01g01010.2	901	1100	17	CDS	CDS	1.0	0.0	0.0	0.0	0.0	1.0	0.0	0.0	0.0	0.0
LOC_Os01g01010	LOC_Os01g01010.1	2301	2500	18	CDS	CDS	1.0	0.0	0.0	0.0	0.0	1.0	0.0	0.0	0.0	0.0
LOC_Os01g01010	LOC_Os01g01010.1	701	900	19	CDS	CDS	1.0	0.0	0.0	0.0	0.0	1.0	0.0	0.0	0.0	0.0
LOC_Os01g01010	LOC_Os01g01010.1	1301	1500	20	CDS	CDS	1.0	0.0	0.0	0.0	0.0	1.0	0.0	0.0	0.0	0.0
LOC_Os01g01019	LOC_Os01g01019.1	928	1127	1	CDS	3UTR	1.0	0.0	0.0	0.0	0.0	0.0	0.0	1.0	0.0	0.0
LOC_Os01g01019	LOC_Os01g01019.1	101	300	2	unknown	5UTR	0.0	0.0	0.0	0.0	1.0	0.0	1.0	0.0	0.0	0.0
LOC_Os01g01019	LOC_Os01g01019.1	151	350	3	unknown	5UTR	0.0	0.0	0.0	0.0	1.0	0.0	1.0	0.0	0.0	0.0
LOC_Os01g01019	LOC_Os01g01019.1	51	250	4	unknown	5UTR	0.0	0.0	0.0	0.0	1.0	0.0	1.0	0.0	0.0	0.0
LOC_Os01g01019	LOC_Os01g01019.1	901	1100	5	CDS	CDS	1.0	0.0	0.0	0.0	0.0	1.0	0.0	0.0	0.0	0.0
LOC_Os01g01019	LOC_Os01g01019.1	1	200	6	unknown	5UTR	0.0	0.0	0.0	0.0	1.0	0.0	1.0	0.0	0.0	0.0
LOC_Os01g01019	LOC_Os01g01019.1	851	1050	7	CDS	CDS	1.0	0.0	0.0	0.0	0.0	1.0	0.0	0.0	0.0	0.0
LOC_Os01g01019	LOC_Os01g01019.1	201	400	8	unknown	5UTR	0.0	0.0	0.0	0.0	1.0	0.0	1.0	0.0	0.0	0.0
LOC_Os01g01019	LOC_Os01g01019.1	801	1000	9	CDS	CDS	1.0	0.0	0.0	0.0	0.0	1.0	0.0	0.0	0.0	0.0
LOC_Os01g01019	LOC_Os01g01019.1	251	450	10	unknown	5UTR	0.0	0.0	0.0	0.0	1.0	0.0	1.0	0.0	0.0	0.0
LOC_Os01g01019	LOC_Os01g01019.1	601	800	11	CDS	CDS	1.0	0.0	0.0	0.0	0.0	1.0	0.0	0.0	0.0	0.0
LOC_Os01g01019	LOC_Os01g01019.1	451	650	12	CDS	5UTR	1.0	0.0	0.0	0.0	0.0	0.0	1.0	0.0	0.0	0.0
LOC_Os01g01019	LOC_Os01g01019.1	701	900	13	CDS	CDS	1.0	0.0	0.0	0.0	0.0	1.0	0.0	0.0	0.0	0.0
LOC_Os01g01019	LOC_Os01g01019.1	401	600	14	CDS	5UTR	1.0	0.0	0.0	0.0	0.0	0.0	1.0	0.0	0.0	0.0
LOC_Os01g01019	LOC_Os01g01019.1	651	850	15	CDS	CDS	1.0	0.0	0.0	0.0	0.0	1.0	0.0	0.0	0.0	0.0
LOC_Os01g01019	LOC_Os01g01019.1	551	750	16	CDS	CDS	1.0	0.0	0.0	0.0	0.0	1.0	0.0	0.0	0.0	0.0
LOC_Os01g01019	LOC_Os01g01019.1	501	700	17	CDS	CDS	1.0	0.0	0.0	0.0	0.0	1.0	0.0	0.0	0.0	0.0
LOC_Os01g01019	LOC_Os01g01019.1	351	550	18	unknown	5UTR	0.0	0.0	0.0	0.0	1.0	0.0	1.0	0.0	0.0	0.0
LOC_Os01g01019	LOC_Os01g01019.1	301	500	19	unknown	5UTR	0.0	0.0	0.0	0.0	1.0	0.0	1.0	0.0	0.0	0.0
LOC_Os01g01019	LOC_Os01g01019.1	751	950	20	CDS	CDS	1.0	0.0	0.0	0.0	0.0	1.0	0.0	0.0	0.0	0.0
LOC_Os01g01030	LOC_Os01g01030.1	2151	2350	1	unknown	3UTR	0.0	0.0	0.0	0.0	1.0	0.0	0.0	1.0	0.0	0.0
LOC_Os01g01030	LOC_Os01g01030.1	2201	2400	2	unknown	3UTR	0.0	0.0	0.0	0.0	1.0	0.0	0.0	1.0	0.0	0.0
LOC_Os01g01030	LOC_Os01g01030.1	2251	2450	3	unknown	3UTR	0.0	0.0	0.0	0.0	1.0	0.0	0.0	1.0	0.0	0.0
LOC_Os01g01030	LOC_Os01g01030.1	2265	2464	4	unknown	3UTR	0.0	0.0	0.0	0.0	1.0	0.0	0.0	1.0	0.0	0.0
LOC_Os01g01030	LOC_Os01g01030.1	2101	2300	5	unknown	3UTR	0.0	0.0	0.0	0.0	1.0	0.0	0.0	1.0	0.0	0.0
LOC_Os01g01030	LOC_Os01g01030.1	1351	1550	6	CDS	CDS	1.0	0.0	0.0	0.0	0.0	1.0	0.0	0.0	0.0	0.0
LOC_Os01g01030	LOC_Os01g01030.1	1301	1500	7	CDS	CDS	1.0	0.0	0.0	0.0	0.0	1.0	0.0	0.0	0.0	0.0
LOC_Os01g01030	LOC_Os01g01030.1	1801	2000	8	CDS	CDS	1.0	0.0	0.0	0.0	0.0	1.0	0.0	0.0	0.0	0.0
LOC_Os01g01030	LOC_Os01g01030.1	1	200	9	CDS	5UTR	1.0	0.0	0.0	0.0	0.0	0.0	1.0	0.0	0.0	0.0
LOC_Os01g01030	LOC_Os01g01030.1	1851	2050	10	CDS	3UTR	1.0	0.0	0.0	0.0	0.0	0.0	0.0	1.0	0.0	0.0
LOC_Os01g01030	LOC_Os01g01030.1	2051	2250	11	unknown	3UTR	0.0	0.0	0.0	0.0	1.0	0.0	0.0	1.0	0.0	0.0
LOC_Os01g01030	LOC_Os01g01030.1	1451	1650	12	CDS	CDS	1.0	0.0	0.0	0.0	0.0	1.0	0.0	0.0	0.0	0.0
LOC_Os01g01030	LOC_Os01g01030.1	1751	1950	13	CDS	CDS	1.0	0.0	0.0	0.0	0.0	1.0	0.0	0.0	0.0	0.0
LOC_Os01g01030	LOC_Os01g01030.1	1701	1900	14	CDS	CDS	1.0	0.0	0.0	0.0	0.0	1.0	0.0	0.0	0.0	0.0
LOC_Os01g01030	LOC_Os01g01030.1	1401	1600	15	CDS	CDS	1.0	0.0	0.0	0.0	0.0	1.0	0.0	0.0	0.0	0.0
LOC_Os01g01030	LOC_Os01g01030.1	1251	1450	16	CDS	CDS	1.0	0.0	0.0	0.0	0.0	1.0	0.0	0.0	0.0	0.0
LOC_Os01g01030	LOC_Os01g01030.1	51	250	17	CDS	CDS	1.0	0.0	0.0	0.0	0.0	1.0	0.0	0.0	0.0	0.0
LOC_Os01g01030	LOC_Os01g01030.1	1201	1400	18	CDS	CDS	1.0	0.0	0.0	0.0	0.0	1.0	0.0	0.0	0.0	0.0
LOC_Os01g01030	LOC_Os01g01030.1	351	550	19	CDS	CDS	1.0	0.0	0.0	0.0	0.0	1.0	0.0	0.0	0.0	0.0
LOC_Os01g01030	LOC_Os01g01030.1	1501	1700	20	CDS	CDS	1.0	0.0	0.0	0.0	0.0	1.0	0.0	0.0	0.0	0.0
LOC_Os01g01040	LOC_Os01g01040.1	1251	1450	1	CDS	CDS	1.0	0.0	0.0	0.0	0.0	1.0	0.0	0.0	0.0	0.0
LOC_Os01g01040	LOC_Os01g01040.4	1251	1450	2	CDS	CDS	1.0	0.0	0.0	0.0	0.0	1.0	0.0	0.0	0.0	0.0
LOC_Os01g01040	LOC_Os01g01040.2	1251	1450	3	CDS	CDS	1.0	0.0	0.0	0.0	0.0	1.0	0.0	0.0	0.0	0.0
LOC_Os01g01040	LOC_Os01g01040.3	1251	1450	4	CDS	CDS	1.0	0.0	0.0	0.0	0.0	1.0	0.0	0.0	0.0	0.0
LOC_Os01g01040	LOC_Os01g01040.2	1201	1400	5	CDS	CDS	1.0	0.0	0.0	0.0	0.0	1.0	0.0	0.0	0.0	0.0
LOC_Os01g01040	LOC_Os01g01040.3	1201	1400	6	CDS	CDS	1.0	0.0	0.0	0.0	0.0	1.0	0.0	0.0	0.0	0.0
LOC_Os01g01040	LOC_Os01g01040.4	1301	1500	7	CDS	CDS	1.0	0.0	0.0	0.0	0.0	1.0	0.0	0.0	0.0	0.0
LOC_Os01g01040	LOC_Os01g01040.1	1301	1500	8	CDS	CDS	1.0	0.0	0.0	0.0	0.0	1.0	0.0	0.0	0.0	0.0
LOC_Os01g01040	LOC_Os01g01040.4	1325	1524	9	CDS	CDS	1.0	0.0	0.0	0.0	0.0	1.0	0.0	0.0	0.0	0.0
LOC_Os01g01040	LOC_Os01g01040.2	1301	1500	10	CDS	CDS	1.0	0.0	0.0	0.0	0.0	1.0	0.0	0.0	0.0	0.0
LOC_Os01g01040	LOC_Os01g01040.3	1301	1500	11	CDS	CDS	1.0	0.0	0.0	0.0	0.0	1.0	0.0	0.0	0.0	0.0
LOC_Os01g01040	LOC_Os01g01040.2	1151	1350	12	CDS	CDS	1.0	0.0	0.0	0.0	0.0	1.0	0.0	0.0	0.0	0.0
LOC_Os01g01040	LOC_Os01g01040.3	1151	1350	13	CDS	CDS	1.0	0.0	0.0	0.0	0.0	1.0	0.0	0.0	0.0	0.0
LOC_Os01g01040	LOC_Os01g01040.3	1801	2000	14	CDS	3UTR	1.0	0.0	0.0	0.0	0.0	0.0	0.0	1.0	0.0	0.0
LOC_Os01g01040	LOC_Os01g01040.1	1351	1550	15	CDS	CDS	1.0	0.0	0.0	0.0	0.0	1.0	0.0	0.0	0.0	0.0
LOC_Os01g01040	LOC_Os01g01040.2	1351	1550	16	CDS	CDS	1.0	0.0	0.0	0.0	0.0	1.0	0.0	0.0	0.0	0.0
LOC_Os01g01040	LOC_Os01g01040.3	1351	1550	17	CDS	CDS	1.0	0.0	0.0	0.0	0.0	1.0	0.0	0.0	0.0	0.0
LOC_Os01g01040	LOC_Os01g01040.1	1401	1600	18	CDS	CDS	1.0	0.0	0.0	0.0	0.0	1.0	0.0	0.0	0.0	0.0
LOC_Os01g01040	LOC_Os01g01040.1	1201	1400	19	CDS	CDS	1.0	0.0	0.0	0.0	0.0	1.0	0.0	0.0	0.0	0.0
LOC_Os01g01040	LOC_Os01g01040.4	1201	1400	20	CDS	CDS	1.0	0.0	0.0	0.0	0.0	1.0	0.0	0.0	0.0	0.0
LOC_Os01g01050	LOC_Os01g01050.2	1701	1900	1	unknown	3UTR	0.0	0.0	0.0	0.0	1.0	0.0	0.0	1.0	0.0	0.0
LOC_Os01g01050	LOC_Os01g01050.1	1651	1850	2	unknown	3UTR	0.0	0.0	0.0	0.0	1.0	0.0	0.0	1.0	0.0	0.0
LOC_Os01g01050	LOC_Os01g01050.2	1651	1850	3	unknown	3UTR	0.0	0.0	0.0	0.0	1.0	0.0	0.0	1.0	0.0	0.0
LOC_Os01g01050	LOC_Os01g01050.2	1601	1800	4	unknown	3UTR	0.0	0.0	0.0	0.0	1.0	0.0	0.0	1.0	0.0	0.0
LOC_Os01g01050	LOC_Os01g01050.1	1751	1950	5	unknown	3UTR	0.0	0.0	0.0	0.0	1.0	0.0	0.0	1.0	0.0	0.0
LOC_Os01g01050	LOC_Os01g01050.1	1701	1900	6	unknown	3UTR	0.0	0.0	0.0	0.0	1.0	0.0	0.0	1.0	0.0	0.0
LOC_Os01g01050	LOC_Os01g01050.2	1551	1750	7	unknown	3UTR	0.0	0.0	0.0	0.0	1.0	0.0	0.0	1.0	0.0	0.0
LOC_Os01g01050	LOC_Os01g01050.1	1601	1800	8	unknown	3UTR	0.0	0.0	0.0	0.0	1.0	0.0	0.0	1.0	0.0	0.0
LOC_Os01g01050	LOC_Os01g01050.1	1840	2039	9	unknown	3UTR	0.0	0.0	0.0	0.0	1.0	0.0	0.0	1.0	0.0	0.0
LOC_Os01g01050	LOC_Os01g01050.2	1797	1996	10	unknown	3UTR	0.0	0.0	0.0	0.0	1.0	0.0	0.0	1.0	0.0	0.0
LOC_Os01g01050	LOC_Os01g01050.1	1801	2000	11	unknown	3UTR	0.0	0.0	0.0	0.0	1.0	0.0	0.0	1.0	0.0	0.0
LOC_Os01g01050	LOC_Os01g01050.2	1751	1950	12	unknown	3UTR	0.0	0.0	0.0	0.0	1.0	0.0	0.0	1.0	0.0	0.0
LOC_Os01g01050	LOC_Os01g01050.1	101	300	13	unknown	5UTR	0.0	0.0	0.0	0.0	1.0	0.0	1.0	0.0	0.0	0.0
LOC_Os01g01050	LOC_Os01g01050.2	101	300	14	unknown	5UTR	0.0	0.0	0.0	0.0	1.0	0.0	1.0	0.0	0.0	0.0
LOC_Os01g01050	LOC_Os01g01050.1	901	1100	15	CDS	CDS	1.0	0.0	0.0	0.0	0.0	1.0	0.0	0.0	0.0	0.0
LOC_Os01g01050	LOC_Os01g01050.2	901	1100	16	CDS	CDS	1.0	0.0	0.0	0.0	0.0	1.0	0.0	0.0	0.0	0.0
LOC_Os01g01050	LOC_Os01g01050.2	851	1050	17	CDS	CDS	1.0	0.0	0.0	0.0	0.0	1.0	0.0	0.0	0.0	0.0
LOC_Os01g01050	LOC_Os01g01050.1	951	1150	18	CDS	CDS	1.0	0.0	0.0	0.0	0.0	1.0	0.0	0.0	0.0	0.0
LOC_Os01g01050	LOC_Os01g01050.1	1251	1450	19	CDS	CDS	1.0	0.0	0.0	0.0	0.0	1.0	0.0	0.0	0.0	0.0
LOC_Os01g01050	LOC_Os01g01050.1	51	250	20	unknown	5UTR	0.0	0.0	0.0	0.0	1.0	0.0	1.0	0.0	0.0	0.0
LOC_Os01g01060	LOC_Os01g01060.1	701	900	1	unknown	3UTR	0.0	0.0	0.0	0.0	1.0	0.0	0.0	1.0	0.0	0.0
LOC_Os01g01060	LOC_Os01g01060.1	721	920	2	unknown	3UTR	0.0	0.0	0.0	0.0	1.0	0.0	0.0	1.0	0.0	0.0
LOC_Os01g01060	LOC_Os01g01060.1	651	850	3	CDS	3UTR	1.0	0.0	0.0	0.0	0.0	0.0	0.0	1.0	0.0	0.0
LOC_Os01g01060	LOC_Os01g01060.1	551	750	4	CDS	CDS	1.0	0.0	0.0	0.0	0.0	1.0	0.0	0.0	0.0	0.0
LOC_Os01g01060	LOC_Os01g01060.1	601	800	5	CDS	3UTR	1.0	0.0	0.0	0.0	0.0	0.0	0.0	1.0	0.0	0.0
LOC_Os01g01060	LOC_Os01g01060.1	401	600	6	CDS	CDS	1.0	0.0	0.0	0.0	0.0	1.0	0.0	0.0	0.0	0.0
LOC_Os01g01060	LOC_Os01g01060.1	451	650	7	CDS	CDS	1.0	0.0	0.0	0.0	0.0	1.0	0.0	0.0	0.0	0.0
LOC_Os01g01060	LOC_Os01g01060.1	1	200	8	CDS	CDS	1.0	0.0	0.0	0.0	0.0	1.0	0.0	0.0	0.0	0.0
LOC_Os01g01060	LOC_Os01g01060.1	351	550	9	CDS	CDS	1.0	0.0	0.0	0.0	0.0	1.0	0.0	0.0	0.0	0.0
LOC_Os01g01060	LOC_Os01g01060.1	101	300	10	CDS	CDS	1.0	0.0	0.0	0.0	0.0	1.0	0.0	0.0	0.0	0.0
LOC_Os01g01060	LOC_Os01g01060.1	51	250	11	CDS	CDS	1.0	0.0	0.0	0.0	0.0	1.0	0.0	0.0	0.0	0.0
LOC_Os01g01060	LOC_Os01g01060.1	301	500	12	CDS	CDS	1.0	0.0	0.0	0.0	0.0	1.0	0.0	0.0	0.0	0.0
LOC_Os01g01060	LOC_Os01g01060.1	501	700	13	CDS	CDS	1.0	0.0	0.0	0.0	0.0	1.0	0.0	0.0	0.0	0.0
LOC_Os01g01060	LOC_Os01g01060.1	201	400	14	CDS	CDS	1.0	0.0	0.0	0.0	0.0	1.0	0.0	0.0	0.0	0.0
LOC_Os01g01060	LOC_Os01g01060.1	251	450	15	CDS	CDS	1.0	0.0	0.0	0.0	0.0	1.0	0.0	0.0	0.0	0.0
LOC_Os01g01060	LOC_Os01g01060.1	151	350	16	CDS	CDS	1.0	0.0	0.0	0.0	0.0	1.0	0.0	0.0	0.0	0.0
LOC_Os01g01070	LOC_Os01g01070.1	1251	1450	1	unknown	3UTR	0.0	0.0	0.0	0.0	1.0	0.0	0.0	1.0	0.0	0.0
LOC_Os01g01070	LOC_Os01g01070.1	1201	1400	2	unknown	3UTR	0.0	0.0	0.0	0.0	1.0	0.0	0.0	1.0	0.0	0.0
LOC_Os01g01070	LOC_Os01g01070.1	1301	1500	3	unknown	3UTR	0.0	0.0	0.0	0.0	1.0	0.0	0.0	1.0	0.0	0.0
LOC_Os01g01070	LOC_Os01g01070.2	1201	1400	4	unknown	3UTR	0.0	0.0	0.0	0.0	1.0	0.0	0.0	1.0	0.0	0.0
LOC_Os01g01070	LOC_Os01g01070.2	1251	1450	5	unknown	3UTR	0.0	0.0	0.0	0.0	1.0	0.0	0.0	1.0	0.0	0.0
LOC_Os01g01070	LOC_Os01g01070.1	301	500	6	CDS	CDS	1.0	0.0	0.0	0.0	0.0	1.0	0.0	0.0	0.0	0.0
LOC_Os01g01070	LOC_Os01g01070.2	301	500	7	CDS	CDS	1.0	0.0	0.0	0.0	0.0	1.0	0.0	0.0	0.0	0.0
LOC_Os01g01070	LOC_Os01g01070.3	301	500	8	CDS	CDS	1.0	0.0	0.0	0.0	0.0	1.0	0.0	0.0	0.0	0.0
LOC_Os01g01070	LOC_Os01g01070.2	1301	1500	9	unknown	3UTR	0.0	0.0	0.0	0.0	1.0	0.0	0.0	1.0	0.0	0.0
LOC_Os01g01070	LOC_Os01g01070.3	901	1100	10	CDS	CDS	1.0	0.0	0.0	0.0	0.0	1.0	0.0	0.0	0.0	0.0
LOC_Os01g01070	LOC_Os01g01070.2	1001	1200	11	CDS	CDS	1.0	0.0	0.0	0.0	0.0	1.0	0.0	0.0	0.0	0.0
LOC_Os01g01070	LOC_Os01g01070.1	1101	1300	12	CDS	3UTR	1.0	0.0	0.0	0.0	0.0	0.0	0.0	1.0	0.0	0.0
LOC_Os01g01070	LOC_Os01g01070.1	1051	1250	13	CDS	CDS	1.0	0.0	0.0	0.0	0.0	1.0	0.0	0.0	0.0	0.0
LOC_Os01g01070	LOC_Os01g01070.3	1170	1369	14	unknown	3UTR	0.0	0.0	0.0	0.0	1.0	0.0	0.0	1.0	0.0	0.0
LOC_Os01g01070	LOC_Os01g01070.1	1001	1200	15	CDS	CDS	1.0	0.0	0.0	0.0	0.0	1.0	0.0	0.0	0.0	0.0
LOC_Os01g01070	LOC_Os01g01070.1	1151	1350	16	CDS	3UTR	1.0	0.0	0.0	0.0	0.0	0.0	0.0	1.0	0.0	0.0
LOC_Os01g01070	LOC_Os01g01070.1	401	600	17	CDS	CDS	1.0	0.0	0.0	0.0	0.0	1.0	0.0	0.0	0.0	0.0
LOC_Os01g01070	LOC_Os01g01070.1	801	1000	18	CDS	CDS	1.0	0.0	0.0	0.0	0.0	1.0	0.0	0.0	0.0	0.0
LOC_Os01g01070	LOC_Os01g01070.2	1101	1300	19	CDS	3UTR	1.0	0.0	0.0	0.0	0.0	0.0	0.0	1.0	0.0	0.0
LOC_Os01g01070	LOC_Os01g01070.2	1151	1350	20	CDS	3UTR	1.0	0.0	0.0	0.0	0.0	0.0	0.0	1.0	0.0	0.0
LOC_Os01g01080	LOC_Os01g01080.1	1756	1955	1	CDS	3UTR	1.0	0.0	0.0	0.0	0.0	0.0	0.0	1.0	0.0	0.0
LOC_Os01g01080	LOC_Os01g01080.2	1777	1976	2	CDS	3UTR	1.0	0.0	0.0	0.0	0.0	0.0	0.0	1.0	0.0	0.0
LOC_Os01g01080	LOC_Os01g01080.3	1843	2042	3	CDS	3UTR	1.0	0.0	0.0	0.0	0.0	0.0	0.0	1.0	0.0	0.0
LOC_Os01g01080	LOC_Os01g01080.1	1751	1950	4	CDS	3UTR	1.0	0.0	0.0	0.0	0.0	0.0	0.0	1.0	0.0	0.0
LOC_Os01g01080	LOC_Os01g01080.2	1751	1950	5	CDS	3UTR	1.0	0.0	0.0	0.0	0.0	0.0	0.0	1.0	0.0	0.0
LOC_Os01g01080	LOC_Os01g01080.1	1151	1350	6	CDS	CDS	1.0	0.0	0.0	0.0	0.0	1.0	0.0	0.0	0.0	0.0
LOC_Os01g01080	LOC_Os01g01080.2	1001	1200	7	CDS	CDS	1.0	0.0	0.0	0.0	0.0	1.0	0.0	0.0	0.0	0.0
LOC_Os01g01080	LOC_Os01g01080.3	1251	1450	8	CDS	CDS	1.0	0.0	0.0	0.0	0.0	1.0	0.0	0.0	0.0	0.0
LOC_Os01g01080	LOC_Os01g01080.3	1151	1350	9	CDS	CDS	1.0	0.0	0.0	0.0	0.0	1.0	0.0	0.0	0.0	0.0
LOC_Os01g01080	LOC_Os01g01080.1	1051	1250	10	CDS	CDS	1.0	0.0	0.0	0.0	0.0	1.0	0.0	0.0	0.0	0.0
LOC_Os01g01080	LOC_Os01g01080.3	1801	2000	11	CDS	3UTR	1.0	0.0	0.0	0.0	0.0	0.0	0.0	1.0	0.0	0.0
LOC_Os01g01080	LOC_Os01g01080.3	1101	1300	12	CDS	CDS	1.0	0.0	0.0	0.0	0.0	1.0	0.0	0.0	0.0	0.0
LOC_Os01g01080	LOC_Os01g01080.2	1151	1350	13	CDS	CDS	1.0	0.0	0.0	0.0	0.0	1.0	0.0	0.0	0.0	0.0
LOC_Os01g01080	LOC_Os01g01080.3	551	750	14	CDS	5UTR	1.0	0.0	0.0	0.0	0.0	0.0	1.0	0.0	0.0	0.0
LOC_Os01g01080	LOC_Os01g01080.2	1101	1300	15	CDS	CDS	1.0	0.0	0.0	0.0	0.0	1.0	0.0	0.0	0.0	0.0
LOC_Os01g01080	LOC_Os01g01080.2	501	700	16	CDS	5UTR	1.0	0.0	0.0	0.0	0.0	0.0	1.0	0.0	0.0	0.0
LOC_Os01g01080	LOC_Os01g01080.2	801	1000	17	CDS	CDS	1.0	0.0	0.0	0.0	0.0	1.0	0.0	0.0	0.0	0.0
LOC_Os01g01080	LOC_Os01g01080.2	1201	1400	18	CDS	CDS	1.0	0.0	0.0	0.0	0.0	1.0	0.0	0.0	0.0	0.0
LOC_Os01g01080	LOC_Os01g01080.2	551	750	19	CDS	CDS	1.0	0.0	0.0	0.0	0.0	1.0	0.0	0.0	0.0	0.0
LOC_Os01g01080	LOC_Os01g01080.1	501	700	20	CDS	CDS	1.0	0.0	0.0	0.0	0.0	1.0	0.0	0.0	0.0	0.0
LOC_Os01g01090	LOC_Os01g01090.1	201	400	1	CDS	CDS	1.0	0.0	0.0	0.0	0.0	1.0	0.0	0.0	0.0	0.0
LOC_Os01g01090	LOC_Os01g01090.1	151	350	2	CDS	CDS	1.0	0.0	0.0	0.0	0.0	1.0	0.0	0.0	0.0	0.0
LOC_Os01g01090	LOC_Os01g01090.1	301	500	3	CDS	CDS	1.0	0.0	0.0	0.0	0.0	1.0	0.0	0.0	0.0	0.0
LOC_Os01g01090	LOC_Os01g01090.1	351	550	4	CDS	CDS	1.0	0.0	0.0	0.0	0.0	1.0	0.0	0.0	0.0	0.0
LOC_Os01g01090	LOC_Os01g01090.1	251	450	5	CDS	CDS	1.0	0.0	0.0	0.0	0.0	1.0	0.0	0.0	0.0	0.0
LOC_Os01g01090	LOC_Os01g01090.1	401	600	6	CDS	CDS	1.0	0.0	0.0	0.0	0.0	1.0	0.0	0.0	0.0	0.0
LOC_Os01g01090	LOC_Os01g01090.1	651	850	7	CDS	CDS	1.0	0.0	0.0	0.0	0.0	1.0	0.0	0.0	0.0	0.0
LOC_Os01g01090	LOC_Os01g01090.1	451	650	8	CDS	CDS	1.0	0.0	0.0	0.0	0.0	1.0	0.0	0.0	0.0	0.0
LOC_Os01g01090	LOC_Os01g01090.1	701	900	9	CDS	CDS	1.0	0.0	0.0	0.0	0.0	1.0	0.0	0.0	0.0	0.0
LOC_Os01g01090	LOC_Os01g01090.1	601	800	10	CDS	CDS	1.0	0.0	0.0	0.0	0.0	1.0	0.0	0.0	0.0	0.0
LOC_Os01g01090	LOC_Os01g01090.1	751	950	11	CDS	CDS	1.0	0.0	0.0	0.0	0.0	1.0	0.0	0.0	0.0	0.0
LOC_Os01g01090	LOC_Os01g01090.1	1651	1850	12	CDS	CDS	1.0	0.0	0.0	0.0	0.0	1.0	0.0	0.0	0.0	0.0
LOC_Os01g01090	LOC_Os01g01090.1	101	300	13	CDS	CDS	1.0	0.0	0.0	0.0	0.0	1.0	0.0	0.0	0.0	0.0
LOC_Os01g01090	LOC_Os01g01090.1	1701	1900	14	CDS	CDS	1.0	0.0	0.0	0.0	0.0	1.0	0.0	0.0	0.0	0.0
LOC_Os01g01090	LOC_Os01g01090.1	1251	1450	15	CDS	CDS	1.0	0.0	0.0	0.0	0.0	1.0	0.0	0.0	0.0	0.0
LOC_Os01g01090	LOC_Os01g01090.1	2001	2200	16	CDS	CDS	1.0	0.0	0.0	0.0	0.0	1.0	0.0	0.0	0.0	0.0
LOC_Os01g01090	LOC_Os01g01090.1	1151	1350	17	CDS	CDS	1.0	0.0	0.0	0.0	0.0	1.0	0.0	0.0	0.0	0.0
LOC_Os01g01090	LOC_Os01g01090.1	1801	2000	18	CDS	CDS	1.0	0.0	0.0	0.0	0.0	1.0	0.0	0.0	0.0	0.0
LOC_Os01g01090	LOC_Os01g01090.1	1551	1750	19	CDS	CDS	1.0	0.0	0.0	0.0	0.0	1.0	0.0	0.0	0.0	0.0
LOC_Os01g01090	LOC_Os01g01090.1	551	750	20	CDS	CDS	1.0	0.0	0.0	0.0	0.0	1.0	0.0	0.0	0.0	0.0
LOC_Os01g01100	LOC_Os01g01100.1	2851	3050	1	CDS	CDS	1.0	0.0	0.0	0.0	0.0	1.0	0.0	0.0	0.0	0.0
LOC_Os01g01100	LOC_Os01g01100.1	3251	3450	2	CDS	CDS	1.0	0.0	0.0	0.0	0.0	1.0	0.0	0.0	0.0	0.0
LOC_Os01g01100	LOC_Os01g01100.1	3301	3500	3	CDS	CDS	1.0	0.0	0.0	0.0	0.0	1.0	0.0	0.0	0.0	0.0
LOC_Os01g01100	LOC_Os01g01100.1	1951	2150	4	CDS	CDS	1.0	0.0	0.0	0.0	0.0	1.0	0.0	0.0	0.0	0.0
LOC_Os01g01100	LOC_Os01g01100.1	3001	3200	5	CDS	CDS	1.0	0.0	0.0	0.0	0.0	1.0	0.0	0.0	0.0	0.0
LOC_Os01g01100	LOC_Os01g01100.1	2901	3100	6	CDS	CDS	1.0	0.0	0.0	0.0	0.0	1.0	0.0	0.0	0.0	0.0
LOC_Os01g01100	LOC_Os01g01100.1	3051	3250	7	CDS	CDS	1.0	0.0	0.0	0.0	0.0	1.0	0.0	0.0	0.0	0.0
LOC_Os01g01100	LOC_Os01g01100.1	1301	1500	8	CDS	CDS	1.0	0.0	0.0	0.0	0.0	1.0	0.0	0.0	0.0	0.0
LOC_Os01g01100	LOC_Os01g01100.1	3818	4017	9	CDS	CDS	1.0	0.0	0.0	0.0	0.0	1.0	0.0	0.0	0.0	0.0
LOC_Os01g01100	LOC_Os01g01100.1	2951	3150	10	CDS	CDS	1.0	0.0	0.0	0.0	0.0	1.0	0.0	0.0	0.0	0.0
LOC_Os01g01100	LOC_Os01g01100.1	3751	3950	11	CDS	CDS	1.0	0.0	0.0	0.0	0.0	1.0	0.0	0.0	0.0	0.0
LOC_Os01g01100	LOC_Os01g01100.1	2001	2200	12	CDS	CDS	1.0	0.0	0.0	0.0	0.0	1.0	0.0	0.0	0.0	0.0
LOC_Os01g01100	LOC_Os01g01100.1	1401	1600	13	CDS	CDS	1.0	0.0	0.0	0.0	0.0	1.0	0.0	0.0	0.0	0.0
LOC_Os01g01100	LOC_Os01g01100.1	2501	2700	14	CDS	CDS	1.0	0.0	0.0	0.0	0.0	1.0	0.0	0.0	0.0	0.0
LOC_Os01g01100	LOC_Os01g01100.1	2551	2750	15	CDS	CDS	1.0	0.0	0.0	0.0	0.0	1.0	0.0	0.0	0.0	0.0
LOC_Os01g01100	LOC_Os01g01100.1	1351	1550	16	CDS	CDS	1.0	0.0	0.0	0.0	0.0	1.0	0.0	0.0	0.0	0.0
LOC_Os01g01100	LOC_Os01g01100.1	2801	3000	17	CDS	CDS	1.0	0.0	0.0	0.0	0.0	1.0	0.0	0.0	0.0	0.0
LOC_Os01g01100	LOC_Os01g01100.1	1201	1400	18	CDS	CDS	1.0	0.0	0.0	0.0	0.0	1.0	0.0	0.0	0.0	0.0
LOC_Os01g01100	LOC_Os01g01100.1	3801	4000	19	CDS	CDS	1.0	0.0	0.0	0.0	0.0	1.0	0.0	0.0	0.0	0.0
LOC_Os01g01100	LOC_Os01g01100.1	2601	2800	20	CDS	CDS	1.0	0.0	0.0	0.0	0.0	1.0	0.0	0.0	0.0	0.0
LOC_Os01g01110	LOC_Os01g01110.1	651	850	1	CDS	CDS	1.0	0.0	0.0	0.0	0.0	1.0	0.0	0.0	0.0	0.0
LOC_Os01g01110	LOC_Os01g01110.1	51	250	2	CDS	CDS	1.0	0.0	0.0	0.0	0.0	1.0	0.0	0.0	0.0	0.0
LOC_Os01g01110	LOC_Os01g01110.1	692	891	3	CDS	CDS	1.0	0.0	0.0	0.0	0.0	1.0	0.0	0.0	0.0	0.0
LOC_Os01g01110	LOC_Os01g01110.1	151	350	4	CDS	CDS	1.0	0.0	0.0	0.0	0.0	1.0	0.0	0.0	0.0	0.0
LOC_Os01g01110	LOC_Os01g01110.1	101	300	5	CDS	CDS	1.0	0.0	0.0	0.0	0.0	1.0	0.0	0.0	0.0	0.0
LOC_Os01g01110	LOC_Os01g01110.1	1	200	6	CDS	CDS	1.0	0.0	0.0	0.0	0.0	1.0	0.0	0.0	0.0	0.0
LOC_Os01g01110	LOC_Os01g01110.1	601	800	7	CDS	CDS	1.0	0.0	0.0	0.0	0.0	1.0	0.0	0.0	0.0	0.0
LOC_Os01g01110	LOC_Os01g01110.1	201	400	8	CDS	CDS	1.0	0.0	0.0	0.0	0.0	1.0	0.0	0.0	0.0	0.0
LOC_Os01g01110	LOC_Os01g01110.1	501	700	9	CDS	CDS	1.0	0.0	0.0	0.0	0.0	1.0	0.0	0.0	0.0	0.0
LOC_Os01g01110	LOC_Os01g01110.1	451	650	10	CDS	CDS	1.0	0.0	0.0	0.0	0.0	1.0	0.0	0.0	0.0	0.0
LOC_Os01g01110	LOC_Os01g01110.1	551	750	11	CDS	CDS	1.0	0.0	0.0	0.0	0.0	1.0	0.0	0.0	0.0	0.0
LOC_Os01g01110	LOC_Os01g01110.1	351	550	12	CDS	CDS	1.0	0.0	0.0	0.0	0.0	1.0	0.0	0.0	0.0	0.0
LOC_Os01g01110	LOC_Os01g01110.1	401	600	13	CDS	CDS	1.0	0.0	0.0	0.0	0.0	1.0	0.0	0.0	0.0	0.0
LOC_Os01g01110	LOC_Os01g01110.1	301	500	14	CDS	CDS	1.0	0.0	0.0	0.0	0.0	1.0	0.0	0.0	0.0	0.0
LOC_Os01g01110	LOC_Os01g01110.1	251	450	15	CDS	CDS	1.0	0.0	0.0	0.0	0.0	1.0	0.0	0.0	0.0	0.0
LOC_Os01g01115	LOC_Os01g01115.1	1651	1850	1	CDS	CDS	1.0	0.0	0.0	0.0	0.0	1.0	0.0	0.0	0.0	0.0
LOC_Os01g01115	LOC_Os01g01115.1	1601	1800	2	CDS	CDS	1.0	0.0	0.0	0.0	0.0	1.0	0.0	0.0	0.0	0.0
LOC_Os01g01115	LOC_Os01g01115.1	1701	1900	3	CDS	CDS	1.0	0.0	0.0	0.0	0.0	1.0	0.0	0.0	0.0	0.0
LOC_Os01g01115	LOC_Os01g01115.1	1751	1950	4	CDS	CDS	1.0	0.0	0.0	0.0	0.0	1.0	0.0	0.0	0.0	0.0
LOC_Os01g01115	LOC_Os01g01115.1	1001	1200	5	CDS	CDS	1.0	0.0	0.0	0.0	0.0	1.0	0.0	0.0	0.0	0.0
LOC_Os01g01115	LOC_Os01g01115.1	1551	1750	6	CDS	CDS	1.0	0.0	0.0	0.0	0.0	1.0	0.0	0.0	0.0	0.0
LOC_Os01g01115	LOC_Os01g01115.1	1101	1300	7	CDS	CDS	1.0	0.0	0.0	0.0	0.0	1.0	0.0	0.0	0.0	0.0
LOC_Os01g01115	LOC_Os01g01115.1	1051	1250	8	CDS	CDS	1.0	0.0	0.0	0.0	0.0	1.0	0.0	0.0	0.0	0.0
LOC_Os01g01115	LOC_Os01g01115.1	1501	1700	9	CDS	CDS	1.0	0.0	0.0	0.0	0.0	1.0	0.0	0.0	0.0	0.0
LOC_Os01g01115	LOC_Os01g01115.1	1251	1450	10	CDS	CDS	1.0	0.0	0.0	0.0	0.0	1.0	0.0	0.0	0.0	0.0
LOC_Os01g01115	LOC_Os01g01115.1	351	550	11	CDS	CDS	1.0	0.0	0.0	0.0	0.0	1.0	0.0	0.0	0.0	0.0
LOC_Os01g01115	LOC_Os01g01115.1	501	700	12	CDS	CDS	1.0	0.0	0.0	0.0	0.0	1.0	0.0	0.0	0.0	0.0
LOC_Os01g01115	LOC_Os01g01115.1	401	600	13	CDS	CDS	1.0	0.0	0.0	0.0	0.0	1.0	0.0	0.0	0.0	0.0
LOC_Os01g01115	LOC_Os01g01115.1	1151	1350	14	CDS	CDS	1.0	0.0	0.0	0.0	0.0	1.0	0.0	0.0	0.0	0.0
LOC_Os01g01115	LOC_Os01g01115.1	701	900	15	CDS	CDS	1.0	0.0	0.0	0.0	0.0	1.0	0.0	0.0	0.0	0.0
LOC_Os01g01115	LOC_Os01g01115.1	1901	2100	16	CDS	CDS	1.0	0.0	0.0	0.0	0.0	1.0	0.0	0.0	0.0	0.0
LOC_Os01g01115	LOC_Os01g01115.1	951	1150	17	CDS	CDS	1.0	0.0	0.0	0.0	0.0	1.0	0.0	0.0	0.0	0.0
LOC_Os01g01115	LOC_Os01g01115.1	651	850	18	CDS	CDS	1.0	0.0	0.0	0.0	0.0	1.0	0.0	0.0	0.0	0.0
LOC_Os01g01115	LOC_Os01g01115.1	1201	1400	19	CDS	CDS	1.0	0.0	0.0	0.0	0.0	1.0	0.0	0.0	0.0	0.0
LOC_Os01g01115	LOC_Os01g01115.1	551	750	20	CDS	CDS	1.0	0.0	0.0	0.0	0.0	1.0	0.0	0.0	0.0	0.0
LOC_Os01g01120	LOC_Os01g01120.1	1007	1206	1	unknown	3UTR	0.0	0.0	0.0	0.0	1.0	0.0	0.0	1.0	0.0	0.0
LOC_Os01g01120	LOC_Os01g01120.1	1001	1200	2	unknown	3UTR	0.0	0.0	0.0	0.0	1.0	0.0	0.0	1.0	0.0	0.0
LOC_Os01g01120	LOC_Os01g01120.1	951	1150	3	CDS	3UTR	1.0	0.0	0.0	0.0	0.0	0.0	0.0	1.0	0.0	0.0
LOC_Os01g01120	LOC_Os01g01120.1	801	1000	4	CDS	CDS	1.0	0.0	0.0	0.0	0.0	1.0	0.0	0.0	0.0	0.0
LOC_Os01g01120	LOC_Os01g01120.1	901	1100	5	CDS	3UTR	1.0	0.0	0.0	0.0	0.0	0.0	0.0	1.0	0.0	0.0
LOC_Os01g01120	LOC_Os01g01120.1	851	1050	6	CDS	CDS	1.0	0.0	0.0	0.0	0.0	1.0	0.0	0.0	0.0	0.0
LOC_Os01g01120	LOC_Os01g01120.1	751	950	7	CDS	CDS	1.0	0.0	0.0	0.0	0.0	1.0	0.0	0.0	0.0	0.0
LOC_Os01g01120	LOC_Os01g01120.1	701	900	8	CDS	CDS	1.0	0.0	0.0	0.0	0.0	1.0	0.0	0.0	0.0	0.0
LOC_Os01g01120	LOC_Os01g01120.1	51	250	9	CDS	CDS	1.0	0.0	0.0	0.0	0.0	1.0	0.0	0.0	0.0	0.0
LOC_Os01g01120	LOC_Os01g01120.1	651	850	10	CDS	CDS	1.0	0.0	0.0	0.0	0.0	1.0	0.0	0.0	0.0	0.0
LOC_Os01g01120	LOC_Os01g01120.1	1	200	11	CDS	CDS	1.0	0.0	0.0	0.0	0.0	1.0	0.0	0.0	0.0	0.0
LOC_Os01g01120	LOC_Os01g01120.1	601	800	12	CDS	CDS	1.0	0.0	0.0	0.0	0.0	1.0	0.0	0.0	0.0	0.0
LOC_Os01g01120	LOC_Os01g01120.1	501	700	13	CDS	CDS	1.0	0.0	0.0	0.0	0.0	1.0	0.0	0.0	0.0	0.0
LOC_Os01g01120	LOC_Os01g01120.1	301	500	14	CDS	CDS	1.0	0.0	0.0	0.0	0.0	1.0	0.0	0.0	0.0	0.0
LOC_Os01g01120	LOC_Os01g01120.1	251	450	15	CDS	CDS	1.0	0.0	0.0	0.0	0.0	1.0	0.0	0.0	0.0	0.0
LOC_Os01g01120	LOC_Os01g01120.1	201	400	16	CDS	CDS	1.0	0.0	0.0	0.0	0.0	1.0	0.0	0.0	0.0	0.0
LOC_Os01g01120	LOC_Os01g01120.1	551	750	17	CDS	CDS	1.0	0.0	0.0	0.0	0.0	1.0	0.0	0.0	0.0	0.0
LOC_Os01g01120	LOC_Os01g01120.1	151	350	18	CDS	CDS	1.0	0.0	0.0	0.0	0.0	1.0	0.0	0.0	0.0	0.0
LOC_Os01g01120	LOC_Os01g01120.1	101	300	19	CDS	CDS	1.0	0.0	0.0	0.0	0.0	1.0	0.0	0.0	0.0	0.0
LOC_Os01g01120	LOC_Os01g01120.1	451	650	20	CDS	CDS	1.0	0.0	0.0	0.0	0.0	1.0	0.0	0.0	0.0	0.0
LOC_Os01g01130	LOC_Os01g01130.1	951	1150	1	CDS	CDS	1.0	0.0	0.0	0.0	0.0	1.0	0.0	0.0	0.0	0.0
LOC_Os01g01130	LOC_Os01g01130.1	1601	1800	2	unknown	3UTR	0.0	0.0	0.0	0.0	1.0	0.0	0.0	1.0	0.0	0.0
LOC_Os01g01130	LOC_Os01g01130.1	801	1000	3	CDS	CDS	1.0	0.0	0.0	0.0	0.0	1.0	0.0	0.0	0.0	0.0
LOC_Os01g01130	LOC_Os01g01130.1	751	950	4	CDS	CDS	1.0	0.0	0.0	0.0	0.0	1.0	0.0	0.0	0.0	0.0
LOC_Os01g01130	LOC_Os01g01130.1	701	900	5	CDS	CDS	1.0	0.0	0.0	0.0	0.0	1.0	0.0	0.0	0.0	0.0
LOC_Os01g01130	LOC_Os01g01130.1	1051	1250	6	CDS	CDS	1.0	0.0	0.0	0.0	0.0	1.0	0.0	0.0	0.0	0.0
LOC_Os01g01130	LOC_Os01g01130.1	1101	1300	7	CDS	CDS	1.0	0.0	0.0	0.0	0.0	1.0	0.0	0.0	0.0	0.0
LOC_Os01g01130	LOC_Os01g01130.1	401	600	8	CDS	CDS	1.0	0.0	0.0	0.0	0.0	1.0	0.0	0.0	0.0	0.0
LOC_Os01g01130	LOC_Os01g01130.1	1551	1750	9	CDS	3UTR	1.0	0.0	0.0	0.0	0.0	0.0	0.0	1.0	0.0	0.0
LOC_Os01g01130	LOC_Os01g01130.1	601	800	10	CDS	CDS	1.0	0.0	0.0	0.0	0.0	1.0	0.0	0.0	0.0	0.0
LOC_Os01g01130	LOC_Os01g01130.1	1151	1350	11	CDS	CDS	1.0	0.0	0.0	0.0	0.0	1.0	0.0	0.0	0.0	0.0
LOC_Os01g01130	LOC_Os01g01130.1	901	1100	12	CDS	CDS	1.0	0.0	0.0	0.0	0.0	1.0	0.0	0.0	0.0	0.0
LOC_Os01g01130	LOC_Os01g01130.1	551	750	13	CDS	CDS	1.0	0.0	0.0	0.0	0.0	1.0	0.0	0.0	0.0	0.0
LOC_Os01g01130	LOC_Os01g01130.1	301	500	14	CDS	CDS	1.0	0.0	0.0	0.0	0.0	1.0	0.0	0.0	0.0	0.0
LOC_Os01g01130	LOC_Os01g01130.1	1001	1200	15	CDS	CDS	1.0	0.0	0.0	0.0	0.0	1.0	0.0	0.0	0.0	0.0
LOC_Os01g01130	LOC_Os01g01130.1	501	700	16	CDS	CDS	1.0	0.0	0.0	0.0	0.0	1.0	0.0	0.0	0.0	0.0
LOC_Os01g01130	LOC_Os01g01130.1	1751	1950	17	unknown	3UTR	0.0	0.0	0.0	0.0	1.0	0.0	0.0	1.0	0.0	0.0
LOC_Os01g01130	LOC_Os01g01130.1	1451	1650	18	CDS	CDS	1.0	0.0	0.0	0.0	0.0	1.0	0.0	0.0	0.0	0.0
LOC_Os01g01130	LOC_Os01g01130.1	451	650	19	CDS	CDS	1.0	0.0	0.0	0.0	0.0	1.0	0.0	0.0	0.0	0.0
LOC_Os01g01130	LOC_Os01g01130.1	351	550	20	CDS	CDS	1.0	0.0	0.0	0.0	0.0	1.0	0.0	0.0	0.0	0.0
LOC_Os01g01140	LOC_Os01g01140.1	1	200	1	CDS	CDS	1.0	0.0	0.0	0.0	0.0	1.0	0.0	0.0	0.0	0.0
LOC_Os01g01140	LOC_Os01g01140.1	151	350	2	CDS	CDS	1.0	0.0	0.0	0.0	0.0	1.0	0.0	0.0	0.0	0.0
LOC_Os01g01140	LOC_Os01g01140.1	51	250	3	CDS	CDS	1.0	0.0	0.0	0.0	0.0	1.0	0.0	0.0	0.0	0.0
LOC_Os01g01140	LOC_Os01g01140.1	101	300	4	CDS	CDS	1.0	0.0	0.0	0.0	0.0	1.0	0.0	0.0	0.0	0.0
LOC_Os01g01140	LOC_Os01g01140.1	194	393	5	CDS	CDS	1.0	0.0	0.0	0.0	0.0	1.0	0.0	0.0	0.0	0.0
LOC_Os01g01150	LOC_Os01g01150.2	3651	3850	1	unknown	3UTR	0.0	0.0	0.0	0.0	1.0	0.0	0.0	1.0	0.0	0.0
LOC_Os01g01150	LOC_Os01g01150.3	3651	3850	2	unknown	3UTR	0.0	0.0	0.0	0.0	1.0	0.0	0.0	1.0	0.0	0.0
LOC_Os01g01150	LOC_Os01g01150.2	3301	3500	3	unknown	3UTR	0.0	0.0	0.0	0.0	1.0	0.0	0.0	1.0	0.0	0.0
LOC_Os01g01150	LOC_Os01g01150.3	3301	3500	4	unknown	3UTR	0.0	0.0	0.0	0.0	1.0	0.0	0.0	1.0	0.0	0.0
LOC_Os01g01150	LOC_Os01g01150.1	3401	3600	5	unknown	3UTR	0.0	0.0	0.0	0.0	1.0	0.0	0.0	1.0	0.0	0.0
LOC_Os01g01150	LOC_Os01g01150.1	3451	3650	6	unknown	3UTR	0.0	0.0	0.0	0.0	1.0	0.0	0.0	1.0	0.0	0.0
LOC_Os01g01150	LOC_Os01g01150.2	3351	3550	7	unknown	3UTR	0.0	0.0	0.0	0.0	1.0	0.0	0.0	1.0	0.0	0.0
LOC_Os01g01150	LOC_Os01g01150.3	3351	3550	8	unknown	3UTR	0.0	0.0	0.0	0.0	1.0	0.0	0.0	1.0	0.0	0.0
LOC_Os01g01150	LOC_Os01g01150.2	3251	3450	9	unknown	3UTR	0.0	0.0	0.0	0.0	1.0	0.0	0.0	1.0	0.0	0.0
LOC_Os01g01150	LOC_Os01g01150.3	3251	3450	10	unknown	3UTR	0.0	0.0	0.0	0.0	1.0	0.0	0.0	1.0	0.0	0.0
LOC_Os01g01150	LOC_Os01g01150.1	3351	3550	11	unknown	3UTR	0.0	0.0	0.0	0.0	1.0	0.0	0.0	1.0	0.0	0.0
LOC_Os01g01150	LOC_Os01g01150.1	3251	3450	12	unknown	3UTR	0.0	0.0	0.0	0.0	1.0	0.0	0.0	1.0	0.0	0.0
LOC_Os01g01150	LOC_Os01g01150.3	4404	4603	13	unknown	3UTR	0.0	0.0	0.0	0.0	1.0	0.0	0.0	1.0	0.0	0.0
LOC_Os01g01150	LOC_Os01g01150.2	4201	4400	14	unknown	3UTR	0.0	0.0	0.0	0.0	1.0	0.0	0.0	1.0	0.0	0.0
LOC_Os01g01150	LOC_Os01g01150.3	4301	4500	15	unknown	3UTR	0.0	0.0	0.0	0.0	1.0	0.0	0.0	1.0	0.0	0.0
LOC_Os01g01150	LOC_Os01g01150.3	4401	4600	16	unknown	3UTR	0.0	0.0	0.0	0.0	1.0	0.0	0.0	1.0	0.0	0.0
LOC_Os01g01150	LOC_Os01g01150.1	3501	3700	17	unknown	3UTR	0.0	0.0	0.0	0.0	1.0	0.0	0.0	1.0	0.0	0.0
LOC_Os01g01150	LOC_Os01g01150.3	4251	4450	18	unknown	3UTR	0.0	0.0	0.0	0.0	1.0	0.0	0.0	1.0	0.0	0.0
LOC_Os01g01150	LOC_Os01g01150.2	4151	4350	19	unknown	3UTR	0.0	0.0	0.0	0.0	1.0	0.0	0.0	1.0	0.0	0.0
LOC_Os01g01150	LOC_Os01g01150.2	3401	3600	20	unknown	3UTR	0.0	0.0	0.0	0.0	1.0	0.0	0.0	1.0	0.0	0.0
LOC_Os01g01160	LOC_Os01g01160.1	891	1090	1	unknown	3UTR	0.0	0.0	0.0	0.0	1.0	0.0	0.0	1.0	0.0	0.0
LOC_Os01g01160	LOC_Os01g01160.1	651	850	2	CDS	3UTR	1.0	0.0	0.0	0.0	0.0	0.0	0.0	1.0	0.0	0.0
LOC_Os01g01160	LOC_Os01g01160.1	701	900	3	unknown	3UTR	0.0	0.0	0.0	0.0	1.0	0.0	0.0	1.0	0.0	0.0
LOC_Os01g01160	LOC_Os01g01160.1	751	950	4	unknown	3UTR	0.0	0.0	0.0	0.0	1.0	0.0	0.0	1.0	0.0	0.0
LOC_Os01g01160	LOC_Os01g01160.1	801	1000	5	unknown	3UTR	0.0	0.0	0.0	0.0	1.0	0.0	0.0	1.0	0.0	0.0
LOC_Os01g01160	LOC_Os01g01160.1	851	1050	6	unknown	3UTR	0.0	0.0	0.0	0.0	1.0	0.0	0.0	1.0	0.0	0.0
LOC_Os01g01160	LOC_Os01g01160.1	601	800	7	CDS	3UTR	1.0	0.0	0.0	0.0	0.0	0.0	0.0	1.0	0.0	0.0
LOC_Os01g01160	LOC_Os01g01160.1	101	300	8	CDS	CDS	1.0	0.0	0.0	0.0	0.0	1.0	0.0	0.0	0.0	0.0
LOC_Os01g01160	LOC_Os01g01160.1	51	250	9	CDS	CDS	1.0	0.0	0.0	0.0	0.0	1.0	0.0	0.0	0.0	0.0
LOC_Os01g01160	LOC_Os01g01160.1	151	350	10	CDS	CDS	1.0	0.0	0.0	0.0	0.0	1.0	0.0	0.0	0.0	0.0
LOC_Os01g01160	LOC_Os01g01160.1	1	200	11	CDS	CDS	1.0	0.0	0.0	0.0	0.0	1.0	0.0	0.0	0.0	0.0
LOC_Os01g01160	LOC_Os01g01160.1	201	400	12	CDS	CDS	1.0	0.0	0.0	0.0	0.0	1.0	0.0	0.0	0.0	0.0
LOC_Os01g01160	LOC_Os01g01160.1	251	450	13	CDS	CDS	1.0	0.0	0.0	0.0	0.0	1.0	0.0	0.0	0.0	0.0
LOC_Os01g01160	LOC_Os01g01160.1	551	750	14	CDS	CDS	1.0	0.0	0.0	0.0	0.0	1.0	0.0	0.0	0.0	0.0
LOC_Os01g01160	LOC_Os01g01160.1	301	500	15	CDS	CDS	1.0	0.0	0.0	0.0	0.0	1.0	0.0	0.0	0.0	0.0
LOC_Os01g01160	LOC_Os01g01160.1	351	550	16	CDS	CDS	1.0	0.0	0.0	0.0	0.0	1.0	0.0	0.0	0.0	0.0
LOC_Os01g01160	LOC_Os01g01160.1	501	700	17	CDS	CDS	1.0	0.0	0.0	0.0	0.0	1.0	0.0	0.0	0.0	0.0
LOC_Os01g01160	LOC_Os01g01160.1	451	650	18	CDS	CDS	1.0	0.0	0.0	0.0	0.0	1.0	0.0	0.0	0.0	0.0
LOC_Os01g01160	LOC_Os01g01160.1	401	600	19	CDS	CDS	1.0	0.0	0.0	0.0	0.0	1.0	0.0	0.0	0.0	0.0
LOC_Os01g01170	LOC_Os01g01170.1	2135	2334	1	unknown	3UTR	0.0	0.0	0.0	0.0	1.0	0.0	0.0	1.0	0.0	0.0
LOC_Os01g01170	LOC_Os01g01170.1	1251	1450	2	CDS	CDS	1.0	0.0	0.0	0.0	0.0	1.0	0.0	0.0	0.0	0.0
LOC_Os01g01170	LOC_Os01g01170.1	1301	1500	3	CDS	CDS	1.0	0.0	0.0	0.0	0.0	1.0	0.0	0.0	0.0	0.0
LOC_Os01g01170	LOC_Os01g01170.1	2101	2300	4	unknown	3UTR	0.0	0.0	0.0	0.0	1.0	0.0	0.0	1.0	0.0	0.0
LOC_Os01g01170	LOC_Os01g01170.1	1201	1400	5	CDS	CDS	1.0	0.0	0.0	0.0	0.0	1.0	0.0	0.0	0.0	0.0
LOC_Os01g01170	LOC_Os01g01170.1	1551	1750	6	CDS	CDS	1.0	0.0	0.0	0.0	0.0	1.0	0.0	0.0	0.0	0.0
LOC_Os01g01170	LOC_Os01g01170.1	1651	1850	7	CDS	CDS	1.0	0.0	0.0	0.0	0.0	1.0	0.0	0.0	0.0	0.0
LOC_Os01g01170	LOC_Os01g01170.1	1501	1700	8	CDS	CDS	1.0	0.0	0.0	0.0	0.0	1.0	0.0	0.0	0.0	0.0
LOC_Os01g01170	LOC_Os01g01170.1	1151	1350	9	CDS	CDS	1.0	0.0	0.0	0.0	0.0	1.0	0.0	0.0	0.0	0.0
LOC_Os01g01170	LOC_Os01g01170.1	601	800	10	CDS	CDS	1.0	0.0	0.0	0.0	0.0	1.0	0.0	0.0	0.0	0.0
LOC_Os01g01170	LOC_Os01g01170.1	1051	1250	11	CDS	CDS	1.0	0.0	0.0	0.0	0.0	1.0	0.0	0.0	0.0	0.0
LOC_Os01g01170	LOC_Os01g01170.1	2001	2200	12	CDS	3UTR	1.0	0.0	0.0	0.0	0.0	0.0	0.0	1.0	0.0	0.0
LOC_Os01g01170	LOC_Os01g01170.1	1601	1800	13	CDS	CDS	1.0	0.0	0.0	0.0	0.0	1.0	0.0	0.0	0.0	0.0
LOC_Os01g01170	LOC_Os01g01170.1	1951	2150	14	CDS	CDS	1.0	0.0	0.0	0.0	0.0	1.0	0.0	0.0	0.0	0.0
LOC_Os01g01170	LOC_Os01g01170.1	1101	1300	15	CDS	CDS	1.0	0.0	0.0	0.0	0.0	1.0	0.0	0.0	0.0	0.0
LOC_Os01g01170	LOC_Os01g01170.1	2051	2250	16	CDS	3UTR	1.0	0.0	0.0	0.0	0.0	0.0	0.0	1.0	0.0	0.0
LOC_Os01g01170	LOC_Os01g01170.1	1701	1900	17	CDS	CDS	1.0	0.0	0.0	0.0	0.0	1.0	0.0	0.0	0.0	0.0
LOC_Os01g01170	LOC_Os01g01170.1	1351	1550	18	CDS	CDS	1.0	0.0	0.0	0.0	0.0	1.0	0.0	0.0	0.0	0.0
LOC_Os01g01170	LOC_Os01g01170.1	501	700	19	CDS	CDS	1.0	0.0	0.0	0.0	0.0	1.0	0.0	0.0	0.0	0.0
LOC_Os01g01170	LOC_Os01g01170.1	551	750	20	CDS	CDS	1.0	0.0	0.0	0.0	0.0	1.0	0.0	0.0	0.0	0.0
LOC_Os01g01180	LOC_Os01g01180.1	1	200	1	CDS	CDS	1.0	0.0	0.0	0.0	0.0	1.0	0.0	0.0	0.0	0.0
LOC_Os01g01180	LOC_Os01g01180.1	20	219	2	CDS	CDS	1.0	0.0	0.0	0.0	0.0	1.0	0.0	0.0	0.0	0.0
LOC_Os01g01190	LOC_Os01g01190.1	1651	1850	1	CDS	3UTR	1.0	0.0	0.0	0.0	0.0	0.0	0.0	1.0	0.0	0.0
LOC_Os01g01190	LOC_Os01g01190.1	1670	1869	2	CDS	3UTR	1.0	0.0	0.0	0.0	0.0	0.0	0.0	1.0	0.0	0.0
LOC_Os01g01190	LOC_Os01g01190.1	1601	1800	3	CDS	3UTR	1.0	0.0	0.0	0.0	0.0	0.0	0.0	1.0	0.0	0.0
LOC_Os01g01190	LOC_Os01g01190.1	1	200	4	CDS	CDS	1.0	0.0	0.0	0.0	0.0	1.0	0.0	0.0	0.0	0.0
LOC_Os01g01190	LOC_Os01g01190.1	1551	1750	5	CDS	CDS	1.0	0.0	0.0	0.0	0.0	1.0	0.0	0.0	0.0	0.0
LOC_Os01g01190	LOC_Os01g01190.1	1051	1250	6	CDS	CDS	1.0	0.0	0.0	0.0	0.0	1.0	0.0	0.0	0.0	0.0
LOC_Os01g01190	LOC_Os01g01190.1	401	600	7	CDS	CDS	1.0	0.0	0.0	0.0	0.0	1.0	0.0	0.0	0.0	0.0
LOC_Os01g01190	LOC_Os01g01190.1	451	650	8	CDS	CDS	1.0	0.0	0.0	0.0	0.0	1.0	0.0	0.0	0.0	0.0
LOC_Os01g01190	LOC_Os01g01190.1	1001	1200	9	CDS	CDS	1.0	0.0	0.0	0.0	0.0	1.0	0.0	0.0	0.0	0.0
LOC_Os01g01190	LOC_Os01g01190.1	1501	1700	10	CDS	CDS	1.0	0.0	0.0	0.0	0.0	1.0	0.0	0.0	0.0	0.0
LOC_Os01g01190	LOC_Os01g01190.1	151	350	11	CDS	CDS	1.0	0.0	0.0	0.0	0.0	1.0	0.0	0.0	0.0	0.0
LOC_Os01g01190	LOC_Os01g01190.1	51	250	12	CDS	CDS	1.0	0.0	0.0	0.0	0.0	1.0	0.0	0.0	0.0	0.0
LOC_Os01g01190	LOC_Os01g01190.1	951	1150	13	CDS	CDS	1.0	0.0	0.0	0.0	0.0	1.0	0.0	0.0	0.0	0.0
LOC_Os01g01190	LOC_Os01g01190.1	101	300	14	CDS	CDS	1.0	0.0	0.0	0.0	0.0	1.0	0.0	0.0	0.0	0.0
LOC_Os01g01190	LOC_Os01g01190.1	701	900	15	CDS	CDS	1.0	0.0	0.0	0.0	0.0	1.0	0.0	0.0	0.0	0.0
LOC_Os01g01190	LOC_Os01g01190.1	551	750	16	CDS	CDS	1.0	0.0	0.0	0.0	0.0	1.0	0.0	0.0	0.0	0.0
LOC_Os01g01190	LOC_Os01g01190.1	1151	1350	17	CDS	CDS	1.0	0.0	0.0	0.0	0.0	1.0	0.0	0.0	0.0	0.0
LOC_Os01g01190	LOC_Os01g01190.1	1101	1300	18	CDS	CDS	1.0	0.0	0.0	0.0	0.0	1.0	0.0	0.0	0.0	0.0
LOC_Os01g01190	LOC_Os01g01190.1	501	700	19	CDS	CDS	1.0	0.0	0.0	0.0	0.0	1.0	0.0	0.0	0.0	0.0
LOC_Os01g01190	LOC_Os01g01190.1	1301	1500	20	CDS	CDS	1.0	0.0	0.0	0.0	0.0	1.0	0.0	0.0	0.0	0.0
LOC_Os01g01200	LOC_Os01g01200.1	151	350	1	CDS	CDS	1.0	0.0	0.0	0.0	0.0	1.0	0.0	0.0	0.0	0.0
LOC_Os01g01200	LOC_Os01g01200.1	101	300	2	CDS	CDS	1.0	0.0	0.0	0.0	0.0	1.0	0.0	0.0	0.0	0.0
LOC_Os01g01200	LOC_Os01g01200.1	51	250	3	CDS	CDS	1.0	0.0	0.0	0.0	0.0	1.0	0.0	0.0	0.0	0.0
LOC_Os01g01200	LOC_Os01g01200.1	201	400	4	CDS	CDS	1.0	0.0	0.0	0.0	0.0	1.0	0.0	0.0	0.0	0.0
LOC_Os01g01200	LOC_Os01g01200.1	251	450	5	CDS	CDS	1.0	0.0	0.0	0.0	0.0	1.0	0.0	0.0	0.0	0.0
LOC_Os01g01200	LOC_Os01g01200.1	351	550	6	CDS	CDS	1.0	0.0	0.0	0.0	0.0	1.0	0.0	0.0	0.0	0.0
LOC_Os01g01200	LOC_Os01g01200.1	1601	1800	7	CDS	CDS	1.0	0.0	0.0	0.0	0.0	1.0	0.0	0.0	0.0	0.0
LOC_Os01g01200	LOC_Os01g01200.1	301	500	8	CDS	CDS	1.0	0.0	0.0	0.0	0.0	1.0	0.0	0.0	0.0	0.0
LOC_Os01g01200	LOC_Os01g01200.1	1551	1750	9	CDS	CDS	1.0	0.0	0.0	0.0	0.0	1.0	0.0	0.0	0.0	0.0
LOC_Os01g01200	LOC_Os01g01200.1	1001	1200	10	CDS	CDS	1.0	0.0	0.0	0.0	0.0	1.0	0.0	0.0	0.0	0.0
LOC_Os01g01200	LOC_Os01g01200.1	401	600	11	CDS	CDS	1.0	0.0	0.0	0.0	0.0	1.0	0.0	0.0	0.0	0.0
LOC_Os01g01200	LOC_Os01g01200.1	1651	1850	12	CDS	CDS	1.0	0.0	0.0	0.0	0.0	1.0	0.0	0.0	0.0	0.0
LOC_Os01g01200	LOC_Os01g01200.1	1751	1950	13	CDS	CDS	1.0	0.0	0.0	0.0	0.0	1.0	0.0	0.0	0.0	0.0
LOC_Os01g01200	LOC_Os01g01200.1	1051	1250	14	CDS	CDS	1.0	0.0	0.0	0.0	0.0	1.0	0.0	0.0	0.0	0.0
LOC_Os01g01200	LOC_Os01g01200.1	1701	1900	15	CDS	CDS	1.0	0.0	0.0	0.0	0.0	1.0	0.0	0.0	0.0	0.0
LOC_Os01g01200	LOC_Os01g01200.1	551	750	16	CDS	CDS	1.0	0.0	0.0	0.0	0.0	1.0	0.0	0.0	0.0	0.0
LOC_Os01g01200	LOC_Os01g01200.1	451	650	17	CDS	CDS	1.0	0.0	0.0	0.0	0.0	1.0	0.0	0.0	0.0	0.0
LOC_Os01g01200	LOC_Os01g01200.1	501	700	18	CDS	CDS	1.0	0.0	0.0	0.0	0.0	1.0	0.0	0.0	0.0	0.0
LOC_Os01g01200	LOC_Os01g01200.1	851	1050	19	CDS	CDS	1.0	0.0	0.0	0.0	0.0	1.0	0.0	0.0	0.0	0.0
LOC_Os01g01200	LOC_Os01g01200.1	1251	1450	20	CDS	CDS	1.0	0.0	0.0	0.0	0.0	1.0	0.0	0.0	0.0	0.0
LOC_Os01g01210	LOC_Os01g01210.1	101	300	1	CDS	CDS	1.0	0.0	0.0	0.0	0.0	1.0	0.0	0.0	0.0	0.0
LOC_Os01g01210	LOC_Os01g01210.1	51	250	2	CDS	CDS	1.0	0.0	0.0	0.0	0.0	1.0	0.0	0.0	0.0	0.0
LOC_Os01g01210	LOC_Os01g01210.1	440	639	3	CDS	CDS	1.0	0.0	0.0	0.0	0.0	1.0	0.0	0.0	0.0	0.0
LOC_Os01g01210	LOC_Os01g01210.1	401	600	4	CDS	CDS	1.0	0.0	0.0	0.0	0.0	1.0	0.0	0.0	0.0	0.0
LOC_Os01g01210	LOC_Os01g01210.1	1	200	5	CDS	CDS	1.0	0.0	0.0	0.0	0.0	1.0	0.0	0.0	0.0	0.0
LOC_Os01g01210	LOC_Os01g01210.1	201	400	6	CDS	CDS	1.0	0.0	0.0	0.0	0.0	1.0	0.0	0.0	0.0	0.0
LOC_Os01g01210	LOC_Os01g01210.1	351	550	7	CDS	CDS	1.0	0.0	0.0	0.0	0.0	1.0	0.0	0.0	0.0	0.0
LOC_Os01g01210	LOC_Os01g01210.1	151	350	8	CDS	CDS	1.0	0.0	0.0	0.0	0.0	1.0	0.0	0.0	0.0	0.0
LOC_Os01g01210	LOC_Os01g01210.1	251	450	9	CDS	CDS	1.0	0.0	0.0	0.0	0.0	1.0	0.0	0.0	0.0	0.0
LOC_Os01g01210	LOC_Os01g01210.1	301	500	10	CDS	CDS	1.0	0.0	0.0	0.0	0.0	1.0	0.0	0.0	0.0	0.0
LOC_Os01g01230	LOC_Os01g01230.1	1	200	1	CDS	CDS	1.0	0.0	0.0	0.0	0.0	1.0	0.0	0.0	0.0	0.0
LOC_Os01g01230	LOC_Os01g01230.1	201	400	2	CDS	CDS	1.0	0.0	0.0	0.0	0.0	1.0	0.0	0.0	0.0	0.0
LOC_Os01g01230	LOC_Os01g01230.1	51	250	3	CDS	CDS	1.0	0.0	0.0	0.0	0.0	1.0	0.0	0.0	0.0	0.0
LOC_Os01g01230	LOC_Os01g01230.1	101	300	4	CDS	CDS	1.0	0.0	0.0	0.0	0.0	1.0	0.0	0.0	0.0	0.0
LOC_Os01g01230	LOC_Os01g01230.1	151	350	5	CDS	CDS	1.0	0.0	0.0	0.0	0.0	1.0	0.0	0.0	0.0	0.0
LOC_Os01g01230	LOC_Os01g01230.1	251	450	6	CDS	CDS	1.0	0.0	0.0	0.0	0.0	1.0	0.0	0.0	0.0	0.0
LOC_Os01g01230	LOC_Os01g01230.1	351	550	7	CDS	CDS	1.0	0.0	0.0	0.0	0.0	1.0	0.0	0.0	0.0	0.0
LOC_Os01g01230	LOC_Os01g01230.1	464	663	8	CDS	CDS	1.0	0.0	0.0	0.0	0.0	1.0	0.0	0.0	0.0	0.0
LOC_Os01g01230	LOC_Os01g01230.1	451	650	9	CDS	CDS	1.0	0.0	0.0	0.0	0.0	1.0	0.0	0.0	0.0	0.0
LOC_Os01g01230	LOC_Os01g01230.1	301	500	10	CDS	CDS	1.0	0.0	0.0	0.0	0.0	1.0	0.0	0.0	0.0	0.0
LOC_Os01g01230	LOC_Os01g01230.1	401	600	11	CDS	CDS	1.0	0.0	0.0	0.0	0.0	1.0	0.0	0.0	0.0	0.0
LOC_Os01g01240	LOC_Os01g01240.1	1351	1550	1	CDS	CDS	1.0	0.0	0.0	0.0	0.0	1.0	0.0	0.0	0.0	0.0
LOC_Os01g01240	LOC_Os01g01240.1	1401	1600	2	CDS	CDS	1.0	0.0	0.0	0.0	0.0	1.0	0.0	0.0	0.0	0.0
LOC_Os01g01240	LOC_Os01g01240.1	1451	1650	3	CDS	CDS	1.0	0.0	0.0	0.0	0.0	1.0	0.0	0.0	0.0	0.0
LOC_Os01g01240	LOC_Os01g01240.1	1301	1500	4	CDS	CDS	1.0	0.0	0.0	0.0	0.0	1.0	0.0	0.0	0.0	0.0
LOC_Os01g01240	LOC_Os01g01240.1	3351	3550	5	CDS	CDS	1.0	0.0	0.0	0.0	0.0	1.0	0.0	0.0	0.0	0.0
LOC_Os01g01240	LOC_Os01g01240.1	3651	3850	6	CDS	CDS	1.0	0.0	0.0	0.0	0.0	1.0	0.0	0.0	0.0	0.0
LOC_Os01g01240	LOC_Os01g01240.1	3301	3500	7	CDS	CDS	1.0	0.0	0.0	0.0	0.0	1.0	0.0	0.0	0.0	0.0
LOC_Os01g01240	LOC_Os01g01240.1	3951	4150	8	CDS	CDS	1.0	0.0	0.0	0.0	0.0	1.0	0.0	0.0	0.0	0.0
LOC_Os01g01240	LOC_Os01g01240.1	451	650	9	CDS	CDS	1.0	0.0	0.0	0.0	0.0	1.0	0.0	0.0	0.0	0.0
LOC_Os01g01240	LOC_Os01g01240.1	2701	2900	10	CDS	CDS	1.0	0.0	0.0	0.0	0.0	1.0	0.0	0.0	0.0	0.0
LOC_Os01g01240	LOC_Os01g01240.1	1501	1700	11	CDS	CDS	1.0	0.0	0.0	0.0	0.0	1.0	0.0	0.0	0.0	0.0
LOC_Os01g01240	LOC_Os01g01240.1	351	550	12	CDS	CDS	1.0	0.0	0.0	0.0	0.0	1.0	0.0	0.0	0.0	0.0
LOC_Os01g01240	LOC_Os01g01240.1	4251	4450	13	CDS	CDS	1.0	0.0	0.0	0.0	0.0	1.0	0.0	0.0	0.0	0.0
LOC_Os01g01240	LOC_Os01g01240.1	301	500	14	CDS	CDS	1.0	0.0	0.0	0.0	0.0	1.0	0.0	0.0	0.0	0.0
LOC_Os01g01240	LOC_Os01g01240.1	1251	1450	15	CDS	CDS	1.0	0.0	0.0	0.0	0.0	1.0	0.0	0.0	0.0	0.0
LOC_Os01g01240	LOC_Os01g01240.1	1201	1400	16	CDS	CDS	1.0	0.0	0.0	0.0	0.0	1.0	0.0	0.0	0.0	0.0
LOC_Os01g01240	LOC_Os01g01240.1	1151	1350	17	CDS	CDS	1.0	0.0	0.0	0.0	0.0	1.0	0.0	0.0	0.0	0.0
LOC_Os01g01240	LOC_Os01g01240.1	2801	3000	18	CDS	CDS	1.0	0.0	0.0	0.0	0.0	1.0	0.0	0.0	0.0	0.0
LOC_Os01g01240	LOC_Os01g01240.1	401	600	19	CDS	CDS	1.0	0.0	0.0	0.0	0.0	1.0	0.0	0.0	0.0	0.0
LOC_Os01g01240	LOC_Os01g01240.1	2651	2850	20	CDS	CDS	1.0	0.0	0.0	0.0	0.0	1.0	0.0	0.0	0.0	0.0
LOC_Os01g01250	LOC_Os01g01250.1	951	1150	1	CDS	CDS	1.0	0.0	0.0	0.0	0.0	1.0	0.0	0.0	0.0	0.0
LOC_Os01g01250	LOC_Os01g01250.1	901	1100	2	CDS	CDS	1.0	0.0	0.0	0.0	0.0	1.0	0.0	0.0	0.0	0.0
LOC_Os01g01250	LOC_Os01g01250.1	851	1050	3	CDS	CDS	1.0	0.0	0.0	0.0	0.0	1.0	0.0	0.0	0.0	0.0
LOC_Os01g01250	LOC_Os01g01250.1	151	350	4	CDS	CDS	1.0	0.0	0.0	0.0	0.0	1.0	0.0	0.0	0.0	0.0
LOC_Os01g01250	LOC_Os01g01250.1	301	500	5	CDS	CDS	1.0	0.0	0.0	0.0	0.0	1.0	0.0	0.0	0.0	0.0
LOC_Os01g01250	LOC_Os01g01250.1	1051	1250	6	CDS	CDS	1.0	0.0	0.0	0.0	0.0	1.0	0.0	0.0	0.0	0.0
LOC_Os01g01250	LOC_Os01g01250.1	451	650	7	CDS	CDS	1.0	0.0	0.0	0.0	0.0	1.0	0.0	0.0	0.0	0.0
LOC_Os01g01250	LOC_Os01g01250.1	1001	1200	8	CDS	CDS	1.0	0.0	0.0	0.0	0.0	1.0	0.0	0.0	0.0	0.0
LOC_Os01g01250	LOC_Os01g01250.1	201	400	9	CDS	CDS	1.0	0.0	0.0	0.0	0.0	1.0	0.0	0.0	0.0	0.0
LOC_Os01g01250	LOC_Os01g01250.1	251	450	10	CDS	CDS	1.0	0.0	0.0	0.0	0.0	1.0	0.0	0.0	0.0	0.0
LOC_Os01g01250	LOC_Os01g01250.1	1101	1300	11	CDS	CDS	1.0	0.0	0.0	0.0	0.0	1.0	0.0	0.0	0.0	0.0
LOC_Os01g01250	LOC_Os01g01250.1	401	600	12	CDS	CDS	1.0	0.0	0.0	0.0	0.0	1.0	0.0	0.0	0.0	0.0
LOC_Os01g01250	LOC_Os01g01250.1	101	300	13	CDS	CDS	1.0	0.0	0.0	0.0	0.0	1.0	0.0	0.0	0.0	0.0
LOC_Os01g01250	LOC_Os01g01250.1	801	1000	14	CDS	CDS	1.0	0.0	0.0	0.0	0.0	1.0	0.0	0.0	0.0	0.0
LOC_Os01g01250	LOC_Os01g01250.1	501	700	15	CDS	CDS	1.0	0.0	0.0	0.0	0.0	1.0	0.0	0.0	0.0	0.0
LOC_Os01g01250	LOC_Os01g01250.1	51	250	16	CDS	CDS	1.0	0.0	0.0	0.0	0.0	1.0	0.0	0.0	0.0	0.0
LOC_Os01g01250	LOC_Os01g01250.1	1	200	17	CDS	CDS	1.0	0.0	0.0	0.0	0.0	1.0	0.0	0.0	0.0	0.0
LOC_Os01g01250	LOC_Os01g01250.1	351	550	18	CDS	CDS	1.0	0.0	0.0	0.0	0.0	1.0	0.0	0.0	0.0	0.0
LOC_Os01g01250	LOC_Os01g01250.1	1951	2150	19	CDS	CDS	1.0	0.0	0.0	0.0	0.0	1.0	0.0	0.0	0.0	0.0
LOC_Os01g01250	LOC_Os01g01250.1	1701	1900	20	CDS	CDS	1.0	0.0	0.0	0.0	0.0	1.0	0.0	0.0	0.0	0.0
LOC_Os01g01260	LOC_Os01g01260.1	2751	2950	1	CDS	CDS	1.0	0.0	0.0	0.0	0.0	1.0	0.0	0.0	0.0	0.0
LOC_Os01g01260	LOC_Os01g01260.1	2801	3000	2	CDS	CDS	1.0	0.0	0.0	0.0	0.0	1.0	0.0	0.0	0.0	0.0
LOC_Os01g01260	LOC_Os01g01260.1	4051	4250	3	CDS	CDS	1.0	0.0	0.0	0.0	0.0	1.0	0.0	0.0	0.0	0.0
LOC_Os01g01260	LOC_Os01g01260.1	751	950	4	CDS	CDS	1.0	0.0	0.0	0.0	0.0	1.0	0.0	0.0	0.0	0.0
LOC_Os01g01260	LOC_Os01g01260.1	4101	4300	5	CDS	CDS	1.0	0.0	0.0	0.0	0.0	1.0	0.0	0.0	0.0	0.0
LOC_Os01g01260	LOC_Os01g01260.1	801	1000	6	CDS	CDS	1.0	0.0	0.0	0.0	0.0	1.0	0.0	0.0	0.0	0.0
LOC_Os01g01260	LOC_Os01g01260.1	3451	3650	7	CDS	CDS	1.0	0.0	0.0	0.0	0.0	1.0	0.0	0.0	0.0	0.0
LOC_Os01g01260	LOC_Os01g01260.1	2701	2900	8	CDS	CDS	1.0	0.0	0.0	0.0	0.0	1.0	0.0	0.0	0.0	0.0
LOC_Os01g01260	LOC_Os01g01260.1	4151	4350	9	CDS	CDS	1.0	0.0	0.0	0.0	0.0	1.0	0.0	0.0	0.0	0.0
LOC_Os01g01260	LOC_Os01g01260.1	2651	2850	10	CDS	CDS	1.0	0.0	0.0	0.0	0.0	1.0	0.0	0.0	0.0	0.0
LOC_Os01g01260	LOC_Os01g01260.1	3201	3400	11	CDS	CDS	1.0	0.0	0.0	0.0	0.0	1.0	0.0	0.0	0.0	0.0
LOC_Os01g01260	LOC_Os01g01260.1	4201	4400	12	CDS	CDS	1.0	0.0	0.0	0.0	0.0	1.0	0.0	0.0	0.0	0.0
LOC_Os01g01260	LOC_Os01g01260.1	2851	3050	13	CDS	CDS	1.0	0.0	0.0	0.0	0.0	1.0	0.0	0.0	0.0	0.0
LOC_Os01g01260	LOC_Os01g01260.1	1001	1200	14	CDS	CDS	1.0	0.0	0.0	0.0	0.0	1.0	0.0	0.0	0.0	0.0
LOC_Os01g01260	LOC_Os01g01260.1	1051	1250	15	CDS	CDS	1.0	0.0	0.0	0.0	0.0	1.0	0.0	0.0	0.0	0.0
LOC_Os01g01260	LOC_Os01g01260.1	4001	4200	16	CDS	CDS	1.0	0.0	0.0	0.0	0.0	1.0	0.0	0.0	0.0	0.0
LOC_Os01g01260	LOC_Os01g01260.1	4651	4850	17	CDS	CDS	1.0	0.0	0.0	0.0	0.0	1.0	0.0	0.0	0.0	0.0
LOC_Os01g01260	LOC_Os01g01260.1	3801	4000	18	CDS	CDS	1.0	0.0	0.0	0.0	0.0	1.0	0.0	0.0	0.0	0.0
LOC_Os01g01260	LOC_Os01g01260.1	4751	4950	19	CDS	CDS	1.0	0.0	0.0	0.0	0.0	1.0	0.0	0.0	0.0	0.0
LOC_Os01g01260	LOC_Os01g01260.1	3151	3350	20	CDS	CDS	1.0	0.0	0.0	0.0	0.0	1.0	0.0	0.0	0.0	0.0
LOC_Os01g01270	LOC_Os01g01270.1	451	650	1	CDS	CDS	1.0	0.0	0.0	0.0	0.0	1.0	0.0	0.0	0.0	0.0
LOC_Os01g01270	LOC_Os01g01270.1	501	700	2	CDS	CDS	1.0	0.0	0.0	0.0	0.0	1.0	0.0	0.0	0.0	0.0
LOC_Os01g01270	LOC_Os01g01270.1	551	750	3	CDS	CDS	1.0	0.0	0.0	0.0	0.0	1.0	0.0	0.0	0.0	0.0
LOC_Os01g01270	LOC_Os01g01270.1	2751	2950	4	CDS	CDS	1.0	0.0	0.0	0.0	0.0	1.0	0.0	0.0	0.0	0.0
LOC_Os01g01270	LOC_Os01g01270.1	2701	2900	5	CDS	CDS	1.0	0.0	0.0	0.0	0.0	1.0	0.0	0.0	0.0	0.0
LOC_Os01g01270	LOC_Os01g01270.1	601	800	6	CDS	CDS	1.0	0.0	0.0	0.0	0.0	1.0	0.0	0.0	0.0	0.0
LOC_Os01g01270	LOC_Os01g01270.1	401	600	7	CDS	CDS	1.0	0.0	0.0	0.0	0.0	1.0	0.0	0.0	0.0	0.0
LOC_Os01g01270	LOC_Os01g01270.1	3641	3840	8	CDS	CDS	1.0	0.0	0.0	0.0	0.0	1.0	0.0	0.0	0.0	0.0
LOC_Os01g01270	LOC_Os01g01270.1	1651	1850	9	CDS	CDS	1.0	0.0	0.0	0.0	0.0	1.0	0.0	0.0	0.0	0.0
LOC_Os01g01270	LOC_Os01g01270.1	3551	3750	10	CDS	CDS	1.0	0.0	0.0	0.0	0.0	1.0	0.0	0.0	0.0	0.0
LOC_Os01g01270	LOC_Os01g01270.1	2801	3000	11	CDS	CDS	1.0	0.0	0.0	0.0	0.0	1.0	0.0	0.0	0.0	0.0
LOC_Os01g01270	LOC_Os01g01270.1	1701	1900	12	CDS	CDS	1.0	0.0	0.0	0.0	0.0	1.0	0.0	0.0	0.0	0.0
LOC_Os01g01270	LOC_Os01g01270.1	351	550	13	CDS	CDS	1.0	0.0	0.0	0.0	0.0	1.0	0.0	0.0	0.0	0.0
LOC_Os01g01270	LOC_Os01g01270.1	2051	2250	14	CDS	CDS	1.0	0.0	0.0	0.0	0.0	1.0	0.0	0.0	0.0	0.0
LOC_Os01g01270	LOC_Os01g01270.1	1	200	15	CDS	CDS	1.0	0.0	0.0	0.0	0.0	1.0	0.0	0.0	0.0	0.0
LOC_Os01g01270	LOC_Os01g01270.1	101	300	16	CDS	CDS	1.0	0.0	0.0	0.0	0.0	1.0	0.0	0.0	0.0	0.0
LOC_Os01g01270	LOC_Os01g01270.1	1551	1750	17	CDS	CDS	1.0	0.0	0.0	0.0	0.0	1.0	0.0	0.0	0.0	0.0
LOC_Os01g01270	LOC_Os01g01270.1	2651	2850	18	CDS	CDS	1.0	0.0	0.0	0.0	0.0	1.0	0.0	0.0	0.0	0.0
LOC_Os01g01270	LOC_Os01g01270.1	2501	2700	19	CDS	CDS	1.0	0.0	0.0	0.0	0.0	1.0	0.0	0.0	0.0	0.0
LOC_Os01g01270	LOC_Os01g01270.1	3501	3700	20	CDS	CDS	1.0	0.0	0.0	0.0	0.0	1.0	0.0	0.0	0.0	0.0
LOC_Os01g01280	LOC_Os01g01280.1	1027	1226	1	unknown	3UTR	0.0	0.0	0.0	0.0	1.0	0.0	0.0	1.0	0.0	0.0
LOC_Os01g01280	LOC_Os01g01280.1	951	1150	2	unknown	3UTR	0.0	0.0	0.0	0.0	1.0	0.0	0.0	1.0	0.0	0.0
LOC_Os01g01280	LOC_Os01g01280.1	851	1050	3	unknown	3UTR	0.0	0.0	0.0	0.0	1.0	0.0	0.0	1.0	0.0	0.0
LOC_Os01g01280	LOC_Os01g01280.1	1001	1200	4	unknown	3UTR	0.0	0.0	0.0	0.0	1.0	0.0	0.0	1.0	0.0	0.0
LOC_Os01g01280	LOC_Os01g01280.1	801	1000	5	unknown	3UTR	0.0	0.0	0.0	0.0	1.0	0.0	0.0	1.0	0.0	0.0
LOC_Os01g01280	LOC_Os01g01280.1	901	1100	6	unknown	3UTR	0.0	0.0	0.0	0.0	1.0	0.0	0.0	1.0	0.0	0.0
LOC_Os01g01280	LOC_Os01g01280.1	751	950	7	CDS	3UTR	1.0	0.0	0.0	0.0	0.0	0.0	0.0	1.0	0.0	0.0
LOC_Os01g01280	LOC_Os01g01280.1	51	250	8	CDS	CDS	1.0	0.0	0.0	0.0	0.0	1.0	0.0	0.0	0.0	0.0
LOC_Os01g01280	LOC_Os01g01280.1	701	900	9	CDS	3UTR	1.0	0.0	0.0	0.0	0.0	0.0	0.0	1.0	0.0	0.0
LOC_Os01g01280	LOC_Os01g01280.1	301	500	10	CDS	CDS	1.0	0.0	0.0	0.0	0.0	1.0	0.0	0.0	0.0	0.0
LOC_Os01g01280	LOC_Os01g01280.1	151	350	11	CDS	CDS	1.0	0.0	0.0	0.0	0.0	1.0	0.0	0.0	0.0	0.0
LOC_Os01g01280	LOC_Os01g01280.1	251	450	12	CDS	CDS	1.0	0.0	0.0	0.0	0.0	1.0	0.0	0.0	0.0	0.0
LOC_Os01g01280	LOC_Os01g01280.1	1	200	13	CDS	CDS	1.0	0.0	0.0	0.0	0.0	1.0	0.0	0.0	0.0	0.0
LOC_Os01g01280	LOC_Os01g01280.1	201	400	14	CDS	CDS	1.0	0.0	0.0	0.0	0.0	1.0	0.0	0.0	0.0	0.0
LOC_Os01g01280	LOC_Os01g01280.1	351	550	15	CDS	CDS	1.0	0.0	0.0	0.0	0.0	1.0	0.0	0.0	0.0	0.0
LOC_Os01g01280	LOC_Os01g01280.1	101	300	16	CDS	CDS	1.0	0.0	0.0	0.0	0.0	1.0	0.0	0.0	0.0	0.0
LOC_Os01g01280	LOC_Os01g01280.1	501	700	17	CDS	CDS	1.0	0.0	0.0	0.0	0.0	1.0	0.0	0.0	0.0	0.0
LOC_Os01g01280	LOC_Os01g01280.1	551	750	18	CDS	CDS	1.0	0.0	0.0	0.0	0.0	1.0	0.0	0.0	0.0	0.0
LOC_Os01g01280	LOC_Os01g01280.1	601	800	19	CDS	CDS	1.0	0.0	0.0	0.0	0.0	1.0	0.0	0.0	0.0	0.0
LOC_Os01g01280	LOC_Os01g01280.1	451	650	20	CDS	CDS	1.0	0.0	0.0	0.0	0.0	1.0	0.0	0.0	0.0	0.0
LOC_Os01g01290	LOC_Os01g01290.1	1351	1550	1	CDS	3UTR	1.0	0.0	0.0	0.0	0.0	0.0	0.0	1.0	0.0	0.0
LOC_Os01g01290	LOC_Os01g01290.1	1357	1556	2	CDS	3UTR	1.0	0.0	0.0	0.0	0.0	0.0	0.0	1.0	0.0	0.0
